label,path
glioma,F:\brain tumor detection\data\raw\primary\glioma\glioma_Te-gl_1.jpg
glioma,F:\brain tumor detection\data\raw\primary\glioma\glioma_Te-gl_10.jpg
glioma,F:\brain tumor detection\data\raw\primary\glioma\glioma_Te-gl_100.jpg
glioma,F:\brain tumor detection\data\raw\primary\glioma\glioma_Te-gl_101.jpg
glioma,F:\brain tumor detection\data\raw\primary\glioma\glioma_Te-gl_102.jpg
glioma,F:\brain tumor detection\data\raw\primary\glioma\glioma_Te-gl_103.jpg
glioma,F:\brain tumor detection\data\raw\primary\glioma\glioma_Te-gl_104.jpg
glioma,F:\brain tumor detection\data\raw\primary\glioma\glioma_Te-gl_105.jpg
glioma,F:\brain tumor detection\data\raw\primary\glioma\glioma_Te-gl_106.jpg
glioma,F:\brain tumor detection\data\raw\primary\glioma\glioma_Te-gl_107.jpg
glioma,F:\brain tumor detection\data\raw\primary\glioma\glioma_Te-gl_108.jpg
glioma,F:\brain tumor detection\data\raw\primary\glioma\glioma_Te-gl_109.jpg
glioma,F:\brain tumor detection\data\raw\primary\glioma\glioma_Te-gl_11.jpg
glioma,F:\brain tumor detection\data\raw\primary\glioma\glioma_Te-gl_110.jpg
glioma,F:\brain tumor detection\data\raw\primary\glioma\glioma_Te-gl_111.jpg
glioma,F:\brain tumor detection\data\raw\primary\glioma\glioma_Te-gl_112.jpg
glioma,F:\brain tumor detection\data\raw\primary\glioma\glioma_Te-gl_113.jpg
glioma,F:\brain tumor detection\data\raw\primary\glioma\glioma_Te-gl_114.jpg
glioma,F:\brain tumor detection\data\raw\primary\glioma\glioma_Te-gl_115.jpg
glioma,F:\brain tumor detection\data\raw\primary\glioma\glioma_Te-gl_116.jpg
glioma,F:\brain tumor detection\data\raw\primary\glioma\glioma_Te-gl_117.jpg
glioma,F:\brain tumor detection\data\raw\primary\glioma\glioma_Te-gl_118.jpg
glioma,F:\brain tumor detection\data\raw\primary\glioma\glioma_Te-gl_119.jpg
glioma,F:\brain tumor detection\data\raw\primary\glioma\glioma_Te-gl_12.jpg
glioma,F:\brain tumor detection\data\raw\primary\glioma\glioma_Te-gl_120.jpg
glioma,F:\brain tumor detection\data\raw\primary\glioma\glioma_Te-gl_121.jpg
glioma,F:\brain tumor detection\data\raw\primary\glioma\glioma_Te-gl_122.jpg
glioma,F:\brain tumor detection\data\raw\primary\glioma\glioma_Te-gl_123.jpg
glioma,F:\brain tumor detection\data\raw\primary\glioma\glioma_Te-gl_124.jpg
glioma,F:\brain tumor detection\data\raw\primary\glioma\glioma_Te-gl_125.jpg
glioma,F:\brain tumor detection\data\raw\primary\glioma\glioma_Te-gl_126.jpg
glioma,F:\brain tumor detection\data\raw\primary\glioma\glioma_Te-gl_127.jpg
glioma,F:\brain tumor detection\data\raw\primary\glioma\glioma_Te-gl_128.jpg
glioma,F:\brain tumor detection\data\raw\primary\glioma\glioma_Te-gl_129.jpg
glioma,F:\brain tumor detection\data\raw\primary\glioma\glioma_Te-gl_13.jpg
glioma,F:\brain tumor detection\data\raw\primary\glioma\glioma_Te-gl_130.jpg
glioma,F:\brain tumor detection\data\raw\primary\glioma\glioma_Te-gl_131.jpg
glioma,F:\brain tumor detection\data\raw\primary\glioma\glioma_Te-gl_132.jpg
glioma,F:\brain tumor detection\data\raw\primary\glioma\glioma_Te-gl_133.jpg
glioma,F:\brain tumor detection\data\raw\primary\glioma\glioma_Te-gl_134.jpg
glioma,F:\brain tumor detection\data\raw\primary\glioma\glioma_Te-gl_135.jpg
glioma,F:\brain tumor detection\data\raw\primary\glioma\glioma_Te-gl_136.jpg
glioma,F:\brain tumor detection\data\raw\primary\glioma\glioma_Te-gl_137.jpg
glioma,F:\brain tumor detection\data\raw\primary\glioma\glioma_Te-gl_138.jpg
glioma,F:\brain tumor detection\data\raw\primary\glioma\glioma_Te-gl_139.jpg
glioma,F:\brain tumor detection\data\raw\primary\glioma\glioma_Te-gl_14.jpg
glioma,F:\brain tumor detection\data\raw\primary\glioma\glioma_Te-gl_140.jpg
glioma,F:\brain tumor detection\data\raw\primary\glioma\glioma_Te-gl_141.jpg
glioma,F:\brain tumor detection\data\raw\primary\glioma\glioma_Te-gl_142.jpg
glioma,F:\brain tumor detection\data\raw\primary\glioma\glioma_Te-gl_143.jpg
glioma,F:\brain tumor detection\data\raw\primary\glioma\glioma_Te-gl_144.jpg
glioma,F:\brain tumor detection\data\raw\primary\glioma\glioma_Te-gl_145.jpg
glioma,F:\brain tumor detection\data\raw\primary\glioma\glioma_Te-gl_146.jpg
glioma,F:\brain tumor detection\data\raw\primary\glioma\glioma_Te-gl_147.jpg
glioma,F:\brain tumor detection\data\raw\primary\glioma\glioma_Te-gl_148.jpg
glioma,F:\brain tumor detection\data\raw\primary\glioma\glioma_Te-gl_149.jpg
glioma,F:\brain tumor detection\data\raw\primary\glioma\glioma_Te-gl_15.jpg
glioma,F:\brain tumor detection\data\raw\primary\glioma\glioma_Te-gl_150.jpg
glioma,F:\brain tumor detection\data\raw\primary\glioma\glioma_Te-gl_151.jpg
glioma,F:\brain tumor detection\data\raw\primary\glioma\glioma_Te-gl_152.jpg
glioma,F:\brain tumor detection\data\raw\primary\glioma\glioma_Te-gl_153.jpg
glioma,F:\brain tumor detection\data\raw\primary\glioma\glioma_Te-gl_154.jpg
glioma,F:\brain tumor detection\data\raw\primary\glioma\glioma_Te-gl_155.jpg
glioma,F:\brain tumor detection\data\raw\primary\glioma\glioma_Te-gl_156.jpg
glioma,F:\brain tumor detection\data\raw\primary\glioma\glioma_Te-gl_157.jpg
glioma,F:\brain tumor detection\data\raw\primary\glioma\glioma_Te-gl_158.jpg
glioma,F:\brain tumor detection\data\raw\primary\glioma\glioma_Te-gl_159.jpg
glioma,F:\brain tumor detection\data\raw\primary\glioma\glioma_Te-gl_16.jpg
glioma,F:\brain tumor detection\data\raw\primary\glioma\glioma_Te-gl_160.jpg
glioma,F:\brain tumor detection\data\raw\primary\glioma\glioma_Te-gl_161.jpg
glioma,F:\brain tumor detection\data\raw\primary\glioma\glioma_Te-gl_162.jpg
glioma,F:\brain tumor detection\data\raw\primary\glioma\glioma_Te-gl_163.jpg
glioma,F:\brain tumor detection\data\raw\primary\glioma\glioma_Te-gl_164.jpg
glioma,F:\brain tumor detection\data\raw\primary\glioma\glioma_Te-gl_165.jpg
glioma,F:\brain tumor detection\data\raw\primary\glioma\glioma_Te-gl_166.jpg
glioma,F:\brain tumor detection\data\raw\primary\glioma\glioma_Te-gl_167.jpg
glioma,F:\brain tumor detection\data\raw\primary\glioma\glioma_Te-gl_168.jpg
glioma,F:\brain tumor detection\data\raw\primary\glioma\glioma_Te-gl_169.jpg
glioma,F:\brain tumor detection\data\raw\primary\glioma\glioma_Te-gl_17.jpg
glioma,F:\brain tumor detection\data\raw\primary\glioma\glioma_Te-gl_170.jpg
glioma,F:\brain tumor detection\data\raw\primary\glioma\glioma_Te-gl_171.jpg
glioma,F:\brain tumor detection\data\raw\primary\glioma\glioma_Te-gl_172.jpg
glioma,F:\brain tumor detection\data\raw\primary\glioma\glioma_Te-gl_173.jpg
glioma,F:\brain tumor detection\data\raw\primary\glioma\glioma_Te-gl_174.jpg
glioma,F:\brain tumor detection\data\raw\primary\glioma\glioma_Te-gl_175.jpg
glioma,F:\brain tumor detection\data\raw\primary\glioma\glioma_Te-gl_176.jpg
glioma,F:\brain tumor detection\data\raw\primary\glioma\glioma_Te-gl_177.jpg
glioma,F:\brain tumor detection\data\raw\primary\glioma\glioma_Te-gl_178.jpg
glioma,F:\brain tumor detection\data\raw\primary\glioma\glioma_Te-gl_179.jpg
glioma,F:\brain tumor detection\data\raw\primary\glioma\glioma_Te-gl_18.jpg
glioma,F:\brain tumor detection\data\raw\primary\glioma\glioma_Te-gl_180.jpg
glioma,F:\brain tumor detection\data\raw\primary\glioma\glioma_Te-gl_181.jpg
glioma,F:\brain tumor detection\data\raw\primary\glioma\glioma_Te-gl_182.jpg
glioma,F:\brain tumor detection\data\raw\primary\glioma\glioma_Te-gl_183.jpg
glioma,F:\brain tumor detection\data\raw\primary\glioma\glioma_Te-gl_184.jpg
glioma,F:\brain tumor detection\data\raw\primary\glioma\glioma_Te-gl_185.jpg
glioma,F:\brain tumor detection\data\raw\primary\glioma\glioma_Te-gl_186.jpg
glioma,F:\brain tumor detection\data\raw\primary\glioma\glioma_Te-gl_187.jpg
glioma,F:\brain tumor detection\data\raw\primary\glioma\glioma_Te-gl_188.jpg
glioma,F:\brain tumor detection\data\raw\primary\glioma\glioma_Te-gl_189.jpg
glioma,F:\brain tumor detection\data\raw\primary\glioma\glioma_Te-gl_19.jpg
glioma,F:\brain tumor detection\data\raw\primary\glioma\glioma_Te-gl_190.jpg
glioma,F:\brain tumor detection\data\raw\primary\glioma\glioma_Te-gl_191.jpg
glioma,F:\brain tumor detection\data\raw\primary\glioma\glioma_Te-gl_192.jpg
glioma,F:\brain tumor detection\data\raw\primary\glioma\glioma_Te-gl_193.jpg
glioma,F:\brain tumor detection\data\raw\primary\glioma\glioma_Te-gl_194.jpg
glioma,F:\brain tumor detection\data\raw\primary\glioma\glioma_Te-gl_195.jpg
glioma,F:\brain tumor detection\data\raw\primary\glioma\glioma_Te-gl_196.jpg
glioma,F:\brain tumor detection\data\raw\primary\glioma\glioma_Te-gl_197.jpg
glioma,F:\brain tumor detection\data\raw\primary\glioma\glioma_Te-gl_198.jpg
glioma,F:\brain tumor detection\data\raw\primary\glioma\glioma_Te-gl_199.jpg
glioma,F:\brain tumor detection\data\raw\primary\glioma\glioma_Te-gl_2.jpg
glioma,F:\brain tumor detection\data\raw\primary\glioma\glioma_Te-gl_20.jpg
glioma,F:\brain tumor detection\data\raw\primary\glioma\glioma_Te-gl_200.jpg
glioma,F:\brain tumor detection\data\raw\primary\glioma\glioma_Te-gl_201.jpg
glioma,F:\brain tumor detection\data\raw\primary\glioma\glioma_Te-gl_202.jpg
glioma,F:\brain tumor detection\data\raw\primary\glioma\glioma_Te-gl_203.jpg
glioma,F:\brain tumor detection\data\raw\primary\glioma\glioma_Te-gl_204.jpg
glioma,F:\brain tumor detection\data\raw\primary\glioma\glioma_Te-gl_205.jpg
glioma,F:\brain tumor detection\data\raw\primary\glioma\glioma_Te-gl_206.jpg
glioma,F:\brain tumor detection\data\raw\primary\glioma\glioma_Te-gl_207.jpg
glioma,F:\brain tumor detection\data\raw\primary\glioma\glioma_Te-gl_208.jpg
glioma,F:\brain tumor detection\data\raw\primary\glioma\glioma_Te-gl_209.jpg
glioma,F:\brain tumor detection\data\raw\primary\glioma\glioma_Te-gl_21.jpg
glioma,F:\brain tumor detection\data\raw\primary\glioma\glioma_Te-gl_210.jpg
glioma,F:\brain tumor detection\data\raw\primary\glioma\glioma_Te-gl_211.jpg
glioma,F:\brain tumor detection\data\raw\primary\glioma\glioma_Te-gl_212.jpg
glioma,F:\brain tumor detection\data\raw\primary\glioma\glioma_Te-gl_213.jpg
glioma,F:\brain tumor detection\data\raw\primary\glioma\glioma_Te-gl_214.jpg
glioma,F:\brain tumor detection\data\raw\primary\glioma\glioma_Te-gl_215.jpg
glioma,F:\brain tumor detection\data\raw\primary\glioma\glioma_Te-gl_216.jpg
glioma,F:\brain tumor detection\data\raw\primary\glioma\glioma_Te-gl_217.jpg
glioma,F:\brain tumor detection\data\raw\primary\glioma\glioma_Te-gl_218.jpg
glioma,F:\brain tumor detection\data\raw\primary\glioma\glioma_Te-gl_219.jpg
glioma,F:\brain tumor detection\data\raw\primary\glioma\glioma_Te-gl_22.jpg
glioma,F:\brain tumor detection\data\raw\primary\glioma\glioma_Te-gl_220.jpg
glioma,F:\brain tumor detection\data\raw\primary\glioma\glioma_Te-gl_221.jpg
glioma,F:\brain tumor detection\data\raw\primary\glioma\glioma_Te-gl_222.jpg
glioma,F:\brain tumor detection\data\raw\primary\glioma\glioma_Te-gl_223.jpg
glioma,F:\brain tumor detection\data\raw\primary\glioma\glioma_Te-gl_224.jpg
glioma,F:\brain tumor detection\data\raw\primary\glioma\glioma_Te-gl_225.jpg
glioma,F:\brain tumor detection\data\raw\primary\glioma\glioma_Te-gl_226.jpg
glioma,F:\brain tumor detection\data\raw\primary\glioma\glioma_Te-gl_227.jpg
glioma,F:\brain tumor detection\data\raw\primary\glioma\glioma_Te-gl_228.jpg
glioma,F:\brain tumor detection\data\raw\primary\glioma\glioma_Te-gl_229.jpg
glioma,F:\brain tumor detection\data\raw\primary\glioma\glioma_Te-gl_23.jpg
glioma,F:\brain tumor detection\data\raw\primary\glioma\glioma_Te-gl_230.jpg
glioma,F:\brain tumor detection\data\raw\primary\glioma\glioma_Te-gl_231.jpg
glioma,F:\brain tumor detection\data\raw\primary\glioma\glioma_Te-gl_232.jpg
glioma,F:\brain tumor detection\data\raw\primary\glioma\glioma_Te-gl_233.jpg
glioma,F:\brain tumor detection\data\raw\primary\glioma\glioma_Te-gl_234.jpg
glioma,F:\brain tumor detection\data\raw\primary\glioma\glioma_Te-gl_235.jpg
glioma,F:\brain tumor detection\data\raw\primary\glioma\glioma_Te-gl_236.jpg
glioma,F:\brain tumor detection\data\raw\primary\glioma\glioma_Te-gl_237.jpg
glioma,F:\brain tumor detection\data\raw\primary\glioma\glioma_Te-gl_238.jpg
glioma,F:\brain tumor detection\data\raw\primary\glioma\glioma_Te-gl_239.jpg
glioma,F:\brain tumor detection\data\raw\primary\glioma\glioma_Te-gl_24.jpg
glioma,F:\brain tumor detection\data\raw\primary\glioma\glioma_Te-gl_240.jpg
glioma,F:\brain tumor detection\data\raw\primary\glioma\glioma_Te-gl_241.jpg
glioma,F:\brain tumor detection\data\raw\primary\glioma\glioma_Te-gl_242.jpg
glioma,F:\brain tumor detection\data\raw\primary\glioma\glioma_Te-gl_243.jpg
glioma,F:\brain tumor detection\data\raw\primary\glioma\glioma_Te-gl_244.jpg
glioma,F:\brain tumor detection\data\raw\primary\glioma\glioma_Te-gl_245.jpg
glioma,F:\brain tumor detection\data\raw\primary\glioma\glioma_Te-gl_246.jpg
glioma,F:\brain tumor detection\data\raw\primary\glioma\glioma_Te-gl_247.jpg
glioma,F:\brain tumor detection\data\raw\primary\glioma\glioma_Te-gl_248.jpg
glioma,F:\brain tumor detection\data\raw\primary\glioma\glioma_Te-gl_249.jpg
glioma,F:\brain tumor detection\data\raw\primary\glioma\glioma_Te-gl_25.jpg
glioma,F:\brain tumor detection\data\raw\primary\glioma\glioma_Te-gl_250.jpg
glioma,F:\brain tumor detection\data\raw\primary\glioma\glioma_Te-gl_251.jpg
glioma,F:\brain tumor detection\data\raw\primary\glioma\glioma_Te-gl_252.jpg
glioma,F:\brain tumor detection\data\raw\primary\glioma\glioma_Te-gl_253.jpg
glioma,F:\brain tumor detection\data\raw\primary\glioma\glioma_Te-gl_254.jpg
glioma,F:\brain tumor detection\data\raw\primary\glioma\glioma_Te-gl_255.jpg
glioma,F:\brain tumor detection\data\raw\primary\glioma\glioma_Te-gl_256.jpg
glioma,F:\brain tumor detection\data\raw\primary\glioma\glioma_Te-gl_257.jpg
glioma,F:\brain tumor detection\data\raw\primary\glioma\glioma_Te-gl_258.jpg
glioma,F:\brain tumor detection\data\raw\primary\glioma\glioma_Te-gl_259.jpg
glioma,F:\brain tumor detection\data\raw\primary\glioma\glioma_Te-gl_26.jpg
glioma,F:\brain tumor detection\data\raw\primary\glioma\glioma_Te-gl_260.jpg
glioma,F:\brain tumor detection\data\raw\primary\glioma\glioma_Te-gl_261.jpg
glioma,F:\brain tumor detection\data\raw\primary\glioma\glioma_Te-gl_262.jpg
glioma,F:\brain tumor detection\data\raw\primary\glioma\glioma_Te-gl_263.jpg
glioma,F:\brain tumor detection\data\raw\primary\glioma\glioma_Te-gl_264.jpg
glioma,F:\brain tumor detection\data\raw\primary\glioma\glioma_Te-gl_265.jpg
glioma,F:\brain tumor detection\data\raw\primary\glioma\glioma_Te-gl_266.jpg
glioma,F:\brain tumor detection\data\raw\primary\glioma\glioma_Te-gl_267.jpg
glioma,F:\brain tumor detection\data\raw\primary\glioma\glioma_Te-gl_268.jpg
glioma,F:\brain tumor detection\data\raw\primary\glioma\glioma_Te-gl_269.jpg
glioma,F:\brain tumor detection\data\raw\primary\glioma\glioma_Te-gl_27.jpg
glioma,F:\brain tumor detection\data\raw\primary\glioma\glioma_Te-gl_270.jpg
glioma,F:\brain tumor detection\data\raw\primary\glioma\glioma_Te-gl_271.jpg
glioma,F:\brain tumor detection\data\raw\primary\glioma\glioma_Te-gl_272.jpg
glioma,F:\brain tumor detection\data\raw\primary\glioma\glioma_Te-gl_273.jpg
glioma,F:\brain tumor detection\data\raw\primary\glioma\glioma_Te-gl_274.jpg
glioma,F:\brain tumor detection\data\raw\primary\glioma\glioma_Te-gl_275.jpg
glioma,F:\brain tumor detection\data\raw\primary\glioma\glioma_Te-gl_276.jpg
glioma,F:\brain tumor detection\data\raw\primary\glioma\glioma_Te-gl_277.jpg
glioma,F:\brain tumor detection\data\raw\primary\glioma\glioma_Te-gl_278.jpg
glioma,F:\brain tumor detection\data\raw\primary\glioma\glioma_Te-gl_279.jpg
glioma,F:\brain tumor detection\data\raw\primary\glioma\glioma_Te-gl_28.jpg
glioma,F:\brain tumor detection\data\raw\primary\glioma\glioma_Te-gl_280.jpg
glioma,F:\brain tumor detection\data\raw\primary\glioma\glioma_Te-gl_281.jpg
glioma,F:\brain tumor detection\data\raw\primary\glioma\glioma_Te-gl_282.jpg
glioma,F:\brain tumor detection\data\raw\primary\glioma\glioma_Te-gl_283.jpg
glioma,F:\brain tumor detection\data\raw\primary\glioma\glioma_Te-gl_284.jpg
glioma,F:\brain tumor detection\data\raw\primary\glioma\glioma_Te-gl_285.jpg
glioma,F:\brain tumor detection\data\raw\primary\glioma\glioma_Te-gl_286.jpg
glioma,F:\brain tumor detection\data\raw\primary\glioma\glioma_Te-gl_287.jpg
glioma,F:\brain tumor detection\data\raw\primary\glioma\glioma_Te-gl_288.jpg
glioma,F:\brain tumor detection\data\raw\primary\glioma\glioma_Te-gl_289.jpg
glioma,F:\brain tumor detection\data\raw\primary\glioma\glioma_Te-gl_29.jpg
glioma,F:\brain tumor detection\data\raw\primary\glioma\glioma_Te-gl_290.jpg
glioma,F:\brain tumor detection\data\raw\primary\glioma\glioma_Te-gl_291.jpg
glioma,F:\brain tumor detection\data\raw\primary\glioma\glioma_Te-gl_292.jpg
glioma,F:\brain tumor detection\data\raw\primary\glioma\glioma_Te-gl_293.jpg
glioma,F:\brain tumor detection\data\raw\primary\glioma\glioma_Te-gl_294.jpg
glioma,F:\brain tumor detection\data\raw\primary\glioma\glioma_Te-gl_295.jpg
glioma,F:\brain tumor detection\data\raw\primary\glioma\glioma_Te-gl_296.jpg
glioma,F:\brain tumor detection\data\raw\primary\glioma\glioma_Te-gl_297.jpg
glioma,F:\brain tumor detection\data\raw\primary\glioma\glioma_Te-gl_298.jpg
glioma,F:\brain tumor detection\data\raw\primary\glioma\glioma_Te-gl_299.jpg
glioma,F:\brain tumor detection\data\raw\primary\glioma\glioma_Te-gl_3.jpg
glioma,F:\brain tumor detection\data\raw\primary\glioma\glioma_Te-gl_30.jpg
glioma,F:\brain tumor detection\data\raw\primary\glioma\glioma_Te-gl_300.jpg
glioma,F:\brain tumor detection\data\raw\primary\glioma\glioma_Te-gl_301.jpg
glioma,F:\brain tumor detection\data\raw\primary\glioma\glioma_Te-gl_302.jpg
glioma,F:\brain tumor detection\data\raw\primary\glioma\glioma_Te-gl_303.jpg
glioma,F:\brain tumor detection\data\raw\primary\glioma\glioma_Te-gl_304.jpg
glioma,F:\brain tumor detection\data\raw\primary\glioma\glioma_Te-gl_305.jpg
glioma,F:\brain tumor detection\data\raw\primary\glioma\glioma_Te-gl_306.jpg
glioma,F:\brain tumor detection\data\raw\primary\glioma\glioma_Te-gl_307.jpg
glioma,F:\brain tumor detection\data\raw\primary\glioma\glioma_Te-gl_308.jpg
glioma,F:\brain tumor detection\data\raw\primary\glioma\glioma_Te-gl_309.jpg
glioma,F:\brain tumor detection\data\raw\primary\glioma\glioma_Te-gl_31.jpg
glioma,F:\brain tumor detection\data\raw\primary\glioma\glioma_Te-gl_310.jpg
glioma,F:\brain tumor detection\data\raw\primary\glioma\glioma_Te-gl_311.jpg
glioma,F:\brain tumor detection\data\raw\primary\glioma\glioma_Te-gl_312.jpg
glioma,F:\brain tumor detection\data\raw\primary\glioma\glioma_Te-gl_313.jpg
glioma,F:\brain tumor detection\data\raw\primary\glioma\glioma_Te-gl_314.jpg
glioma,F:\brain tumor detection\data\raw\primary\glioma\glioma_Te-gl_315.jpg
glioma,F:\brain tumor detection\data\raw\primary\glioma\glioma_Te-gl_316.jpg
glioma,F:\brain tumor detection\data\raw\primary\glioma\glioma_Te-gl_317.jpg
glioma,F:\brain tumor detection\data\raw\primary\glioma\glioma_Te-gl_318.jpg
glioma,F:\brain tumor detection\data\raw\primary\glioma\glioma_Te-gl_319.jpg
glioma,F:\brain tumor detection\data\raw\primary\glioma\glioma_Te-gl_32.jpg
glioma,F:\brain tumor detection\data\raw\primary\glioma\glioma_Te-gl_320.jpg
glioma,F:\brain tumor detection\data\raw\primary\glioma\glioma_Te-gl_321.jpg
glioma,F:\brain tumor detection\data\raw\primary\glioma\glioma_Te-gl_322.jpg
glioma,F:\brain tumor detection\data\raw\primary\glioma\glioma_Te-gl_323.jpg
glioma,F:\brain tumor detection\data\raw\primary\glioma\glioma_Te-gl_324.jpg
glioma,F:\brain tumor detection\data\raw\primary\glioma\glioma_Te-gl_325.jpg
glioma,F:\brain tumor detection\data\raw\primary\glioma\glioma_Te-gl_326.jpg
glioma,F:\brain tumor detection\data\raw\primary\glioma\glioma_Te-gl_327.jpg
glioma,F:\brain tumor detection\data\raw\primary\glioma\glioma_Te-gl_328.jpg
glioma,F:\brain tumor detection\data\raw\primary\glioma\glioma_Te-gl_329.jpg
glioma,F:\brain tumor detection\data\raw\primary\glioma\glioma_Te-gl_33.jpg
glioma,F:\brain tumor detection\data\raw\primary\glioma\glioma_Te-gl_330.jpg
glioma,F:\brain tumor detection\data\raw\primary\glioma\glioma_Te-gl_331.jpg
glioma,F:\brain tumor detection\data\raw\primary\glioma\glioma_Te-gl_332.jpg
glioma,F:\brain tumor detection\data\raw\primary\glioma\glioma_Te-gl_333.jpg
glioma,F:\brain tumor detection\data\raw\primary\glioma\glioma_Te-gl_334.jpg
glioma,F:\brain tumor detection\data\raw\primary\glioma\glioma_Te-gl_335.jpg
glioma,F:\brain tumor detection\data\raw\primary\glioma\glioma_Te-gl_336.jpg
glioma,F:\brain tumor detection\data\raw\primary\glioma\glioma_Te-gl_337.jpg
glioma,F:\brain tumor detection\data\raw\primary\glioma\glioma_Te-gl_338.jpg
glioma,F:\brain tumor detection\data\raw\primary\glioma\glioma_Te-gl_339.jpg
glioma,F:\brain tumor detection\data\raw\primary\glioma\glioma_Te-gl_34.jpg
glioma,F:\brain tumor detection\data\raw\primary\glioma\glioma_Te-gl_340.jpg
glioma,F:\brain tumor detection\data\raw\primary\glioma\glioma_Te-gl_341.jpg
glioma,F:\brain tumor detection\data\raw\primary\glioma\glioma_Te-gl_342.jpg
glioma,F:\brain tumor detection\data\raw\primary\glioma\glioma_Te-gl_343.jpg
glioma,F:\brain tumor detection\data\raw\primary\glioma\glioma_Te-gl_344.jpg
glioma,F:\brain tumor detection\data\raw\primary\glioma\glioma_Te-gl_345.jpg
glioma,F:\brain tumor detection\data\raw\primary\glioma\glioma_Te-gl_346.jpg
glioma,F:\brain tumor detection\data\raw\primary\glioma\glioma_Te-gl_347.jpg
glioma,F:\brain tumor detection\data\raw\primary\glioma\glioma_Te-gl_348.jpg
glioma,F:\brain tumor detection\data\raw\primary\glioma\glioma_Te-gl_349.jpg
glioma,F:\brain tumor detection\data\raw\primary\glioma\glioma_Te-gl_35.jpg
glioma,F:\brain tumor detection\data\raw\primary\glioma\glioma_Te-gl_350.jpg
glioma,F:\brain tumor detection\data\raw\primary\glioma\glioma_Te-gl_351.jpg
glioma,F:\brain tumor detection\data\raw\primary\glioma\glioma_Te-gl_352.jpg
glioma,F:\brain tumor detection\data\raw\primary\glioma\glioma_Te-gl_353.jpg
glioma,F:\brain tumor detection\data\raw\primary\glioma\glioma_Te-gl_354.jpg
glioma,F:\brain tumor detection\data\raw\primary\glioma\glioma_Te-gl_355.jpg
glioma,F:\brain tumor detection\data\raw\primary\glioma\glioma_Te-gl_356.jpg
glioma,F:\brain tumor detection\data\raw\primary\glioma\glioma_Te-gl_357.jpg
glioma,F:\brain tumor detection\data\raw\primary\glioma\glioma_Te-gl_358.jpg
glioma,F:\brain tumor detection\data\raw\primary\glioma\glioma_Te-gl_359.jpg
glioma,F:\brain tumor detection\data\raw\primary\glioma\glioma_Te-gl_36.jpg
glioma,F:\brain tumor detection\data\raw\primary\glioma\glioma_Te-gl_360.jpg
glioma,F:\brain tumor detection\data\raw\primary\glioma\glioma_Te-gl_361.jpg
glioma,F:\brain tumor detection\data\raw\primary\glioma\glioma_Te-gl_362.jpg
glioma,F:\brain tumor detection\data\raw\primary\glioma\glioma_Te-gl_363.jpg
glioma,F:\brain tumor detection\data\raw\primary\glioma\glioma_Te-gl_364.jpg
glioma,F:\brain tumor detection\data\raw\primary\glioma\glioma_Te-gl_365.jpg
glioma,F:\brain tumor detection\data\raw\primary\glioma\glioma_Te-gl_366.jpg
glioma,F:\brain tumor detection\data\raw\primary\glioma\glioma_Te-gl_367.jpg
glioma,F:\brain tumor detection\data\raw\primary\glioma\glioma_Te-gl_368.jpg
glioma,F:\brain tumor detection\data\raw\primary\glioma\glioma_Te-gl_369.jpg
glioma,F:\brain tumor detection\data\raw\primary\glioma\glioma_Te-gl_37.jpg
glioma,F:\brain tumor detection\data\raw\primary\glioma\glioma_Te-gl_370.jpg
glioma,F:\brain tumor detection\data\raw\primary\glioma\glioma_Te-gl_371.jpg
glioma,F:\brain tumor detection\data\raw\primary\glioma\glioma_Te-gl_372.jpg
glioma,F:\brain tumor detection\data\raw\primary\glioma\glioma_Te-gl_373.jpg
glioma,F:\brain tumor detection\data\raw\primary\glioma\glioma_Te-gl_374.jpg
glioma,F:\brain tumor detection\data\raw\primary\glioma\glioma_Te-gl_375.jpg
glioma,F:\brain tumor detection\data\raw\primary\glioma\glioma_Te-gl_376.jpg
glioma,F:\brain tumor detection\data\raw\primary\glioma\glioma_Te-gl_377.jpg
glioma,F:\brain tumor detection\data\raw\primary\glioma\glioma_Te-gl_378.jpg
glioma,F:\brain tumor detection\data\raw\primary\glioma\glioma_Te-gl_379.jpg
glioma,F:\brain tumor detection\data\raw\primary\glioma\glioma_Te-gl_38.jpg
glioma,F:\brain tumor detection\data\raw\primary\glioma\glioma_Te-gl_380.jpg
glioma,F:\brain tumor detection\data\raw\primary\glioma\glioma_Te-gl_381.jpg
glioma,F:\brain tumor detection\data\raw\primary\glioma\glioma_Te-gl_382.jpg
glioma,F:\brain tumor detection\data\raw\primary\glioma\glioma_Te-gl_383.jpg
glioma,F:\brain tumor detection\data\raw\primary\glioma\glioma_Te-gl_384.jpg
glioma,F:\brain tumor detection\data\raw\primary\glioma\glioma_Te-gl_385.jpg
glioma,F:\brain tumor detection\data\raw\primary\glioma\glioma_Te-gl_386.jpg
glioma,F:\brain tumor detection\data\raw\primary\glioma\glioma_Te-gl_387.jpg
glioma,F:\brain tumor detection\data\raw\primary\glioma\glioma_Te-gl_388.jpg
glioma,F:\brain tumor detection\data\raw\primary\glioma\glioma_Te-gl_389.jpg
glioma,F:\brain tumor detection\data\raw\primary\glioma\glioma_Te-gl_39.jpg
glioma,F:\brain tumor detection\data\raw\primary\glioma\glioma_Te-gl_390.jpg
glioma,F:\brain tumor detection\data\raw\primary\glioma\glioma_Te-gl_391.jpg
glioma,F:\brain tumor detection\data\raw\primary\glioma\glioma_Te-gl_392.jpg
glioma,F:\brain tumor detection\data\raw\primary\glioma\glioma_Te-gl_393.jpg
glioma,F:\brain tumor detection\data\raw\primary\glioma\glioma_Te-gl_394.jpg
glioma,F:\brain tumor detection\data\raw\primary\glioma\glioma_Te-gl_395.jpg
glioma,F:\brain tumor detection\data\raw\primary\glioma\glioma_Te-gl_396.jpg
glioma,F:\brain tumor detection\data\raw\primary\glioma\glioma_Te-gl_397.jpg
glioma,F:\brain tumor detection\data\raw\primary\glioma\glioma_Te-gl_398.jpg
glioma,F:\brain tumor detection\data\raw\primary\glioma\glioma_Te-gl_399.jpg
glioma,F:\brain tumor detection\data\raw\primary\glioma\glioma_Te-gl_4.jpg
glioma,F:\brain tumor detection\data\raw\primary\glioma\glioma_Te-gl_40.jpg
glioma,F:\brain tumor detection\data\raw\primary\glioma\glioma_Te-gl_400.jpg
glioma,F:\brain tumor detection\data\raw\primary\glioma\glioma_Te-gl_41.jpg
glioma,F:\brain tumor detection\data\raw\primary\glioma\glioma_Te-gl_42.jpg
glioma,F:\brain tumor detection\data\raw\primary\glioma\glioma_Te-gl_43.jpg
glioma,F:\brain tumor detection\data\raw\primary\glioma\glioma_Te-gl_44.jpg
glioma,F:\brain tumor detection\data\raw\primary\glioma\glioma_Te-gl_45.jpg
glioma,F:\brain tumor detection\data\raw\primary\glioma\glioma_Te-gl_46.jpg
glioma,F:\brain tumor detection\data\raw\primary\glioma\glioma_Te-gl_47.jpg
glioma,F:\brain tumor detection\data\raw\primary\glioma\glioma_Te-gl_48.jpg
glioma,F:\brain tumor detection\data\raw\primary\glioma\glioma_Te-gl_49.jpg
glioma,F:\brain tumor detection\data\raw\primary\glioma\glioma_Te-gl_5.jpg
glioma,F:\brain tumor detection\data\raw\primary\glioma\glioma_Te-gl_50.jpg
glioma,F:\brain tumor detection\data\raw\primary\glioma\glioma_Te-gl_51.jpg
glioma,F:\brain tumor detection\data\raw\primary\glioma\glioma_Te-gl_52.jpg
glioma,F:\brain tumor detection\data\raw\primary\glioma\glioma_Te-gl_53.jpg
glioma,F:\brain tumor detection\data\raw\primary\glioma\glioma_Te-gl_54.jpg
glioma,F:\brain tumor detection\data\raw\primary\glioma\glioma_Te-gl_55.jpg
glioma,F:\brain tumor detection\data\raw\primary\glioma\glioma_Te-gl_56.jpg
glioma,F:\brain tumor detection\data\raw\primary\glioma\glioma_Te-gl_57.jpg
glioma,F:\brain tumor detection\data\raw\primary\glioma\glioma_Te-gl_58.jpg
glioma,F:\brain tumor detection\data\raw\primary\glioma\glioma_Te-gl_59.jpg
glioma,F:\brain tumor detection\data\raw\primary\glioma\glioma_Te-gl_6.jpg
glioma,F:\brain tumor detection\data\raw\primary\glioma\glioma_Te-gl_60.jpg
glioma,F:\brain tumor detection\data\raw\primary\glioma\glioma_Te-gl_61.jpg
glioma,F:\brain tumor detection\data\raw\primary\glioma\glioma_Te-gl_62.jpg
glioma,F:\brain tumor detection\data\raw\primary\glioma\glioma_Te-gl_63.jpg
glioma,F:\brain tumor detection\data\raw\primary\glioma\glioma_Te-gl_64.jpg
glioma,F:\brain tumor detection\data\raw\primary\glioma\glioma_Te-gl_65.jpg
glioma,F:\brain tumor detection\data\raw\primary\glioma\glioma_Te-gl_66.jpg
glioma,F:\brain tumor detection\data\raw\primary\glioma\glioma_Te-gl_67.jpg
glioma,F:\brain tumor detection\data\raw\primary\glioma\glioma_Te-gl_68.jpg
glioma,F:\brain tumor detection\data\raw\primary\glioma\glioma_Te-gl_69.jpg
glioma,F:\brain tumor detection\data\raw\primary\glioma\glioma_Te-gl_7.jpg
glioma,F:\brain tumor detection\data\raw\primary\glioma\glioma_Te-gl_70.jpg
glioma,F:\brain tumor detection\data\raw\primary\glioma\glioma_Te-gl_71.jpg
glioma,F:\brain tumor detection\data\raw\primary\glioma\glioma_Te-gl_72.jpg
glioma,F:\brain tumor detection\data\raw\primary\glioma\glioma_Te-gl_73.jpg
glioma,F:\brain tumor detection\data\raw\primary\glioma\glioma_Te-gl_74.jpg
glioma,F:\brain tumor detection\data\raw\primary\glioma\glioma_Te-gl_75.jpg
glioma,F:\brain tumor detection\data\raw\primary\glioma\glioma_Te-gl_76.jpg
glioma,F:\brain tumor detection\data\raw\primary\glioma\glioma_Te-gl_77.jpg
glioma,F:\brain tumor detection\data\raw\primary\glioma\glioma_Te-gl_78.jpg
glioma,F:\brain tumor detection\data\raw\primary\glioma\glioma_Te-gl_79.jpg
glioma,F:\brain tumor detection\data\raw\primary\glioma\glioma_Te-gl_8.jpg
glioma,F:\brain tumor detection\data\raw\primary\glioma\glioma_Te-gl_80.jpg
glioma,F:\brain tumor detection\data\raw\primary\glioma\glioma_Te-gl_81.jpg
glioma,F:\brain tumor detection\data\raw\primary\glioma\glioma_Te-gl_82.jpg
glioma,F:\brain tumor detection\data\raw\primary\glioma\glioma_Te-gl_83.jpg
glioma,F:\brain tumor detection\data\raw\primary\glioma\glioma_Te-gl_84.jpg
glioma,F:\brain tumor detection\data\raw\primary\glioma\glioma_Te-gl_85.jpg
glioma,F:\brain tumor detection\data\raw\primary\glioma\glioma_Te-gl_86.jpg
glioma,F:\brain tumor detection\data\raw\primary\glioma\glioma_Te-gl_87.jpg
glioma,F:\brain tumor detection\data\raw\primary\glioma\glioma_Te-gl_88.jpg
glioma,F:\brain tumor detection\data\raw\primary\glioma\glioma_Te-gl_89.jpg
glioma,F:\brain tumor detection\data\raw\primary\glioma\glioma_Te-gl_9.jpg
glioma,F:\brain tumor detection\data\raw\primary\glioma\glioma_Te-gl_90.jpg
glioma,F:\brain tumor detection\data\raw\primary\glioma\glioma_Te-gl_91.jpg
glioma,F:\brain tumor detection\data\raw\primary\glioma\glioma_Te-gl_92.jpg
glioma,F:\brain tumor detection\data\raw\primary\glioma\glioma_Te-gl_93.jpg
glioma,F:\brain tumor detection\data\raw\primary\glioma\glioma_Te-gl_94.jpg
glioma,F:\brain tumor detection\data\raw\primary\glioma\glioma_Te-gl_95.jpg
glioma,F:\brain tumor detection\data\raw\primary\glioma\glioma_Te-gl_96.jpg
glioma,F:\brain tumor detection\data\raw\primary\glioma\glioma_Te-gl_97.jpg
glioma,F:\brain tumor detection\data\raw\primary\glioma\glioma_Te-gl_98.jpg
glioma,F:\brain tumor detection\data\raw\primary\glioma\glioma_Te-gl_99.jpg
meningioma,F:\brain tumor detection\data\raw\primary\meningioma\meningioma_Te-aug-me_1.jpg
meningioma,F:\brain tumor detection\data\raw\primary\meningioma\meningioma_Te-aug-me_10.jpg
meningioma,F:\brain tumor detection\data\raw\primary\meningioma\meningioma_Te-aug-me_100.jpg
meningioma,F:\brain tumor detection\data\raw\primary\meningioma\meningioma_Te-aug-me_101.jpg
meningioma,F:\brain tumor detection\data\raw\primary\meningioma\meningioma_Te-aug-me_102.jpg
meningioma,F:\brain tumor detection\data\raw\primary\meningioma\meningioma_Te-aug-me_103.jpg
meningioma,F:\brain tumor detection\data\raw\primary\meningioma\meningioma_Te-aug-me_11.jpg
meningioma,F:\brain tumor detection\data\raw\primary\meningioma\meningioma_Te-aug-me_12.jpg
meningioma,F:\brain tumor detection\data\raw\primary\meningioma\meningioma_Te-aug-me_13.jpg
meningioma,F:\brain tumor detection\data\raw\primary\meningioma\meningioma_Te-aug-me_14.jpg
meningioma,F:\brain tumor detection\data\raw\primary\meningioma\meningioma_Te-aug-me_15.jpg
meningioma,F:\brain tumor detection\data\raw\primary\meningioma\meningioma_Te-aug-me_16.jpg
meningioma,F:\brain tumor detection\data\raw\primary\meningioma\meningioma_Te-aug-me_17.jpg
meningioma,F:\brain tumor detection\data\raw\primary\meningioma\meningioma_Te-aug-me_18.jpg
meningioma,F:\brain tumor detection\data\raw\primary\meningioma\meningioma_Te-aug-me_19.jpg
meningioma,F:\brain tumor detection\data\raw\primary\meningioma\meningioma_Te-aug-me_2.jpg
meningioma,F:\brain tumor detection\data\raw\primary\meningioma\meningioma_Te-aug-me_20.jpg
meningioma,F:\brain tumor detection\data\raw\primary\meningioma\meningioma_Te-aug-me_21.jpg
meningioma,F:\brain tumor detection\data\raw\primary\meningioma\meningioma_Te-aug-me_22.jpg
meningioma,F:\brain tumor detection\data\raw\primary\meningioma\meningioma_Te-aug-me_23.jpg
meningioma,F:\brain tumor detection\data\raw\primary\meningioma\meningioma_Te-aug-me_24.jpg
meningioma,F:\brain tumor detection\data\raw\primary\meningioma\meningioma_Te-aug-me_25.jpg
meningioma,F:\brain tumor detection\data\raw\primary\meningioma\meningioma_Te-aug-me_26.jpg
meningioma,F:\brain tumor detection\data\raw\primary\meningioma\meningioma_Te-aug-me_27.jpg
meningioma,F:\brain tumor detection\data\raw\primary\meningioma\meningioma_Te-aug-me_28.jpg
meningioma,F:\brain tumor detection\data\raw\primary\meningioma\meningioma_Te-aug-me_29.jpg
meningioma,F:\brain tumor detection\data\raw\primary\meningioma\meningioma_Te-aug-me_3.jpg
meningioma,F:\brain tumor detection\data\raw\primary\meningioma\meningioma_Te-aug-me_30.jpg
meningioma,F:\brain tumor detection\data\raw\primary\meningioma\meningioma_Te-aug-me_31.jpg
meningioma,F:\brain tumor detection\data\raw\primary\meningioma\meningioma_Te-aug-me_32.jpg
meningioma,F:\brain tumor detection\data\raw\primary\meningioma\meningioma_Te-aug-me_33.jpg
meningioma,F:\brain tumor detection\data\raw\primary\meningioma\meningioma_Te-aug-me_34.jpg
meningioma,F:\brain tumor detection\data\raw\primary\meningioma\meningioma_Te-aug-me_35.jpg
meningioma,F:\brain tumor detection\data\raw\primary\meningioma\meningioma_Te-aug-me_36.jpg
meningioma,F:\brain tumor detection\data\raw\primary\meningioma\meningioma_Te-aug-me_37.jpg
meningioma,F:\brain tumor detection\data\raw\primary\meningioma\meningioma_Te-aug-me_38.jpg
meningioma,F:\brain tumor detection\data\raw\primary\meningioma\meningioma_Te-aug-me_39.jpg
meningioma,F:\brain tumor detection\data\raw\primary\meningioma\meningioma_Te-aug-me_4.jpg
meningioma,F:\brain tumor detection\data\raw\primary\meningioma\meningioma_Te-aug-me_40.jpg
meningioma,F:\brain tumor detection\data\raw\primary\meningioma\meningioma_Te-aug-me_41.jpg
meningioma,F:\brain tumor detection\data\raw\primary\meningioma\meningioma_Te-aug-me_42.jpg
meningioma,F:\brain tumor detection\data\raw\primary\meningioma\meningioma_Te-aug-me_43.jpg
meningioma,F:\brain tumor detection\data\raw\primary\meningioma\meningioma_Te-aug-me_44.jpg
meningioma,F:\brain tumor detection\data\raw\primary\meningioma\meningioma_Te-aug-me_45.jpg
meningioma,F:\brain tumor detection\data\raw\primary\meningioma\meningioma_Te-aug-me_46.jpg
meningioma,F:\brain tumor detection\data\raw\primary\meningioma\meningioma_Te-aug-me_47.jpg
meningioma,F:\brain tumor detection\data\raw\primary\meningioma\meningioma_Te-aug-me_48.jpg
meningioma,F:\brain tumor detection\data\raw\primary\meningioma\meningioma_Te-aug-me_49.jpg
meningioma,F:\brain tumor detection\data\raw\primary\meningioma\meningioma_Te-aug-me_5.jpg
meningioma,F:\brain tumor detection\data\raw\primary\meningioma\meningioma_Te-aug-me_50.jpg
meningioma,F:\brain tumor detection\data\raw\primary\meningioma\meningioma_Te-aug-me_51.jpg
meningioma,F:\brain tumor detection\data\raw\primary\meningioma\meningioma_Te-aug-me_52.jpg
meningioma,F:\brain tumor detection\data\raw\primary\meningioma\meningioma_Te-aug-me_53.jpg
meningioma,F:\brain tumor detection\data\raw\primary\meningioma\meningioma_Te-aug-me_54.jpg
meningioma,F:\brain tumor detection\data\raw\primary\meningioma\meningioma_Te-aug-me_55.jpg
meningioma,F:\brain tumor detection\data\raw\primary\meningioma\meningioma_Te-aug-me_56.jpg
meningioma,F:\brain tumor detection\data\raw\primary\meningioma\meningioma_Te-aug-me_57.jpg
meningioma,F:\brain tumor detection\data\raw\primary\meningioma\meningioma_Te-aug-me_58.jpg
meningioma,F:\brain tumor detection\data\raw\primary\meningioma\meningioma_Te-aug-me_59.jpg
meningioma,F:\brain tumor detection\data\raw\primary\meningioma\meningioma_Te-aug-me_6.jpg
meningioma,F:\brain tumor detection\data\raw\primary\meningioma\meningioma_Te-aug-me_60.jpg
meningioma,F:\brain tumor detection\data\raw\primary\meningioma\meningioma_Te-aug-me_61.jpg
meningioma,F:\brain tumor detection\data\raw\primary\meningioma\meningioma_Te-aug-me_62.jpg
meningioma,F:\brain tumor detection\data\raw\primary\meningioma\meningioma_Te-aug-me_63.jpg
meningioma,F:\brain tumor detection\data\raw\primary\meningioma\meningioma_Te-aug-me_64.jpg
meningioma,F:\brain tumor detection\data\raw\primary\meningioma\meningioma_Te-aug-me_65.jpg
meningioma,F:\brain tumor detection\data\raw\primary\meningioma\meningioma_Te-aug-me_66.jpg
meningioma,F:\brain tumor detection\data\raw\primary\meningioma\meningioma_Te-aug-me_67.jpg
meningioma,F:\brain tumor detection\data\raw\primary\meningioma\meningioma_Te-aug-me_68.jpg
meningioma,F:\brain tumor detection\data\raw\primary\meningioma\meningioma_Te-aug-me_69.jpg
meningioma,F:\brain tumor detection\data\raw\primary\meningioma\meningioma_Te-aug-me_7.jpg
meningioma,F:\brain tumor detection\data\raw\primary\meningioma\meningioma_Te-aug-me_70.jpg
meningioma,F:\brain tumor detection\data\raw\primary\meningioma\meningioma_Te-aug-me_71.jpg
meningioma,F:\brain tumor detection\data\raw\primary\meningioma\meningioma_Te-aug-me_72.jpg
meningioma,F:\brain tumor detection\data\raw\primary\meningioma\meningioma_Te-aug-me_73.jpg
meningioma,F:\brain tumor detection\data\raw\primary\meningioma\meningioma_Te-aug-me_74.jpg
meningioma,F:\brain tumor detection\data\raw\primary\meningioma\meningioma_Te-aug-me_75.jpg
meningioma,F:\brain tumor detection\data\raw\primary\meningioma\meningioma_Te-aug-me_76.jpg
meningioma,F:\brain tumor detection\data\raw\primary\meningioma\meningioma_Te-aug-me_77.jpg
meningioma,F:\brain tumor detection\data\raw\primary\meningioma\meningioma_Te-aug-me_78.jpg
meningioma,F:\brain tumor detection\data\raw\primary\meningioma\meningioma_Te-aug-me_79.jpg
meningioma,F:\brain tumor detection\data\raw\primary\meningioma\meningioma_Te-aug-me_8.jpg
meningioma,F:\brain tumor detection\data\raw\primary\meningioma\meningioma_Te-aug-me_80.jpg
meningioma,F:\brain tumor detection\data\raw\primary\meningioma\meningioma_Te-aug-me_81.jpg
meningioma,F:\brain tumor detection\data\raw\primary\meningioma\meningioma_Te-aug-me_82.jpg
meningioma,F:\brain tumor detection\data\raw\primary\meningioma\meningioma_Te-aug-me_83.jpg
meningioma,F:\brain tumor detection\data\raw\primary\meningioma\meningioma_Te-aug-me_84.jpg
meningioma,F:\brain tumor detection\data\raw\primary\meningioma\meningioma_Te-aug-me_85.jpg
meningioma,F:\brain tumor detection\data\raw\primary\meningioma\meningioma_Te-aug-me_86.jpg
meningioma,F:\brain tumor detection\data\raw\primary\meningioma\meningioma_Te-aug-me_87.jpg
meningioma,F:\brain tumor detection\data\raw\primary\meningioma\meningioma_Te-aug-me_88.jpg
meningioma,F:\brain tumor detection\data\raw\primary\meningioma\meningioma_Te-aug-me_89.jpg
meningioma,F:\brain tumor detection\data\raw\primary\meningioma\meningioma_Te-aug-me_9.jpg
meningioma,F:\brain tumor detection\data\raw\primary\meningioma\meningioma_Te-aug-me_90.jpg
meningioma,F:\brain tumor detection\data\raw\primary\meningioma\meningioma_Te-aug-me_91.jpg
meningioma,F:\brain tumor detection\data\raw\primary\meningioma\meningioma_Te-aug-me_92.jpg
meningioma,F:\brain tumor detection\data\raw\primary\meningioma\meningioma_Te-aug-me_93.jpg
meningioma,F:\brain tumor detection\data\raw\primary\meningioma\meningioma_Te-aug-me_94.jpg
meningioma,F:\brain tumor detection\data\raw\primary\meningioma\meningioma_Te-aug-me_95.jpg
meningioma,F:\brain tumor detection\data\raw\primary\meningioma\meningioma_Te-aug-me_96.jpg
meningioma,F:\brain tumor detection\data\raw\primary\meningioma\meningioma_Te-aug-me_97.jpg
meningioma,F:\brain tumor detection\data\raw\primary\meningioma\meningioma_Te-aug-me_98.jpg
meningioma,F:\brain tumor detection\data\raw\primary\meningioma\meningioma_Te-aug-me_99.jpg
meningioma,F:\brain tumor detection\data\raw\primary\meningioma\meningioma_Te-me_1.jpg
meningioma,F:\brain tumor detection\data\raw\primary\meningioma\meningioma_Te-me_10.jpg
meningioma,F:\brain tumor detection\data\raw\primary\meningioma\meningioma_Te-me_100.jpg
meningioma,F:\brain tumor detection\data\raw\primary\meningioma\meningioma_Te-me_101.jpg
meningioma,F:\brain tumor detection\data\raw\primary\meningioma\meningioma_Te-me_102.jpg
meningioma,F:\brain tumor detection\data\raw\primary\meningioma\meningioma_Te-me_103.jpg
meningioma,F:\brain tumor detection\data\raw\primary\meningioma\meningioma_Te-me_104.jpg
meningioma,F:\brain tumor detection\data\raw\primary\meningioma\meningioma_Te-me_105.jpg
meningioma,F:\brain tumor detection\data\raw\primary\meningioma\meningioma_Te-me_106.jpg
meningioma,F:\brain tumor detection\data\raw\primary\meningioma\meningioma_Te-me_107.jpg
meningioma,F:\brain tumor detection\data\raw\primary\meningioma\meningioma_Te-me_108.jpg
meningioma,F:\brain tumor detection\data\raw\primary\meningioma\meningioma_Te-me_109.jpg
meningioma,F:\brain tumor detection\data\raw\primary\meningioma\meningioma_Te-me_11.jpg
meningioma,F:\brain tumor detection\data\raw\primary\meningioma\meningioma_Te-me_110.jpg
meningioma,F:\brain tumor detection\data\raw\primary\meningioma\meningioma_Te-me_111.jpg
meningioma,F:\brain tumor detection\data\raw\primary\meningioma\meningioma_Te-me_112.jpg
meningioma,F:\brain tumor detection\data\raw\primary\meningioma\meningioma_Te-me_113.jpg
meningioma,F:\brain tumor detection\data\raw\primary\meningioma\meningioma_Te-me_114.jpg
meningioma,F:\brain tumor detection\data\raw\primary\meningioma\meningioma_Te-me_115.jpg
meningioma,F:\brain tumor detection\data\raw\primary\meningioma\meningioma_Te-me_116.jpg
meningioma,F:\brain tumor detection\data\raw\primary\meningioma\meningioma_Te-me_117.jpg
meningioma,F:\brain tumor detection\data\raw\primary\meningioma\meningioma_Te-me_118.jpg
meningioma,F:\brain tumor detection\data\raw\primary\meningioma\meningioma_Te-me_119.jpg
meningioma,F:\brain tumor detection\data\raw\primary\meningioma\meningioma_Te-me_12.jpg
meningioma,F:\brain tumor detection\data\raw\primary\meningioma\meningioma_Te-me_120.jpg
meningioma,F:\brain tumor detection\data\raw\primary\meningioma\meningioma_Te-me_121.jpg
meningioma,F:\brain tumor detection\data\raw\primary\meningioma\meningioma_Te-me_122.jpg
meningioma,F:\brain tumor detection\data\raw\primary\meningioma\meningioma_Te-me_123.jpg
meningioma,F:\brain tumor detection\data\raw\primary\meningioma\meningioma_Te-me_124.jpg
meningioma,F:\brain tumor detection\data\raw\primary\meningioma\meningioma_Te-me_125.jpg
meningioma,F:\brain tumor detection\data\raw\primary\meningioma\meningioma_Te-me_126.jpg
meningioma,F:\brain tumor detection\data\raw\primary\meningioma\meningioma_Te-me_127.jpg
meningioma,F:\brain tumor detection\data\raw\primary\meningioma\meningioma_Te-me_128.jpg
meningioma,F:\brain tumor detection\data\raw\primary\meningioma\meningioma_Te-me_129.jpg
meningioma,F:\brain tumor detection\data\raw\primary\meningioma\meningioma_Te-me_13.jpg
meningioma,F:\brain tumor detection\data\raw\primary\meningioma\meningioma_Te-me_130.jpg
meningioma,F:\brain tumor detection\data\raw\primary\meningioma\meningioma_Te-me_131.jpg
meningioma,F:\brain tumor detection\data\raw\primary\meningioma\meningioma_Te-me_132.jpg
meningioma,F:\brain tumor detection\data\raw\primary\meningioma\meningioma_Te-me_133.jpg
meningioma,F:\brain tumor detection\data\raw\primary\meningioma\meningioma_Te-me_134.jpg
meningioma,F:\brain tumor detection\data\raw\primary\meningioma\meningioma_Te-me_135.jpg
meningioma,F:\brain tumor detection\data\raw\primary\meningioma\meningioma_Te-me_136.jpg
meningioma,F:\brain tumor detection\data\raw\primary\meningioma\meningioma_Te-me_137.jpg
meningioma,F:\brain tumor detection\data\raw\primary\meningioma\meningioma_Te-me_138.jpg
meningioma,F:\brain tumor detection\data\raw\primary\meningioma\meningioma_Te-me_139.jpg
meningioma,F:\brain tumor detection\data\raw\primary\meningioma\meningioma_Te-me_14.jpg
meningioma,F:\brain tumor detection\data\raw\primary\meningioma\meningioma_Te-me_140.jpg
meningioma,F:\brain tumor detection\data\raw\primary\meningioma\meningioma_Te-me_141.jpg
meningioma,F:\brain tumor detection\data\raw\primary\meningioma\meningioma_Te-me_142.jpg
meningioma,F:\brain tumor detection\data\raw\primary\meningioma\meningioma_Te-me_143.jpg
meningioma,F:\brain tumor detection\data\raw\primary\meningioma\meningioma_Te-me_144.jpg
meningioma,F:\brain tumor detection\data\raw\primary\meningioma\meningioma_Te-me_145.jpg
meningioma,F:\brain tumor detection\data\raw\primary\meningioma\meningioma_Te-me_146.jpg
meningioma,F:\brain tumor detection\data\raw\primary\meningioma\meningioma_Te-me_147.jpg
meningioma,F:\brain tumor detection\data\raw\primary\meningioma\meningioma_Te-me_148.jpg
meningioma,F:\brain tumor detection\data\raw\primary\meningioma\meningioma_Te-me_149.jpg
meningioma,F:\brain tumor detection\data\raw\primary\meningioma\meningioma_Te-me_15.jpg
meningioma,F:\brain tumor detection\data\raw\primary\meningioma\meningioma_Te-me_150.jpg
meningioma,F:\brain tumor detection\data\raw\primary\meningioma\meningioma_Te-me_151.jpg
meningioma,F:\brain tumor detection\data\raw\primary\meningioma\meningioma_Te-me_152.jpg
meningioma,F:\brain tumor detection\data\raw\primary\meningioma\meningioma_Te-me_153.jpg
meningioma,F:\brain tumor detection\data\raw\primary\meningioma\meningioma_Te-me_154.jpg
meningioma,F:\brain tumor detection\data\raw\primary\meningioma\meningioma_Te-me_155.jpg
meningioma,F:\brain tumor detection\data\raw\primary\meningioma\meningioma_Te-me_156.jpg
meningioma,F:\brain tumor detection\data\raw\primary\meningioma\meningioma_Te-me_157.jpg
meningioma,F:\brain tumor detection\data\raw\primary\meningioma\meningioma_Te-me_158.jpg
meningioma,F:\brain tumor detection\data\raw\primary\meningioma\meningioma_Te-me_159.jpg
meningioma,F:\brain tumor detection\data\raw\primary\meningioma\meningioma_Te-me_16.jpg
meningioma,F:\brain tumor detection\data\raw\primary\meningioma\meningioma_Te-me_160.jpg
meningioma,F:\brain tumor detection\data\raw\primary\meningioma\meningioma_Te-me_161.jpg
meningioma,F:\brain tumor detection\data\raw\primary\meningioma\meningioma_Te-me_162.jpg
meningioma,F:\brain tumor detection\data\raw\primary\meningioma\meningioma_Te-me_163.jpg
meningioma,F:\brain tumor detection\data\raw\primary\meningioma\meningioma_Te-me_164.jpg
meningioma,F:\brain tumor detection\data\raw\primary\meningioma\meningioma_Te-me_165.jpg
meningioma,F:\brain tumor detection\data\raw\primary\meningioma\meningioma_Te-me_166.jpg
meningioma,F:\brain tumor detection\data\raw\primary\meningioma\meningioma_Te-me_167.jpg
meningioma,F:\brain tumor detection\data\raw\primary\meningioma\meningioma_Te-me_168.jpg
meningioma,F:\brain tumor detection\data\raw\primary\meningioma\meningioma_Te-me_169.jpg
meningioma,F:\brain tumor detection\data\raw\primary\meningioma\meningioma_Te-me_17.jpg
meningioma,F:\brain tumor detection\data\raw\primary\meningioma\meningioma_Te-me_170.jpg
meningioma,F:\brain tumor detection\data\raw\primary\meningioma\meningioma_Te-me_171.jpg
meningioma,F:\brain tumor detection\data\raw\primary\meningioma\meningioma_Te-me_172.jpg
meningioma,F:\brain tumor detection\data\raw\primary\meningioma\meningioma_Te-me_173.jpg
meningioma,F:\brain tumor detection\data\raw\primary\meningioma\meningioma_Te-me_174.jpg
meningioma,F:\brain tumor detection\data\raw\primary\meningioma\meningioma_Te-me_175.jpg
meningioma,F:\brain tumor detection\data\raw\primary\meningioma\meningioma_Te-me_176.jpg
meningioma,F:\brain tumor detection\data\raw\primary\meningioma\meningioma_Te-me_177.jpg
meningioma,F:\brain tumor detection\data\raw\primary\meningioma\meningioma_Te-me_178.jpg
meningioma,F:\brain tumor detection\data\raw\primary\meningioma\meningioma_Te-me_179.jpg
meningioma,F:\brain tumor detection\data\raw\primary\meningioma\meningioma_Te-me_18.jpg
meningioma,F:\brain tumor detection\data\raw\primary\meningioma\meningioma_Te-me_180.jpg
meningioma,F:\brain tumor detection\data\raw\primary\meningioma\meningioma_Te-me_181.jpg
meningioma,F:\brain tumor detection\data\raw\primary\meningioma\meningioma_Te-me_182.jpg
meningioma,F:\brain tumor detection\data\raw\primary\meningioma\meningioma_Te-me_183.jpg
meningioma,F:\brain tumor detection\data\raw\primary\meningioma\meningioma_Te-me_184.jpg
meningioma,F:\brain tumor detection\data\raw\primary\meningioma\meningioma_Te-me_185.jpg
meningioma,F:\brain tumor detection\data\raw\primary\meningioma\meningioma_Te-me_186.jpg
meningioma,F:\brain tumor detection\data\raw\primary\meningioma\meningioma_Te-me_187.jpg
meningioma,F:\brain tumor detection\data\raw\primary\meningioma\meningioma_Te-me_188.jpg
meningioma,F:\brain tumor detection\data\raw\primary\meningioma\meningioma_Te-me_189.jpg
meningioma,F:\brain tumor detection\data\raw\primary\meningioma\meningioma_Te-me_19.jpg
meningioma,F:\brain tumor detection\data\raw\primary\meningioma\meningioma_Te-me_190.jpg
meningioma,F:\brain tumor detection\data\raw\primary\meningioma\meningioma_Te-me_191.jpg
meningioma,F:\brain tumor detection\data\raw\primary\meningioma\meningioma_Te-me_192.jpg
meningioma,F:\brain tumor detection\data\raw\primary\meningioma\meningioma_Te-me_193.jpg
meningioma,F:\brain tumor detection\data\raw\primary\meningioma\meningioma_Te-me_194.jpg
meningioma,F:\brain tumor detection\data\raw\primary\meningioma\meningioma_Te-me_195.jpg
meningioma,F:\brain tumor detection\data\raw\primary\meningioma\meningioma_Te-me_196.jpg
meningioma,F:\brain tumor detection\data\raw\primary\meningioma\meningioma_Te-me_197.jpg
meningioma,F:\brain tumor detection\data\raw\primary\meningioma\meningioma_Te-me_198.jpg
meningioma,F:\brain tumor detection\data\raw\primary\meningioma\meningioma_Te-me_199.jpg
meningioma,F:\brain tumor detection\data\raw\primary\meningioma\meningioma_Te-me_2.jpg
meningioma,F:\brain tumor detection\data\raw\primary\meningioma\meningioma_Te-me_20.jpg
meningioma,F:\brain tumor detection\data\raw\primary\meningioma\meningioma_Te-me_200.jpg
meningioma,F:\brain tumor detection\data\raw\primary\meningioma\meningioma_Te-me_201.jpg
meningioma,F:\brain tumor detection\data\raw\primary\meningioma\meningioma_Te-me_202.jpg
meningioma,F:\brain tumor detection\data\raw\primary\meningioma\meningioma_Te-me_203.jpg
meningioma,F:\brain tumor detection\data\raw\primary\meningioma\meningioma_Te-me_204.jpg
meningioma,F:\brain tumor detection\data\raw\primary\meningioma\meningioma_Te-me_205.jpg
meningioma,F:\brain tumor detection\data\raw\primary\meningioma\meningioma_Te-me_206.jpg
meningioma,F:\brain tumor detection\data\raw\primary\meningioma\meningioma_Te-me_207.jpg
meningioma,F:\brain tumor detection\data\raw\primary\meningioma\meningioma_Te-me_208.jpg
meningioma,F:\brain tumor detection\data\raw\primary\meningioma\meningioma_Te-me_209.jpg
meningioma,F:\brain tumor detection\data\raw\primary\meningioma\meningioma_Te-me_21.jpg
meningioma,F:\brain tumor detection\data\raw\primary\meningioma\meningioma_Te-me_210.jpg
meningioma,F:\brain tumor detection\data\raw\primary\meningioma\meningioma_Te-me_211.jpg
meningioma,F:\brain tumor detection\data\raw\primary\meningioma\meningioma_Te-me_212.jpg
meningioma,F:\brain tumor detection\data\raw\primary\meningioma\meningioma_Te-me_213.jpg
meningioma,F:\brain tumor detection\data\raw\primary\meningioma\meningioma_Te-me_214.jpg
meningioma,F:\brain tumor detection\data\raw\primary\meningioma\meningioma_Te-me_215.jpg
meningioma,F:\brain tumor detection\data\raw\primary\meningioma\meningioma_Te-me_216.jpg
meningioma,F:\brain tumor detection\data\raw\primary\meningioma\meningioma_Te-me_217.jpg
meningioma,F:\brain tumor detection\data\raw\primary\meningioma\meningioma_Te-me_218.jpg
meningioma,F:\brain tumor detection\data\raw\primary\meningioma\meningioma_Te-me_219.jpg
meningioma,F:\brain tumor detection\data\raw\primary\meningioma\meningioma_Te-me_22.jpg
meningioma,F:\brain tumor detection\data\raw\primary\meningioma\meningioma_Te-me_220.jpg
meningioma,F:\brain tumor detection\data\raw\primary\meningioma\meningioma_Te-me_221.jpg
meningioma,F:\brain tumor detection\data\raw\primary\meningioma\meningioma_Te-me_222.jpg
meningioma,F:\brain tumor detection\data\raw\primary\meningioma\meningioma_Te-me_223.jpg
meningioma,F:\brain tumor detection\data\raw\primary\meningioma\meningioma_Te-me_224.jpg
meningioma,F:\brain tumor detection\data\raw\primary\meningioma\meningioma_Te-me_225.jpg
meningioma,F:\brain tumor detection\data\raw\primary\meningioma\meningioma_Te-me_226.jpg
meningioma,F:\brain tumor detection\data\raw\primary\meningioma\meningioma_Te-me_227.jpg
meningioma,F:\brain tumor detection\data\raw\primary\meningioma\meningioma_Te-me_228.jpg
meningioma,F:\brain tumor detection\data\raw\primary\meningioma\meningioma_Te-me_229.jpg
meningioma,F:\brain tumor detection\data\raw\primary\meningioma\meningioma_Te-me_23.jpg
meningioma,F:\brain tumor detection\data\raw\primary\meningioma\meningioma_Te-me_230.jpg
meningioma,F:\brain tumor detection\data\raw\primary\meningioma\meningioma_Te-me_231.jpg
meningioma,F:\brain tumor detection\data\raw\primary\meningioma\meningioma_Te-me_232.jpg
meningioma,F:\brain tumor detection\data\raw\primary\meningioma\meningioma_Te-me_233.jpg
meningioma,F:\brain tumor detection\data\raw\primary\meningioma\meningioma_Te-me_234.jpg
meningioma,F:\brain tumor detection\data\raw\primary\meningioma\meningioma_Te-me_235.jpg
meningioma,F:\brain tumor detection\data\raw\primary\meningioma\meningioma_Te-me_236.jpg
meningioma,F:\brain tumor detection\data\raw\primary\meningioma\meningioma_Te-me_237.jpg
meningioma,F:\brain tumor detection\data\raw\primary\meningioma\meningioma_Te-me_238.jpg
meningioma,F:\brain tumor detection\data\raw\primary\meningioma\meningioma_Te-me_239.jpg
meningioma,F:\brain tumor detection\data\raw\primary\meningioma\meningioma_Te-me_24.jpg
meningioma,F:\brain tumor detection\data\raw\primary\meningioma\meningioma_Te-me_240.jpg
meningioma,F:\brain tumor detection\data\raw\primary\meningioma\meningioma_Te-me_241.jpg
meningioma,F:\brain tumor detection\data\raw\primary\meningioma\meningioma_Te-me_242.jpg
meningioma,F:\brain tumor detection\data\raw\primary\meningioma\meningioma_Te-me_243.jpg
meningioma,F:\brain tumor detection\data\raw\primary\meningioma\meningioma_Te-me_244.jpg
meningioma,F:\brain tumor detection\data\raw\primary\meningioma\meningioma_Te-me_245.jpg
meningioma,F:\brain tumor detection\data\raw\primary\meningioma\meningioma_Te-me_246.jpg
meningioma,F:\brain tumor detection\data\raw\primary\meningioma\meningioma_Te-me_247.jpg
meningioma,F:\brain tumor detection\data\raw\primary\meningioma\meningioma_Te-me_248.jpg
meningioma,F:\brain tumor detection\data\raw\primary\meningioma\meningioma_Te-me_249.jpg
meningioma,F:\brain tumor detection\data\raw\primary\meningioma\meningioma_Te-me_25.jpg
meningioma,F:\brain tumor detection\data\raw\primary\meningioma\meningioma_Te-me_250.jpg
meningioma,F:\brain tumor detection\data\raw\primary\meningioma\meningioma_Te-me_251.jpg
meningioma,F:\brain tumor detection\data\raw\primary\meningioma\meningioma_Te-me_252.jpg
meningioma,F:\brain tumor detection\data\raw\primary\meningioma\meningioma_Te-me_253.jpg
meningioma,F:\brain tumor detection\data\raw\primary\meningioma\meningioma_Te-me_254.jpg
meningioma,F:\brain tumor detection\data\raw\primary\meningioma\meningioma_Te-me_255.jpg
meningioma,F:\brain tumor detection\data\raw\primary\meningioma\meningioma_Te-me_256.jpg
meningioma,F:\brain tumor detection\data\raw\primary\meningioma\meningioma_Te-me_257.jpg
meningioma,F:\brain tumor detection\data\raw\primary\meningioma\meningioma_Te-me_258.jpg
meningioma,F:\brain tumor detection\data\raw\primary\meningioma\meningioma_Te-me_259.jpg
meningioma,F:\brain tumor detection\data\raw\primary\meningioma\meningioma_Te-me_26.jpg
meningioma,F:\brain tumor detection\data\raw\primary\meningioma\meningioma_Te-me_260.jpg
meningioma,F:\brain tumor detection\data\raw\primary\meningioma\meningioma_Te-me_261.jpg
meningioma,F:\brain tumor detection\data\raw\primary\meningioma\meningioma_Te-me_262.jpg
meningioma,F:\brain tumor detection\data\raw\primary\meningioma\meningioma_Te-me_263.jpg
meningioma,F:\brain tumor detection\data\raw\primary\meningioma\meningioma_Te-me_264.jpg
meningioma,F:\brain tumor detection\data\raw\primary\meningioma\meningioma_Te-me_265.jpg
meningioma,F:\brain tumor detection\data\raw\primary\meningioma\meningioma_Te-me_266.jpg
meningioma,F:\brain tumor detection\data\raw\primary\meningioma\meningioma_Te-me_267.jpg
meningioma,F:\brain tumor detection\data\raw\primary\meningioma\meningioma_Te-me_268.jpg
meningioma,F:\brain tumor detection\data\raw\primary\meningioma\meningioma_Te-me_269.jpg
meningioma,F:\brain tumor detection\data\raw\primary\meningioma\meningioma_Te-me_27.jpg
meningioma,F:\brain tumor detection\data\raw\primary\meningioma\meningioma_Te-me_270.jpg
meningioma,F:\brain tumor detection\data\raw\primary\meningioma\meningioma_Te-me_271.jpg
meningioma,F:\brain tumor detection\data\raw\primary\meningioma\meningioma_Te-me_272.jpg
meningioma,F:\brain tumor detection\data\raw\primary\meningioma\meningioma_Te-me_273.jpg
meningioma,F:\brain tumor detection\data\raw\primary\meningioma\meningioma_Te-me_274.jpg
meningioma,F:\brain tumor detection\data\raw\primary\meningioma\meningioma_Te-me_275.jpg
meningioma,F:\brain tumor detection\data\raw\primary\meningioma\meningioma_Te-me_276.jpg
meningioma,F:\brain tumor detection\data\raw\primary\meningioma\meningioma_Te-me_277.jpg
meningioma,F:\brain tumor detection\data\raw\primary\meningioma\meningioma_Te-me_278.jpg
meningioma,F:\brain tumor detection\data\raw\primary\meningioma\meningioma_Te-me_279.jpg
meningioma,F:\brain tumor detection\data\raw\primary\meningioma\meningioma_Te-me_28.jpg
meningioma,F:\brain tumor detection\data\raw\primary\meningioma\meningioma_Te-me_280.jpg
meningioma,F:\brain tumor detection\data\raw\primary\meningioma\meningioma_Te-me_281.jpg
meningioma,F:\brain tumor detection\data\raw\primary\meningioma\meningioma_Te-me_282.jpg
meningioma,F:\brain tumor detection\data\raw\primary\meningioma\meningioma_Te-me_283.jpg
meningioma,F:\brain tumor detection\data\raw\primary\meningioma\meningioma_Te-me_284.jpg
meningioma,F:\brain tumor detection\data\raw\primary\meningioma\meningioma_Te-me_285.jpg
meningioma,F:\brain tumor detection\data\raw\primary\meningioma\meningioma_Te-me_286.jpg
meningioma,F:\brain tumor detection\data\raw\primary\meningioma\meningioma_Te-me_287.jpg
meningioma,F:\brain tumor detection\data\raw\primary\meningioma\meningioma_Te-me_288.jpg
meningioma,F:\brain tumor detection\data\raw\primary\meningioma\meningioma_Te-me_289.jpg
meningioma,F:\brain tumor detection\data\raw\primary\meningioma\meningioma_Te-me_29.jpg
meningioma,F:\brain tumor detection\data\raw\primary\meningioma\meningioma_Te-me_290.jpg
meningioma,F:\brain tumor detection\data\raw\primary\meningioma\meningioma_Te-me_291.jpg
meningioma,F:\brain tumor detection\data\raw\primary\meningioma\meningioma_Te-me_292.jpg
meningioma,F:\brain tumor detection\data\raw\primary\meningioma\meningioma_Te-me_293.jpg
meningioma,F:\brain tumor detection\data\raw\primary\meningioma\meningioma_Te-me_294.jpg
meningioma,F:\brain tumor detection\data\raw\primary\meningioma\meningioma_Te-me_295.jpg
meningioma,F:\brain tumor detection\data\raw\primary\meningioma\meningioma_Te-me_296.jpg
meningioma,F:\brain tumor detection\data\raw\primary\meningioma\meningioma_Te-me_297.jpg
meningioma,F:\brain tumor detection\data\raw\primary\meningioma\meningioma_Te-me_3.jpg
meningioma,F:\brain tumor detection\data\raw\primary\meningioma\meningioma_Te-me_30.jpg
meningioma,F:\brain tumor detection\data\raw\primary\meningioma\meningioma_Te-me_31.jpg
meningioma,F:\brain tumor detection\data\raw\primary\meningioma\meningioma_Te-me_32.jpg
meningioma,F:\brain tumor detection\data\raw\primary\meningioma\meningioma_Te-me_33.jpg
meningioma,F:\brain tumor detection\data\raw\primary\meningioma\meningioma_Te-me_34.jpg
meningioma,F:\brain tumor detection\data\raw\primary\meningioma\meningioma_Te-me_35.jpg
meningioma,F:\brain tumor detection\data\raw\primary\meningioma\meningioma_Te-me_36.jpg
meningioma,F:\brain tumor detection\data\raw\primary\meningioma\meningioma_Te-me_37.jpg
meningioma,F:\brain tumor detection\data\raw\primary\meningioma\meningioma_Te-me_38.jpg
meningioma,F:\brain tumor detection\data\raw\primary\meningioma\meningioma_Te-me_39.jpg
meningioma,F:\brain tumor detection\data\raw\primary\meningioma\meningioma_Te-me_4.jpg
meningioma,F:\brain tumor detection\data\raw\primary\meningioma\meningioma_Te-me_40.jpg
meningioma,F:\brain tumor detection\data\raw\primary\meningioma\meningioma_Te-me_41.jpg
meningioma,F:\brain tumor detection\data\raw\primary\meningioma\meningioma_Te-me_42.jpg
meningioma,F:\brain tumor detection\data\raw\primary\meningioma\meningioma_Te-me_43.jpg
meningioma,F:\brain tumor detection\data\raw\primary\meningioma\meningioma_Te-me_44.jpg
meningioma,F:\brain tumor detection\data\raw\primary\meningioma\meningioma_Te-me_45.jpg
meningioma,F:\brain tumor detection\data\raw\primary\meningioma\meningioma_Te-me_46.jpg
meningioma,F:\brain tumor detection\data\raw\primary\meningioma\meningioma_Te-me_47.jpg
meningioma,F:\brain tumor detection\data\raw\primary\meningioma\meningioma_Te-me_48.jpg
meningioma,F:\brain tumor detection\data\raw\primary\meningioma\meningioma_Te-me_49.jpg
meningioma,F:\brain tumor detection\data\raw\primary\meningioma\meningioma_Te-me_5.jpg
meningioma,F:\brain tumor detection\data\raw\primary\meningioma\meningioma_Te-me_50.jpg
meningioma,F:\brain tumor detection\data\raw\primary\meningioma\meningioma_Te-me_51.jpg
meningioma,F:\brain tumor detection\data\raw\primary\meningioma\meningioma_Te-me_52.jpg
meningioma,F:\brain tumor detection\data\raw\primary\meningioma\meningioma_Te-me_53.jpg
meningioma,F:\brain tumor detection\data\raw\primary\meningioma\meningioma_Te-me_54.jpg
meningioma,F:\brain tumor detection\data\raw\primary\meningioma\meningioma_Te-me_55.jpg
meningioma,F:\brain tumor detection\data\raw\primary\meningioma\meningioma_Te-me_56.jpg
meningioma,F:\brain tumor detection\data\raw\primary\meningioma\meningioma_Te-me_57.jpg
meningioma,F:\brain tumor detection\data\raw\primary\meningioma\meningioma_Te-me_58.jpg
meningioma,F:\brain tumor detection\data\raw\primary\meningioma\meningioma_Te-me_59.jpg
meningioma,F:\brain tumor detection\data\raw\primary\meningioma\meningioma_Te-me_6.jpg
meningioma,F:\brain tumor detection\data\raw\primary\meningioma\meningioma_Te-me_60.jpg
meningioma,F:\brain tumor detection\data\raw\primary\meningioma\meningioma_Te-me_61.jpg
meningioma,F:\brain tumor detection\data\raw\primary\meningioma\meningioma_Te-me_62.jpg
meningioma,F:\brain tumor detection\data\raw\primary\meningioma\meningioma_Te-me_63.jpg
meningioma,F:\brain tumor detection\data\raw\primary\meningioma\meningioma_Te-me_64.jpg
meningioma,F:\brain tumor detection\data\raw\primary\meningioma\meningioma_Te-me_65.jpg
meningioma,F:\brain tumor detection\data\raw\primary\meningioma\meningioma_Te-me_66.jpg
meningioma,F:\brain tumor detection\data\raw\primary\meningioma\meningioma_Te-me_67.jpg
meningioma,F:\brain tumor detection\data\raw\primary\meningioma\meningioma_Te-me_68.jpg
meningioma,F:\brain tumor detection\data\raw\primary\meningioma\meningioma_Te-me_69.jpg
meningioma,F:\brain tumor detection\data\raw\primary\meningioma\meningioma_Te-me_7.jpg
meningioma,F:\brain tumor detection\data\raw\primary\meningioma\meningioma_Te-me_70.jpg
meningioma,F:\brain tumor detection\data\raw\primary\meningioma\meningioma_Te-me_71.jpg
meningioma,F:\brain tumor detection\data\raw\primary\meningioma\meningioma_Te-me_72.jpg
meningioma,F:\brain tumor detection\data\raw\primary\meningioma\meningioma_Te-me_73.jpg
meningioma,F:\brain tumor detection\data\raw\primary\meningioma\meningioma_Te-me_74.jpg
meningioma,F:\brain tumor detection\data\raw\primary\meningioma\meningioma_Te-me_75.jpg
meningioma,F:\brain tumor detection\data\raw\primary\meningioma\meningioma_Te-me_76.jpg
meningioma,F:\brain tumor detection\data\raw\primary\meningioma\meningioma_Te-me_77.jpg
meningioma,F:\brain tumor detection\data\raw\primary\meningioma\meningioma_Te-me_78.jpg
meningioma,F:\brain tumor detection\data\raw\primary\meningioma\meningioma_Te-me_79.jpg
meningioma,F:\brain tumor detection\data\raw\primary\meningioma\meningioma_Te-me_8.jpg
meningioma,F:\brain tumor detection\data\raw\primary\meningioma\meningioma_Te-me_80.jpg
meningioma,F:\brain tumor detection\data\raw\primary\meningioma\meningioma_Te-me_81.jpg
meningioma,F:\brain tumor detection\data\raw\primary\meningioma\meningioma_Te-me_82.jpg
meningioma,F:\brain tumor detection\data\raw\primary\meningioma\meningioma_Te-me_83.jpg
meningioma,F:\brain tumor detection\data\raw\primary\meningioma\meningioma_Te-me_84.jpg
meningioma,F:\brain tumor detection\data\raw\primary\meningioma\meningioma_Te-me_85.jpg
meningioma,F:\brain tumor detection\data\raw\primary\meningioma\meningioma_Te-me_86.jpg
meningioma,F:\brain tumor detection\data\raw\primary\meningioma\meningioma_Te-me_87.jpg
meningioma,F:\brain tumor detection\data\raw\primary\meningioma\meningioma_Te-me_88.jpg
meningioma,F:\brain tumor detection\data\raw\primary\meningioma\meningioma_Te-me_89.jpg
meningioma,F:\brain tumor detection\data\raw\primary\meningioma\meningioma_Te-me_9.jpg
meningioma,F:\brain tumor detection\data\raw\primary\meningioma\meningioma_Te-me_90.jpg
meningioma,F:\brain tumor detection\data\raw\primary\meningioma\meningioma_Te-me_91.jpg
meningioma,F:\brain tumor detection\data\raw\primary\meningioma\meningioma_Te-me_92.jpg
meningioma,F:\brain tumor detection\data\raw\primary\meningioma\meningioma_Te-me_93.jpg
meningioma,F:\brain tumor detection\data\raw\primary\meningioma\meningioma_Te-me_94.jpg
meningioma,F:\brain tumor detection\data\raw\primary\meningioma\meningioma_Te-me_95.jpg
meningioma,F:\brain tumor detection\data\raw\primary\meningioma\meningioma_Te-me_96.jpg
meningioma,F:\brain tumor detection\data\raw\primary\meningioma\meningioma_Te-me_97.jpg
meningioma,F:\brain tumor detection\data\raw\primary\meningioma\meningioma_Te-me_98.jpg
meningioma,F:\brain tumor detection\data\raw\primary\meningioma\meningioma_Te-me_99.jpg
notumor,F:\brain tumor detection\data\raw\primary\notumor\notumor_Te-no_1.jpg
notumor,F:\brain tumor detection\data\raw\primary\notumor\notumor_Te-no_10.jpg
notumor,F:\brain tumor detection\data\raw\primary\notumor\notumor_Te-no_100.jpg
notumor,F:\brain tumor detection\data\raw\primary\notumor\notumor_Te-no_101.jpg
notumor,F:\brain tumor detection\data\raw\primary\notumor\notumor_Te-no_102.jpg
notumor,F:\brain tumor detection\data\raw\primary\notumor\notumor_Te-no_103.jpg
notumor,F:\brain tumor detection\data\raw\primary\notumor\notumor_Te-no_104.jpg
notumor,F:\brain tumor detection\data\raw\primary\notumor\notumor_Te-no_105.jpg
notumor,F:\brain tumor detection\data\raw\primary\notumor\notumor_Te-no_106.jpg
notumor,F:\brain tumor detection\data\raw\primary\notumor\notumor_Te-no_107.jpg
notumor,F:\brain tumor detection\data\raw\primary\notumor\notumor_Te-no_108.jpg
notumor,F:\brain tumor detection\data\raw\primary\notumor\notumor_Te-no_109.jpg
notumor,F:\brain tumor detection\data\raw\primary\notumor\notumor_Te-no_11.jpg
notumor,F:\brain tumor detection\data\raw\primary\notumor\notumor_Te-no_110.jpg
notumor,F:\brain tumor detection\data\raw\primary\notumor\notumor_Te-no_111.jpg
notumor,F:\brain tumor detection\data\raw\primary\notumor\notumor_Te-no_112.jpg
notumor,F:\brain tumor detection\data\raw\primary\notumor\notumor_Te-no_113.jpg
notumor,F:\brain tumor detection\data\raw\primary\notumor\notumor_Te-no_114.jpg
notumor,F:\brain tumor detection\data\raw\primary\notumor\notumor_Te-no_115.jpg
notumor,F:\brain tumor detection\data\raw\primary\notumor\notumor_Te-no_116.jpg
notumor,F:\brain tumor detection\data\raw\primary\notumor\notumor_Te-no_117.jpg
notumor,F:\brain tumor detection\data\raw\primary\notumor\notumor_Te-no_118.jpg
notumor,F:\brain tumor detection\data\raw\primary\notumor\notumor_Te-no_119.jpg
notumor,F:\brain tumor detection\data\raw\primary\notumor\notumor_Te-no_12.jpg
notumor,F:\brain tumor detection\data\raw\primary\notumor\notumor_Te-no_120.jpg
notumor,F:\brain tumor detection\data\raw\primary\notumor\notumor_Te-no_121.jpg
notumor,F:\brain tumor detection\data\raw\primary\notumor\notumor_Te-no_122.jpg
notumor,F:\brain tumor detection\data\raw\primary\notumor\notumor_Te-no_123.jpg
notumor,F:\brain tumor detection\data\raw\primary\notumor\notumor_Te-no_124.jpg
notumor,F:\brain tumor detection\data\raw\primary\notumor\notumor_Te-no_125.jpg
notumor,F:\brain tumor detection\data\raw\primary\notumor\notumor_Te-no_126.jpg
notumor,F:\brain tumor detection\data\raw\primary\notumor\notumor_Te-no_127.jpg
notumor,F:\brain tumor detection\data\raw\primary\notumor\notumor_Te-no_128.jpg
notumor,F:\brain tumor detection\data\raw\primary\notumor\notumor_Te-no_129.jpg
notumor,F:\brain tumor detection\data\raw\primary\notumor\notumor_Te-no_13.jpg
notumor,F:\brain tumor detection\data\raw\primary\notumor\notumor_Te-no_130.jpg
notumor,F:\brain tumor detection\data\raw\primary\notumor\notumor_Te-no_131.jpg
notumor,F:\brain tumor detection\data\raw\primary\notumor\notumor_Te-no_132.jpg
notumor,F:\brain tumor detection\data\raw\primary\notumor\notumor_Te-no_133.jpg
notumor,F:\brain tumor detection\data\raw\primary\notumor\notumor_Te-no_134.jpg
notumor,F:\brain tumor detection\data\raw\primary\notumor\notumor_Te-no_135.jpg
notumor,F:\brain tumor detection\data\raw\primary\notumor\notumor_Te-no_136.jpg
notumor,F:\brain tumor detection\data\raw\primary\notumor\notumor_Te-no_137.jpg
notumor,F:\brain tumor detection\data\raw\primary\notumor\notumor_Te-no_138.jpg
notumor,F:\brain tumor detection\data\raw\primary\notumor\notumor_Te-no_139.jpg
notumor,F:\brain tumor detection\data\raw\primary\notumor\notumor_Te-no_14.jpg
notumor,F:\brain tumor detection\data\raw\primary\notumor\notumor_Te-no_140.jpg
notumor,F:\brain tumor detection\data\raw\primary\notumor\notumor_Te-no_141.jpg
notumor,F:\brain tumor detection\data\raw\primary\notumor\notumor_Te-no_142.jpg
notumor,F:\brain tumor detection\data\raw\primary\notumor\notumor_Te-no_143.jpg
notumor,F:\brain tumor detection\data\raw\primary\notumor\notumor_Te-no_144.jpg
notumor,F:\brain tumor detection\data\raw\primary\notumor\notumor_Te-no_145.jpg
notumor,F:\brain tumor detection\data\raw\primary\notumor\notumor_Te-no_146.jpg
notumor,F:\brain tumor detection\data\raw\primary\notumor\notumor_Te-no_147.jpg
notumor,F:\brain tumor detection\data\raw\primary\notumor\notumor_Te-no_148.jpg
notumor,F:\brain tumor detection\data\raw\primary\notumor\notumor_Te-no_149.jpg
notumor,F:\brain tumor detection\data\raw\primary\notumor\notumor_Te-no_15.jpg
notumor,F:\brain tumor detection\data\raw\primary\notumor\notumor_Te-no_150.jpg
notumor,F:\brain tumor detection\data\raw\primary\notumor\notumor_Te-no_151.jpg
notumor,F:\brain tumor detection\data\raw\primary\notumor\notumor_Te-no_152.jpg
notumor,F:\brain tumor detection\data\raw\primary\notumor\notumor_Te-no_153.jpg
notumor,F:\brain tumor detection\data\raw\primary\notumor\notumor_Te-no_154.jpg
notumor,F:\brain tumor detection\data\raw\primary\notumor\notumor_Te-no_155.jpg
notumor,F:\brain tumor detection\data\raw\primary\notumor\notumor_Te-no_156.jpg
notumor,F:\brain tumor detection\data\raw\primary\notumor\notumor_Te-no_157.jpg
notumor,F:\brain tumor detection\data\raw\primary\notumor\notumor_Te-no_158.jpg
notumor,F:\brain tumor detection\data\raw\primary\notumor\notumor_Te-no_159.jpg
notumor,F:\brain tumor detection\data\raw\primary\notumor\notumor_Te-no_16.jpg
notumor,F:\brain tumor detection\data\raw\primary\notumor\notumor_Te-no_160.jpg
notumor,F:\brain tumor detection\data\raw\primary\notumor\notumor_Te-no_161.jpg
notumor,F:\brain tumor detection\data\raw\primary\notumor\notumor_Te-no_162.jpg
notumor,F:\brain tumor detection\data\raw\primary\notumor\notumor_Te-no_163.jpg
notumor,F:\brain tumor detection\data\raw\primary\notumor\notumor_Te-no_164.jpg
notumor,F:\brain tumor detection\data\raw\primary\notumor\notumor_Te-no_165.jpg
notumor,F:\brain tumor detection\data\raw\primary\notumor\notumor_Te-no_166.jpg
notumor,F:\brain tumor detection\data\raw\primary\notumor\notumor_Te-no_167.jpg
notumor,F:\brain tumor detection\data\raw\primary\notumor\notumor_Te-no_168.jpg
notumor,F:\brain tumor detection\data\raw\primary\notumor\notumor_Te-no_169.jpg
notumor,F:\brain tumor detection\data\raw\primary\notumor\notumor_Te-no_17.jpg
notumor,F:\brain tumor detection\data\raw\primary\notumor\notumor_Te-no_170.jpg
notumor,F:\brain tumor detection\data\raw\primary\notumor\notumor_Te-no_171.jpg
notumor,F:\brain tumor detection\data\raw\primary\notumor\notumor_Te-no_172.jpg
notumor,F:\brain tumor detection\data\raw\primary\notumor\notumor_Te-no_173.jpg
notumor,F:\brain tumor detection\data\raw\primary\notumor\notumor_Te-no_174.jpg
notumor,F:\brain tumor detection\data\raw\primary\notumor\notumor_Te-no_175.jpg
notumor,F:\brain tumor detection\data\raw\primary\notumor\notumor_Te-no_176.jpg
notumor,F:\brain tumor detection\data\raw\primary\notumor\notumor_Te-no_177.jpg
notumor,F:\brain tumor detection\data\raw\primary\notumor\notumor_Te-no_178.jpg
notumor,F:\brain tumor detection\data\raw\primary\notumor\notumor_Te-no_179.jpg
notumor,F:\brain tumor detection\data\raw\primary\notumor\notumor_Te-no_18.jpg
notumor,F:\brain tumor detection\data\raw\primary\notumor\notumor_Te-no_180.jpg
notumor,F:\brain tumor detection\data\raw\primary\notumor\notumor_Te-no_181.jpg
notumor,F:\brain tumor detection\data\raw\primary\notumor\notumor_Te-no_182.jpg
notumor,F:\brain tumor detection\data\raw\primary\notumor\notumor_Te-no_183.jpg
notumor,F:\brain tumor detection\data\raw\primary\notumor\notumor_Te-no_184.jpg
notumor,F:\brain tumor detection\data\raw\primary\notumor\notumor_Te-no_185.jpg
notumor,F:\brain tumor detection\data\raw\primary\notumor\notumor_Te-no_186.jpg
notumor,F:\brain tumor detection\data\raw\primary\notumor\notumor_Te-no_187.jpg
notumor,F:\brain tumor detection\data\raw\primary\notumor\notumor_Te-no_188.jpg
notumor,F:\brain tumor detection\data\raw\primary\notumor\notumor_Te-no_189.jpg
notumor,F:\brain tumor detection\data\raw\primary\notumor\notumor_Te-no_19.jpg
notumor,F:\brain tumor detection\data\raw\primary\notumor\notumor_Te-no_190.jpg
notumor,F:\brain tumor detection\data\raw\primary\notumor\notumor_Te-no_191.jpg
notumor,F:\brain tumor detection\data\raw\primary\notumor\notumor_Te-no_192.jpg
notumor,F:\brain tumor detection\data\raw\primary\notumor\notumor_Te-no_193.jpg
notumor,F:\brain tumor detection\data\raw\primary\notumor\notumor_Te-no_194.jpg
notumor,F:\brain tumor detection\data\raw\primary\notumor\notumor_Te-no_195.jpg
notumor,F:\brain tumor detection\data\raw\primary\notumor\notumor_Te-no_196.jpg
notumor,F:\brain tumor detection\data\raw\primary\notumor\notumor_Te-no_197.jpg
notumor,F:\brain tumor detection\data\raw\primary\notumor\notumor_Te-no_198.jpg
notumor,F:\brain tumor detection\data\raw\primary\notumor\notumor_Te-no_199.jpg
notumor,F:\brain tumor detection\data\raw\primary\notumor\notumor_Te-no_2.jpg
notumor,F:\brain tumor detection\data\raw\primary\notumor\notumor_Te-no_20.jpg
notumor,F:\brain tumor detection\data\raw\primary\notumor\notumor_Te-no_200.jpg
notumor,F:\brain tumor detection\data\raw\primary\notumor\notumor_Te-no_201.jpg
notumor,F:\brain tumor detection\data\raw\primary\notumor\notumor_Te-no_202.jpg
notumor,F:\brain tumor detection\data\raw\primary\notumor\notumor_Te-no_203.jpg
notumor,F:\brain tumor detection\data\raw\primary\notumor\notumor_Te-no_204.jpg
notumor,F:\brain tumor detection\data\raw\primary\notumor\notumor_Te-no_205.jpg
notumor,F:\brain tumor detection\data\raw\primary\notumor\notumor_Te-no_206.jpg
notumor,F:\brain tumor detection\data\raw\primary\notumor\notumor_Te-no_207.jpg
notumor,F:\brain tumor detection\data\raw\primary\notumor\notumor_Te-no_208.jpg
notumor,F:\brain tumor detection\data\raw\primary\notumor\notumor_Te-no_209.jpg
notumor,F:\brain tumor detection\data\raw\primary\notumor\notumor_Te-no_21.jpg
notumor,F:\brain tumor detection\data\raw\primary\notumor\notumor_Te-no_210.jpg
notumor,F:\brain tumor detection\data\raw\primary\notumor\notumor_Te-no_211.jpg
notumor,F:\brain tumor detection\data\raw\primary\notumor\notumor_Te-no_212.jpg
notumor,F:\brain tumor detection\data\raw\primary\notumor\notumor_Te-no_213.jpg
notumor,F:\brain tumor detection\data\raw\primary\notumor\notumor_Te-no_214.jpg
notumor,F:\brain tumor detection\data\raw\primary\notumor\notumor_Te-no_215.jpg
notumor,F:\brain tumor detection\data\raw\primary\notumor\notumor_Te-no_216.jpg
notumor,F:\brain tumor detection\data\raw\primary\notumor\notumor_Te-no_217.jpg
notumor,F:\brain tumor detection\data\raw\primary\notumor\notumor_Te-no_218.jpg
notumor,F:\brain tumor detection\data\raw\primary\notumor\notumor_Te-no_219.jpg
notumor,F:\brain tumor detection\data\raw\primary\notumor\notumor_Te-no_22.jpg
notumor,F:\brain tumor detection\data\raw\primary\notumor\notumor_Te-no_220.jpg
notumor,F:\brain tumor detection\data\raw\primary\notumor\notumor_Te-no_221.jpg
notumor,F:\brain tumor detection\data\raw\primary\notumor\notumor_Te-no_222.jpg
notumor,F:\brain tumor detection\data\raw\primary\notumor\notumor_Te-no_223.jpg
notumor,F:\brain tumor detection\data\raw\primary\notumor\notumor_Te-no_224.jpg
notumor,F:\brain tumor detection\data\raw\primary\notumor\notumor_Te-no_225.jpg
notumor,F:\brain tumor detection\data\raw\primary\notumor\notumor_Te-no_226.jpg
notumor,F:\brain tumor detection\data\raw\primary\notumor\notumor_Te-no_227.jpg
notumor,F:\brain tumor detection\data\raw\primary\notumor\notumor_Te-no_228.jpg
notumor,F:\brain tumor detection\data\raw\primary\notumor\notumor_Te-no_229.jpg
notumor,F:\brain tumor detection\data\raw\primary\notumor\notumor_Te-no_23.jpg
notumor,F:\brain tumor detection\data\raw\primary\notumor\notumor_Te-no_230.jpg
notumor,F:\brain tumor detection\data\raw\primary\notumor\notumor_Te-no_231.jpg
notumor,F:\brain tumor detection\data\raw\primary\notumor\notumor_Te-no_232.jpg
notumor,F:\brain tumor detection\data\raw\primary\notumor\notumor_Te-no_233.jpg
notumor,F:\brain tumor detection\data\raw\primary\notumor\notumor_Te-no_234.jpg
notumor,F:\brain tumor detection\data\raw\primary\notumor\notumor_Te-no_235.jpg
notumor,F:\brain tumor detection\data\raw\primary\notumor\notumor_Te-no_236.jpg
notumor,F:\brain tumor detection\data\raw\primary\notumor\notumor_Te-no_237.jpg
notumor,F:\brain tumor detection\data\raw\primary\notumor\notumor_Te-no_238.jpg
notumor,F:\brain tumor detection\data\raw\primary\notumor\notumor_Te-no_239.jpg
notumor,F:\brain tumor detection\data\raw\primary\notumor\notumor_Te-no_24.jpg
notumor,F:\brain tumor detection\data\raw\primary\notumor\notumor_Te-no_240.jpg
notumor,F:\brain tumor detection\data\raw\primary\notumor\notumor_Te-no_241.jpg
notumor,F:\brain tumor detection\data\raw\primary\notumor\notumor_Te-no_242.jpg
notumor,F:\brain tumor detection\data\raw\primary\notumor\notumor_Te-no_243.jpg
notumor,F:\brain tumor detection\data\raw\primary\notumor\notumor_Te-no_244.jpg
notumor,F:\brain tumor detection\data\raw\primary\notumor\notumor_Te-no_245.jpg
notumor,F:\brain tumor detection\data\raw\primary\notumor\notumor_Te-no_246.jpg
notumor,F:\brain tumor detection\data\raw\primary\notumor\notumor_Te-no_247.jpg
notumor,F:\brain tumor detection\data\raw\primary\notumor\notumor_Te-no_248.jpg
notumor,F:\brain tumor detection\data\raw\primary\notumor\notumor_Te-no_249.jpg
notumor,F:\brain tumor detection\data\raw\primary\notumor\notumor_Te-no_25.jpg
notumor,F:\brain tumor detection\data\raw\primary\notumor\notumor_Te-no_250.jpg
notumor,F:\brain tumor detection\data\raw\primary\notumor\notumor_Te-no_251.jpg
notumor,F:\brain tumor detection\data\raw\primary\notumor\notumor_Te-no_252.jpg
notumor,F:\brain tumor detection\data\raw\primary\notumor\notumor_Te-no_253.jpg
notumor,F:\brain tumor detection\data\raw\primary\notumor\notumor_Te-no_254.jpg
notumor,F:\brain tumor detection\data\raw\primary\notumor\notumor_Te-no_255.jpg
notumor,F:\brain tumor detection\data\raw\primary\notumor\notumor_Te-no_256.jpg
notumor,F:\brain tumor detection\data\raw\primary\notumor\notumor_Te-no_257.jpg
notumor,F:\brain tumor detection\data\raw\primary\notumor\notumor_Te-no_258.jpg
notumor,F:\brain tumor detection\data\raw\primary\notumor\notumor_Te-no_259.jpg
notumor,F:\brain tumor detection\data\raw\primary\notumor\notumor_Te-no_26.jpg
notumor,F:\brain tumor detection\data\raw\primary\notumor\notumor_Te-no_260.jpg
notumor,F:\brain tumor detection\data\raw\primary\notumor\notumor_Te-no_261.jpg
notumor,F:\brain tumor detection\data\raw\primary\notumor\notumor_Te-no_262.jpg
notumor,F:\brain tumor detection\data\raw\primary\notumor\notumor_Te-no_263.jpg
notumor,F:\brain tumor detection\data\raw\primary\notumor\notumor_Te-no_264.jpg
notumor,F:\brain tumor detection\data\raw\primary\notumor\notumor_Te-no_265.jpg
notumor,F:\brain tumor detection\data\raw\primary\notumor\notumor_Te-no_266.jpg
notumor,F:\brain tumor detection\data\raw\primary\notumor\notumor_Te-no_267.jpg
notumor,F:\brain tumor detection\data\raw\primary\notumor\notumor_Te-no_268.jpg
notumor,F:\brain tumor detection\data\raw\primary\notumor\notumor_Te-no_269.jpg
notumor,F:\brain tumor detection\data\raw\primary\notumor\notumor_Te-no_27.jpg
notumor,F:\brain tumor detection\data\raw\primary\notumor\notumor_Te-no_270.jpg
notumor,F:\brain tumor detection\data\raw\primary\notumor\notumor_Te-no_271.jpg
notumor,F:\brain tumor detection\data\raw\primary\notumor\notumor_Te-no_272.jpg
notumor,F:\brain tumor detection\data\raw\primary\notumor\notumor_Te-no_273.jpg
notumor,F:\brain tumor detection\data\raw\primary\notumor\notumor_Te-no_274.jpg
notumor,F:\brain tumor detection\data\raw\primary\notumor\notumor_Te-no_275.jpg
notumor,F:\brain tumor detection\data\raw\primary\notumor\notumor_Te-no_276.jpg
notumor,F:\brain tumor detection\data\raw\primary\notumor\notumor_Te-no_277.jpg
notumor,F:\brain tumor detection\data\raw\primary\notumor\notumor_Te-no_278.jpg
notumor,F:\brain tumor detection\data\raw\primary\notumor\notumor_Te-no_279.jpg
notumor,F:\brain tumor detection\data\raw\primary\notumor\notumor_Te-no_28.jpg
notumor,F:\brain tumor detection\data\raw\primary\notumor\notumor_Te-no_280.jpg
notumor,F:\brain tumor detection\data\raw\primary\notumor\notumor_Te-no_281.jpg
notumor,F:\brain tumor detection\data\raw\primary\notumor\notumor_Te-no_282.jpg
notumor,F:\brain tumor detection\data\raw\primary\notumor\notumor_Te-no_283.jpg
notumor,F:\brain tumor detection\data\raw\primary\notumor\notumor_Te-no_284.jpg
notumor,F:\brain tumor detection\data\raw\primary\notumor\notumor_Te-no_285.jpg
notumor,F:\brain tumor detection\data\raw\primary\notumor\notumor_Te-no_286.jpg
notumor,F:\brain tumor detection\data\raw\primary\notumor\notumor_Te-no_287.jpg
notumor,F:\brain tumor detection\data\raw\primary\notumor\notumor_Te-no_288.jpg
notumor,F:\brain tumor detection\data\raw\primary\notumor\notumor_Te-no_289.jpg
notumor,F:\brain tumor detection\data\raw\primary\notumor\notumor_Te-no_29.jpg
notumor,F:\brain tumor detection\data\raw\primary\notumor\notumor_Te-no_290.jpg
notumor,F:\brain tumor detection\data\raw\primary\notumor\notumor_Te-no_291.jpg
notumor,F:\brain tumor detection\data\raw\primary\notumor\notumor_Te-no_292.jpg
notumor,F:\brain tumor detection\data\raw\primary\notumor\notumor_Te-no_293.jpg
notumor,F:\brain tumor detection\data\raw\primary\notumor\notumor_Te-no_294.jpg
notumor,F:\brain tumor detection\data\raw\primary\notumor\notumor_Te-no_295.jpg
notumor,F:\brain tumor detection\data\raw\primary\notumor\notumor_Te-no_296.jpg
notumor,F:\brain tumor detection\data\raw\primary\notumor\notumor_Te-no_297.jpg
notumor,F:\brain tumor detection\data\raw\primary\notumor\notumor_Te-no_298.jpg
notumor,F:\brain tumor detection\data\raw\primary\notumor\notumor_Te-no_299.jpg
notumor,F:\brain tumor detection\data\raw\primary\notumor\notumor_Te-no_3.jpg
notumor,F:\brain tumor detection\data\raw\primary\notumor\notumor_Te-no_30.jpg
notumor,F:\brain tumor detection\data\raw\primary\notumor\notumor_Te-no_300.jpg
notumor,F:\brain tumor detection\data\raw\primary\notumor\notumor_Te-no_301.jpg
notumor,F:\brain tumor detection\data\raw\primary\notumor\notumor_Te-no_302.jpg
notumor,F:\brain tumor detection\data\raw\primary\notumor\notumor_Te-no_303.jpg
notumor,F:\brain tumor detection\data\raw\primary\notumor\notumor_Te-no_304.jpg
notumor,F:\brain tumor detection\data\raw\primary\notumor\notumor_Te-no_305.jpg
notumor,F:\brain tumor detection\data\raw\primary\notumor\notumor_Te-no_306.jpg
notumor,F:\brain tumor detection\data\raw\primary\notumor\notumor_Te-no_307.jpg
notumor,F:\brain tumor detection\data\raw\primary\notumor\notumor_Te-no_308.jpg
notumor,F:\brain tumor detection\data\raw\primary\notumor\notumor_Te-no_309.jpg
notumor,F:\brain tumor detection\data\raw\primary\notumor\notumor_Te-no_31.jpg
notumor,F:\brain tumor detection\data\raw\primary\notumor\notumor_Te-no_310.jpg
notumor,F:\brain tumor detection\data\raw\primary\notumor\notumor_Te-no_311.jpg
notumor,F:\brain tumor detection\data\raw\primary\notumor\notumor_Te-no_312.jpg
notumor,F:\brain tumor detection\data\raw\primary\notumor\notumor_Te-no_313.jpg
notumor,F:\brain tumor detection\data\raw\primary\notumor\notumor_Te-no_314.jpg
notumor,F:\brain tumor detection\data\raw\primary\notumor\notumor_Te-no_315.jpg
notumor,F:\brain tumor detection\data\raw\primary\notumor\notumor_Te-no_316.jpg
notumor,F:\brain tumor detection\data\raw\primary\notumor\notumor_Te-no_317.jpg
notumor,F:\brain tumor detection\data\raw\primary\notumor\notumor_Te-no_318.jpg
notumor,F:\brain tumor detection\data\raw\primary\notumor\notumor_Te-no_319.jpg
notumor,F:\brain tumor detection\data\raw\primary\notumor\notumor_Te-no_32.jpg
notumor,F:\brain tumor detection\data\raw\primary\notumor\notumor_Te-no_320.jpg
notumor,F:\brain tumor detection\data\raw\primary\notumor\notumor_Te-no_321.jpg
notumor,F:\brain tumor detection\data\raw\primary\notumor\notumor_Te-no_322.jpg
notumor,F:\brain tumor detection\data\raw\primary\notumor\notumor_Te-no_323.jpg
notumor,F:\brain tumor detection\data\raw\primary\notumor\notumor_Te-no_324.jpg
notumor,F:\brain tumor detection\data\raw\primary\notumor\notumor_Te-no_325.jpg
notumor,F:\brain tumor detection\data\raw\primary\notumor\notumor_Te-no_326.jpg
notumor,F:\brain tumor detection\data\raw\primary\notumor\notumor_Te-no_327.jpg
notumor,F:\brain tumor detection\data\raw\primary\notumor\notumor_Te-no_328.jpg
notumor,F:\brain tumor detection\data\raw\primary\notumor\notumor_Te-no_329.jpg
notumor,F:\brain tumor detection\data\raw\primary\notumor\notumor_Te-no_33.jpg
notumor,F:\brain tumor detection\data\raw\primary\notumor\notumor_Te-no_330.jpg
notumor,F:\brain tumor detection\data\raw\primary\notumor\notumor_Te-no_331.jpg
notumor,F:\brain tumor detection\data\raw\primary\notumor\notumor_Te-no_332.jpg
notumor,F:\brain tumor detection\data\raw\primary\notumor\notumor_Te-no_333.jpg
notumor,F:\brain tumor detection\data\raw\primary\notumor\notumor_Te-no_334.jpg
notumor,F:\brain tumor detection\data\raw\primary\notumor\notumor_Te-no_335.jpg
notumor,F:\brain tumor detection\data\raw\primary\notumor\notumor_Te-no_336.jpg
notumor,F:\brain tumor detection\data\raw\primary\notumor\notumor_Te-no_337.jpg
notumor,F:\brain tumor detection\data\raw\primary\notumor\notumor_Te-no_338.jpg
notumor,F:\brain tumor detection\data\raw\primary\notumor\notumor_Te-no_339.jpg
notumor,F:\brain tumor detection\data\raw\primary\notumor\notumor_Te-no_34.jpg
notumor,F:\brain tumor detection\data\raw\primary\notumor\notumor_Te-no_340.jpg
notumor,F:\brain tumor detection\data\raw\primary\notumor\notumor_Te-no_341.jpg
notumor,F:\brain tumor detection\data\raw\primary\notumor\notumor_Te-no_342.jpg
notumor,F:\brain tumor detection\data\raw\primary\notumor\notumor_Te-no_343.jpg
notumor,F:\brain tumor detection\data\raw\primary\notumor\notumor_Te-no_344.jpg
notumor,F:\brain tumor detection\data\raw\primary\notumor\notumor_Te-no_345.jpg
notumor,F:\brain tumor detection\data\raw\primary\notumor\notumor_Te-no_346.jpg
notumor,F:\brain tumor detection\data\raw\primary\notumor\notumor_Te-no_347.jpg
notumor,F:\brain tumor detection\data\raw\primary\notumor\notumor_Te-no_348.jpg
notumor,F:\brain tumor detection\data\raw\primary\notumor\notumor_Te-no_349.jpg
notumor,F:\brain tumor detection\data\raw\primary\notumor\notumor_Te-no_35.jpg
notumor,F:\brain tumor detection\data\raw\primary\notumor\notumor_Te-no_350.jpg
notumor,F:\brain tumor detection\data\raw\primary\notumor\notumor_Te-no_351.jpg
notumor,F:\brain tumor detection\data\raw\primary\notumor\notumor_Te-no_352.jpg
notumor,F:\brain tumor detection\data\raw\primary\notumor\notumor_Te-no_353.jpg
notumor,F:\brain tumor detection\data\raw\primary\notumor\notumor_Te-no_354.jpg
notumor,F:\brain tumor detection\data\raw\primary\notumor\notumor_Te-no_355.jpg
notumor,F:\brain tumor detection\data\raw\primary\notumor\notumor_Te-no_356.jpg
notumor,F:\brain tumor detection\data\raw\primary\notumor\notumor_Te-no_357.jpg
notumor,F:\brain tumor detection\data\raw\primary\notumor\notumor_Te-no_358.jpg
notumor,F:\brain tumor detection\data\raw\primary\notumor\notumor_Te-no_359.jpg
notumor,F:\brain tumor detection\data\raw\primary\notumor\notumor_Te-no_36.jpg
notumor,F:\brain tumor detection\data\raw\primary\notumor\notumor_Te-no_360.jpg
notumor,F:\brain tumor detection\data\raw\primary\notumor\notumor_Te-no_361.jpg
notumor,F:\brain tumor detection\data\raw\primary\notumor\notumor_Te-no_362.jpg
notumor,F:\brain tumor detection\data\raw\primary\notumor\notumor_Te-no_363.jpg
notumor,F:\brain tumor detection\data\raw\primary\notumor\notumor_Te-no_364.jpg
notumor,F:\brain tumor detection\data\raw\primary\notumor\notumor_Te-no_365.jpg
notumor,F:\brain tumor detection\data\raw\primary\notumor\notumor_Te-no_366.jpg
notumor,F:\brain tumor detection\data\raw\primary\notumor\notumor_Te-no_367.jpg
notumor,F:\brain tumor detection\data\raw\primary\notumor\notumor_Te-no_368.jpg
notumor,F:\brain tumor detection\data\raw\primary\notumor\notumor_Te-no_369.jpg
notumor,F:\brain tumor detection\data\raw\primary\notumor\notumor_Te-no_37.jpg
notumor,F:\brain tumor detection\data\raw\primary\notumor\notumor_Te-no_370.jpg
notumor,F:\brain tumor detection\data\raw\primary\notumor\notumor_Te-no_371.jpg
notumor,F:\brain tumor detection\data\raw\primary\notumor\notumor_Te-no_372.jpg
notumor,F:\brain tumor detection\data\raw\primary\notumor\notumor_Te-no_373.jpg
notumor,F:\brain tumor detection\data\raw\primary\notumor\notumor_Te-no_374.jpg
notumor,F:\brain tumor detection\data\raw\primary\notumor\notumor_Te-no_375.jpg
notumor,F:\brain tumor detection\data\raw\primary\notumor\notumor_Te-no_376.jpg
notumor,F:\brain tumor detection\data\raw\primary\notumor\notumor_Te-no_377.jpg
notumor,F:\brain tumor detection\data\raw\primary\notumor\notumor_Te-no_378.jpg
notumor,F:\brain tumor detection\data\raw\primary\notumor\notumor_Te-no_379.jpg
notumor,F:\brain tumor detection\data\raw\primary\notumor\notumor_Te-no_38.jpg
notumor,F:\brain tumor detection\data\raw\primary\notumor\notumor_Te-no_380.jpg
notumor,F:\brain tumor detection\data\raw\primary\notumor\notumor_Te-no_381.jpg
notumor,F:\brain tumor detection\data\raw\primary\notumor\notumor_Te-no_382.jpg
notumor,F:\brain tumor detection\data\raw\primary\notumor\notumor_Te-no_383.jpg
notumor,F:\brain tumor detection\data\raw\primary\notumor\notumor_Te-no_384.jpg
notumor,F:\brain tumor detection\data\raw\primary\notumor\notumor_Te-no_385.jpg
notumor,F:\brain tumor detection\data\raw\primary\notumor\notumor_Te-no_386.jpg
notumor,F:\brain tumor detection\data\raw\primary\notumor\notumor_Te-no_387.jpg
notumor,F:\brain tumor detection\data\raw\primary\notumor\notumor_Te-no_388.jpg
notumor,F:\brain tumor detection\data\raw\primary\notumor\notumor_Te-no_389.jpg
notumor,F:\brain tumor detection\data\raw\primary\notumor\notumor_Te-no_39.jpg
notumor,F:\brain tumor detection\data\raw\primary\notumor\notumor_Te-no_390.jpg
notumor,F:\brain tumor detection\data\raw\primary\notumor\notumor_Te-no_391.jpg
notumor,F:\brain tumor detection\data\raw\primary\notumor\notumor_Te-no_392.jpg
notumor,F:\brain tumor detection\data\raw\primary\notumor\notumor_Te-no_393.jpg
notumor,F:\brain tumor detection\data\raw\primary\notumor\notumor_Te-no_394.jpg
notumor,F:\brain tumor detection\data\raw\primary\notumor\notumor_Te-no_395.jpg
notumor,F:\brain tumor detection\data\raw\primary\notumor\notumor_Te-no_396.jpg
notumor,F:\brain tumor detection\data\raw\primary\notumor\notumor_Te-no_397.jpg
notumor,F:\brain tumor detection\data\raw\primary\notumor\notumor_Te-no_398.jpg
notumor,F:\brain tumor detection\data\raw\primary\notumor\notumor_Te-no_399.jpg
notumor,F:\brain tumor detection\data\raw\primary\notumor\notumor_Te-no_4.jpg
notumor,F:\brain tumor detection\data\raw\primary\notumor\notumor_Te-no_40.jpg
notumor,F:\brain tumor detection\data\raw\primary\notumor\notumor_Te-no_400.jpg
notumor,F:\brain tumor detection\data\raw\primary\notumor\notumor_Te-no_41.jpg
notumor,F:\brain tumor detection\data\raw\primary\notumor\notumor_Te-no_42.jpg
notumor,F:\brain tumor detection\data\raw\primary\notumor\notumor_Te-no_43.jpg
notumor,F:\brain tumor detection\data\raw\primary\notumor\notumor_Te-no_44.jpg
notumor,F:\brain tumor detection\data\raw\primary\notumor\notumor_Te-no_45.jpg
notumor,F:\brain tumor detection\data\raw\primary\notumor\notumor_Te-no_46.jpg
notumor,F:\brain tumor detection\data\raw\primary\notumor\notumor_Te-no_47.jpg
notumor,F:\brain tumor detection\data\raw\primary\notumor\notumor_Te-no_48.jpg
notumor,F:\brain tumor detection\data\raw\primary\notumor\notumor_Te-no_49.jpg
notumor,F:\brain tumor detection\data\raw\primary\notumor\notumor_Te-no_5.jpg
notumor,F:\brain tumor detection\data\raw\primary\notumor\notumor_Te-no_50.jpg
notumor,F:\brain tumor detection\data\raw\primary\notumor\notumor_Te-no_51.jpg
notumor,F:\brain tumor detection\data\raw\primary\notumor\notumor_Te-no_52.jpg
notumor,F:\brain tumor detection\data\raw\primary\notumor\notumor_Te-no_53.jpg
notumor,F:\brain tumor detection\data\raw\primary\notumor\notumor_Te-no_54.jpg
notumor,F:\brain tumor detection\data\raw\primary\notumor\notumor_Te-no_55.jpg
notumor,F:\brain tumor detection\data\raw\primary\notumor\notumor_Te-no_56.jpg
notumor,F:\brain tumor detection\data\raw\primary\notumor\notumor_Te-no_57.jpg
notumor,F:\brain tumor detection\data\raw\primary\notumor\notumor_Te-no_58.jpg
notumor,F:\brain tumor detection\data\raw\primary\notumor\notumor_Te-no_59.jpg
notumor,F:\brain tumor detection\data\raw\primary\notumor\notumor_Te-no_6.jpg
notumor,F:\brain tumor detection\data\raw\primary\notumor\notumor_Te-no_60.jpg
notumor,F:\brain tumor detection\data\raw\primary\notumor\notumor_Te-no_61.jpg
notumor,F:\brain tumor detection\data\raw\primary\notumor\notumor_Te-no_62.jpg
notumor,F:\brain tumor detection\data\raw\primary\notumor\notumor_Te-no_63.jpg
notumor,F:\brain tumor detection\data\raw\primary\notumor\notumor_Te-no_64.jpg
notumor,F:\brain tumor detection\data\raw\primary\notumor\notumor_Te-no_65.jpg
notumor,F:\brain tumor detection\data\raw\primary\notumor\notumor_Te-no_66.jpg
notumor,F:\brain tumor detection\data\raw\primary\notumor\notumor_Te-no_67.jpg
notumor,F:\brain tumor detection\data\raw\primary\notumor\notumor_Te-no_68.jpg
notumor,F:\brain tumor detection\data\raw\primary\notumor\notumor_Te-no_69.jpg
notumor,F:\brain tumor detection\data\raw\primary\notumor\notumor_Te-no_7.jpg
notumor,F:\brain tumor detection\data\raw\primary\notumor\notumor_Te-no_70.jpg
notumor,F:\brain tumor detection\data\raw\primary\notumor\notumor_Te-no_71.jpg
notumor,F:\brain tumor detection\data\raw\primary\notumor\notumor_Te-no_72.jpg
notumor,F:\brain tumor detection\data\raw\primary\notumor\notumor_Te-no_73.jpg
notumor,F:\brain tumor detection\data\raw\primary\notumor\notumor_Te-no_74.jpg
notumor,F:\brain tumor detection\data\raw\primary\notumor\notumor_Te-no_75.jpg
notumor,F:\brain tumor detection\data\raw\primary\notumor\notumor_Te-no_76.jpg
notumor,F:\brain tumor detection\data\raw\primary\notumor\notumor_Te-no_77.jpg
notumor,F:\brain tumor detection\data\raw\primary\notumor\notumor_Te-no_78.jpg
notumor,F:\brain tumor detection\data\raw\primary\notumor\notumor_Te-no_79.jpg
notumor,F:\brain tumor detection\data\raw\primary\notumor\notumor_Te-no_8.jpg
notumor,F:\brain tumor detection\data\raw\primary\notumor\notumor_Te-no_80.jpg
notumor,F:\brain tumor detection\data\raw\primary\notumor\notumor_Te-no_81.jpg
notumor,F:\brain tumor detection\data\raw\primary\notumor\notumor_Te-no_82.jpg
notumor,F:\brain tumor detection\data\raw\primary\notumor\notumor_Te-no_83.jpg
notumor,F:\brain tumor detection\data\raw\primary\notumor\notumor_Te-no_84.jpg
notumor,F:\brain tumor detection\data\raw\primary\notumor\notumor_Te-no_85.jpg
notumor,F:\brain tumor detection\data\raw\primary\notumor\notumor_Te-no_86.jpg
notumor,F:\brain tumor detection\data\raw\primary\notumor\notumor_Te-no_87.jpg
notumor,F:\brain tumor detection\data\raw\primary\notumor\notumor_Te-no_88.jpg
notumor,F:\brain tumor detection\data\raw\primary\notumor\notumor_Te-no_89.jpg
notumor,F:\brain tumor detection\data\raw\primary\notumor\notumor_Te-no_9.jpg
notumor,F:\brain tumor detection\data\raw\primary\notumor\notumor_Te-no_90.jpg
notumor,F:\brain tumor detection\data\raw\primary\notumor\notumor_Te-no_91.jpg
notumor,F:\brain tumor detection\data\raw\primary\notumor\notumor_Te-no_92.jpg
notumor,F:\brain tumor detection\data\raw\primary\notumor\notumor_Te-no_93.jpg
notumor,F:\brain tumor detection\data\raw\primary\notumor\notumor_Te-no_94.jpg
notumor,F:\brain tumor detection\data\raw\primary\notumor\notumor_Te-no_95.jpg
notumor,F:\brain tumor detection\data\raw\primary\notumor\notumor_Te-no_96.jpg
notumor,F:\brain tumor detection\data\raw\primary\notumor\notumor_Te-no_97.jpg
notumor,F:\brain tumor detection\data\raw\primary\notumor\notumor_Te-no_98.jpg
notumor,F:\brain tumor detection\data\raw\primary\notumor\notumor_Te-no_99.jpg
pituitary,F:\brain tumor detection\data\raw\primary\pituitary\pituitary_Te-pi_1.jpg
pituitary,F:\brain tumor detection\data\raw\primary\pituitary\pituitary_Te-pi_10.jpg
pituitary,F:\brain tumor detection\data\raw\primary\pituitary\pituitary_Te-pi_100.jpg
pituitary,F:\brain tumor detection\data\raw\primary\pituitary\pituitary_Te-pi_101.jpg
pituitary,F:\brain tumor detection\data\raw\primary\pituitary\pituitary_Te-pi_102.jpg
pituitary,F:\brain tumor detection\data\raw\primary\pituitary\pituitary_Te-pi_103.jpg
pituitary,F:\brain tumor detection\data\raw\primary\pituitary\pituitary_Te-pi_104.jpg
pituitary,F:\brain tumor detection\data\raw\primary\pituitary\pituitary_Te-pi_105.jpg
pituitary,F:\brain tumor detection\data\raw\primary\pituitary\pituitary_Te-pi_106.jpg
pituitary,F:\brain tumor detection\data\raw\primary\pituitary\pituitary_Te-pi_107.jpg
pituitary,F:\brain tumor detection\data\raw\primary\pituitary\pituitary_Te-pi_108.jpg
pituitary,F:\brain tumor detection\data\raw\primary\pituitary\pituitary_Te-pi_109.jpg
pituitary,F:\brain tumor detection\data\raw\primary\pituitary\pituitary_Te-pi_11.jpg
pituitary,F:\brain tumor detection\data\raw\primary\pituitary\pituitary_Te-pi_110.jpg
pituitary,F:\brain tumor detection\data\raw\primary\pituitary\pituitary_Te-pi_111.jpg
pituitary,F:\brain tumor detection\data\raw\primary\pituitary\pituitary_Te-pi_112.jpg
pituitary,F:\brain tumor detection\data\raw\primary\pituitary\pituitary_Te-pi_113.jpg
pituitary,F:\brain tumor detection\data\raw\primary\pituitary\pituitary_Te-pi_114.jpg
pituitary,F:\brain tumor detection\data\raw\primary\pituitary\pituitary_Te-pi_115.jpg
pituitary,F:\brain tumor detection\data\raw\primary\pituitary\pituitary_Te-pi_116.jpg
pituitary,F:\brain tumor detection\data\raw\primary\pituitary\pituitary_Te-pi_117.jpg
pituitary,F:\brain tumor detection\data\raw\primary\pituitary\pituitary_Te-pi_118.jpg
pituitary,F:\brain tumor detection\data\raw\primary\pituitary\pituitary_Te-pi_119.jpg
pituitary,F:\brain tumor detection\data\raw\primary\pituitary\pituitary_Te-pi_12.jpg
pituitary,F:\brain tumor detection\data\raw\primary\pituitary\pituitary_Te-pi_120.jpg
pituitary,F:\brain tumor detection\data\raw\primary\pituitary\pituitary_Te-pi_121.jpg
pituitary,F:\brain tumor detection\data\raw\primary\pituitary\pituitary_Te-pi_122.jpg
pituitary,F:\brain tumor detection\data\raw\primary\pituitary\pituitary_Te-pi_123.jpg
pituitary,F:\brain tumor detection\data\raw\primary\pituitary\pituitary_Te-pi_124.jpg
pituitary,F:\brain tumor detection\data\raw\primary\pituitary\pituitary_Te-pi_125.jpg
pituitary,F:\brain tumor detection\data\raw\primary\pituitary\pituitary_Te-pi_126.jpg
pituitary,F:\brain tumor detection\data\raw\primary\pituitary\pituitary_Te-pi_127.jpg
pituitary,F:\brain tumor detection\data\raw\primary\pituitary\pituitary_Te-pi_128.jpg
pituitary,F:\brain tumor detection\data\raw\primary\pituitary\pituitary_Te-pi_129.jpg
pituitary,F:\brain tumor detection\data\raw\primary\pituitary\pituitary_Te-pi_13.jpg
pituitary,F:\brain tumor detection\data\raw\primary\pituitary\pituitary_Te-pi_130.jpg
pituitary,F:\brain tumor detection\data\raw\primary\pituitary\pituitary_Te-pi_131.jpg
pituitary,F:\brain tumor detection\data\raw\primary\pituitary\pituitary_Te-pi_132.jpg
pituitary,F:\brain tumor detection\data\raw\primary\pituitary\pituitary_Te-pi_133.jpg
pituitary,F:\brain tumor detection\data\raw\primary\pituitary\pituitary_Te-pi_134.jpg
pituitary,F:\brain tumor detection\data\raw\primary\pituitary\pituitary_Te-pi_135.jpg
pituitary,F:\brain tumor detection\data\raw\primary\pituitary\pituitary_Te-pi_136.jpg
pituitary,F:\brain tumor detection\data\raw\primary\pituitary\pituitary_Te-pi_137.jpg
pituitary,F:\brain tumor detection\data\raw\primary\pituitary\pituitary_Te-pi_138.jpg
pituitary,F:\brain tumor detection\data\raw\primary\pituitary\pituitary_Te-pi_139.jpg
pituitary,F:\brain tumor detection\data\raw\primary\pituitary\pituitary_Te-pi_14.jpg
pituitary,F:\brain tumor detection\data\raw\primary\pituitary\pituitary_Te-pi_140.jpg
pituitary,F:\brain tumor detection\data\raw\primary\pituitary\pituitary_Te-pi_141.jpg
pituitary,F:\brain tumor detection\data\raw\primary\pituitary\pituitary_Te-pi_142.jpg
pituitary,F:\brain tumor detection\data\raw\primary\pituitary\pituitary_Te-pi_143.jpg
pituitary,F:\brain tumor detection\data\raw\primary\pituitary\pituitary_Te-pi_144.jpg
pituitary,F:\brain tumor detection\data\raw\primary\pituitary\pituitary_Te-pi_145.jpg
pituitary,F:\brain tumor detection\data\raw\primary\pituitary\pituitary_Te-pi_146.jpg
pituitary,F:\brain tumor detection\data\raw\primary\pituitary\pituitary_Te-pi_147.jpg
pituitary,F:\brain tumor detection\data\raw\primary\pituitary\pituitary_Te-pi_148.jpg
pituitary,F:\brain tumor detection\data\raw\primary\pituitary\pituitary_Te-pi_149.jpg
pituitary,F:\brain tumor detection\data\raw\primary\pituitary\pituitary_Te-pi_15.jpg
pituitary,F:\brain tumor detection\data\raw\primary\pituitary\pituitary_Te-pi_150.jpg
pituitary,F:\brain tumor detection\data\raw\primary\pituitary\pituitary_Te-pi_151.jpg
pituitary,F:\brain tumor detection\data\raw\primary\pituitary\pituitary_Te-pi_152.jpg
pituitary,F:\brain tumor detection\data\raw\primary\pituitary\pituitary_Te-pi_153.jpg
pituitary,F:\brain tumor detection\data\raw\primary\pituitary\pituitary_Te-pi_154.jpg
pituitary,F:\brain tumor detection\data\raw\primary\pituitary\pituitary_Te-pi_155.jpg
pituitary,F:\brain tumor detection\data\raw\primary\pituitary\pituitary_Te-pi_156.jpg
pituitary,F:\brain tumor detection\data\raw\primary\pituitary\pituitary_Te-pi_157.jpg
pituitary,F:\brain tumor detection\data\raw\primary\pituitary\pituitary_Te-pi_158.jpg
pituitary,F:\brain tumor detection\data\raw\primary\pituitary\pituitary_Te-pi_159.jpg
pituitary,F:\brain tumor detection\data\raw\primary\pituitary\pituitary_Te-pi_16.jpg
pituitary,F:\brain tumor detection\data\raw\primary\pituitary\pituitary_Te-pi_160.jpg
pituitary,F:\brain tumor detection\data\raw\primary\pituitary\pituitary_Te-pi_161.jpg
pituitary,F:\brain tumor detection\data\raw\primary\pituitary\pituitary_Te-pi_162.jpg
pituitary,F:\brain tumor detection\data\raw\primary\pituitary\pituitary_Te-pi_163.jpg
pituitary,F:\brain tumor detection\data\raw\primary\pituitary\pituitary_Te-pi_164.jpg
pituitary,F:\brain tumor detection\data\raw\primary\pituitary\pituitary_Te-pi_165.jpg
pituitary,F:\brain tumor detection\data\raw\primary\pituitary\pituitary_Te-pi_166.jpg
pituitary,F:\brain tumor detection\data\raw\primary\pituitary\pituitary_Te-pi_167.jpg
pituitary,F:\brain tumor detection\data\raw\primary\pituitary\pituitary_Te-pi_168.jpg
pituitary,F:\brain tumor detection\data\raw\primary\pituitary\pituitary_Te-pi_169.jpg
pituitary,F:\brain tumor detection\data\raw\primary\pituitary\pituitary_Te-pi_17.jpg
pituitary,F:\brain tumor detection\data\raw\primary\pituitary\pituitary_Te-pi_170.jpg
pituitary,F:\brain tumor detection\data\raw\primary\pituitary\pituitary_Te-pi_171.jpg
pituitary,F:\brain tumor detection\data\raw\primary\pituitary\pituitary_Te-pi_172.jpg
pituitary,F:\brain tumor detection\data\raw\primary\pituitary\pituitary_Te-pi_173.jpg
pituitary,F:\brain tumor detection\data\raw\primary\pituitary\pituitary_Te-pi_174.jpg
pituitary,F:\brain tumor detection\data\raw\primary\pituitary\pituitary_Te-pi_175.jpg
pituitary,F:\brain tumor detection\data\raw\primary\pituitary\pituitary_Te-pi_176.jpg
pituitary,F:\brain tumor detection\data\raw\primary\pituitary\pituitary_Te-pi_177.jpg
pituitary,F:\brain tumor detection\data\raw\primary\pituitary\pituitary_Te-pi_178.jpg
pituitary,F:\brain tumor detection\data\raw\primary\pituitary\pituitary_Te-pi_179.jpg
pituitary,F:\brain tumor detection\data\raw\primary\pituitary\pituitary_Te-pi_18.jpg
pituitary,F:\brain tumor detection\data\raw\primary\pituitary\pituitary_Te-pi_180.jpg
pituitary,F:\brain tumor detection\data\raw\primary\pituitary\pituitary_Te-pi_181.jpg
pituitary,F:\brain tumor detection\data\raw\primary\pituitary\pituitary_Te-pi_182.jpg
pituitary,F:\brain tumor detection\data\raw\primary\pituitary\pituitary_Te-pi_183.jpg
pituitary,F:\brain tumor detection\data\raw\primary\pituitary\pituitary_Te-pi_184.jpg
pituitary,F:\brain tumor detection\data\raw\primary\pituitary\pituitary_Te-pi_185.jpg
pituitary,F:\brain tumor detection\data\raw\primary\pituitary\pituitary_Te-pi_186.jpg
pituitary,F:\brain tumor detection\data\raw\primary\pituitary\pituitary_Te-pi_187.jpg
pituitary,F:\brain tumor detection\data\raw\primary\pituitary\pituitary_Te-pi_188.jpg
pituitary,F:\brain tumor detection\data\raw\primary\pituitary\pituitary_Te-pi_189.jpg
pituitary,F:\brain tumor detection\data\raw\primary\pituitary\pituitary_Te-pi_19.jpg
pituitary,F:\brain tumor detection\data\raw\primary\pituitary\pituitary_Te-pi_190.jpg
pituitary,F:\brain tumor detection\data\raw\primary\pituitary\pituitary_Te-pi_191.jpg
pituitary,F:\brain tumor detection\data\raw\primary\pituitary\pituitary_Te-pi_192.jpg
pituitary,F:\brain tumor detection\data\raw\primary\pituitary\pituitary_Te-pi_193.jpg
pituitary,F:\brain tumor detection\data\raw\primary\pituitary\pituitary_Te-pi_194.jpg
pituitary,F:\brain tumor detection\data\raw\primary\pituitary\pituitary_Te-pi_195.jpg
pituitary,F:\brain tumor detection\data\raw\primary\pituitary\pituitary_Te-pi_196.jpg
pituitary,F:\brain tumor detection\data\raw\primary\pituitary\pituitary_Te-pi_197.jpg
pituitary,F:\brain tumor detection\data\raw\primary\pituitary\pituitary_Te-pi_198.jpg
pituitary,F:\brain tumor detection\data\raw\primary\pituitary\pituitary_Te-pi_199.jpg
pituitary,F:\brain tumor detection\data\raw\primary\pituitary\pituitary_Te-pi_2.jpg
pituitary,F:\brain tumor detection\data\raw\primary\pituitary\pituitary_Te-pi_20.jpg
pituitary,F:\brain tumor detection\data\raw\primary\pituitary\pituitary_Te-pi_200.jpg
pituitary,F:\brain tumor detection\data\raw\primary\pituitary\pituitary_Te-pi_201.jpg
pituitary,F:\brain tumor detection\data\raw\primary\pituitary\pituitary_Te-pi_202.jpg
pituitary,F:\brain tumor detection\data\raw\primary\pituitary\pituitary_Te-pi_203.jpg
pituitary,F:\brain tumor detection\data\raw\primary\pituitary\pituitary_Te-pi_204.jpg
pituitary,F:\brain tumor detection\data\raw\primary\pituitary\pituitary_Te-pi_205.jpg
pituitary,F:\brain tumor detection\data\raw\primary\pituitary\pituitary_Te-pi_206.jpg
pituitary,F:\brain tumor detection\data\raw\primary\pituitary\pituitary_Te-pi_207.jpg
pituitary,F:\brain tumor detection\data\raw\primary\pituitary\pituitary_Te-pi_208.jpg
pituitary,F:\brain tumor detection\data\raw\primary\pituitary\pituitary_Te-pi_209.jpg
pituitary,F:\brain tumor detection\data\raw\primary\pituitary\pituitary_Te-pi_21.jpg
pituitary,F:\brain tumor detection\data\raw\primary\pituitary\pituitary_Te-pi_210.jpg
pituitary,F:\brain tumor detection\data\raw\primary\pituitary\pituitary_Te-pi_211.jpg
pituitary,F:\brain tumor detection\data\raw\primary\pituitary\pituitary_Te-pi_212.jpg
pituitary,F:\brain tumor detection\data\raw\primary\pituitary\pituitary_Te-pi_213.jpg
pituitary,F:\brain tumor detection\data\raw\primary\pituitary\pituitary_Te-pi_214.jpg
pituitary,F:\brain tumor detection\data\raw\primary\pituitary\pituitary_Te-pi_215.jpg
pituitary,F:\brain tumor detection\data\raw\primary\pituitary\pituitary_Te-pi_216.jpg
pituitary,F:\brain tumor detection\data\raw\primary\pituitary\pituitary_Te-pi_217.jpg
pituitary,F:\brain tumor detection\data\raw\primary\pituitary\pituitary_Te-pi_218.jpg
pituitary,F:\brain tumor detection\data\raw\primary\pituitary\pituitary_Te-pi_219.jpg
pituitary,F:\brain tumor detection\data\raw\primary\pituitary\pituitary_Te-pi_22.jpg
pituitary,F:\brain tumor detection\data\raw\primary\pituitary\pituitary_Te-pi_220.jpg
pituitary,F:\brain tumor detection\data\raw\primary\pituitary\pituitary_Te-pi_221.jpg
pituitary,F:\brain tumor detection\data\raw\primary\pituitary\pituitary_Te-pi_222.jpg
pituitary,F:\brain tumor detection\data\raw\primary\pituitary\pituitary_Te-pi_223.jpg
pituitary,F:\brain tumor detection\data\raw\primary\pituitary\pituitary_Te-pi_224.jpg
pituitary,F:\brain tumor detection\data\raw\primary\pituitary\pituitary_Te-pi_225.jpg
pituitary,F:\brain tumor detection\data\raw\primary\pituitary\pituitary_Te-pi_226.jpg
pituitary,F:\brain tumor detection\data\raw\primary\pituitary\pituitary_Te-pi_227.jpg
pituitary,F:\brain tumor detection\data\raw\primary\pituitary\pituitary_Te-pi_228.jpg
pituitary,F:\brain tumor detection\data\raw\primary\pituitary\pituitary_Te-pi_229.jpg
pituitary,F:\brain tumor detection\data\raw\primary\pituitary\pituitary_Te-pi_23.jpg
pituitary,F:\brain tumor detection\data\raw\primary\pituitary\pituitary_Te-pi_230.jpg
pituitary,F:\brain tumor detection\data\raw\primary\pituitary\pituitary_Te-pi_231.jpg
pituitary,F:\brain tumor detection\data\raw\primary\pituitary\pituitary_Te-pi_232.jpg
pituitary,F:\brain tumor detection\data\raw\primary\pituitary\pituitary_Te-pi_233.jpg
pituitary,F:\brain tumor detection\data\raw\primary\pituitary\pituitary_Te-pi_234.jpg
pituitary,F:\brain tumor detection\data\raw\primary\pituitary\pituitary_Te-pi_235.jpg
pituitary,F:\brain tumor detection\data\raw\primary\pituitary\pituitary_Te-pi_236.jpg
pituitary,F:\brain tumor detection\data\raw\primary\pituitary\pituitary_Te-pi_237.jpg
pituitary,F:\brain tumor detection\data\raw\primary\pituitary\pituitary_Te-pi_238.jpg
pituitary,F:\brain tumor detection\data\raw\primary\pituitary\pituitary_Te-pi_239.jpg
pituitary,F:\brain tumor detection\data\raw\primary\pituitary\pituitary_Te-pi_24.jpg
pituitary,F:\brain tumor detection\data\raw\primary\pituitary\pituitary_Te-pi_240.jpg
pituitary,F:\brain tumor detection\data\raw\primary\pituitary\pituitary_Te-pi_241.jpg
pituitary,F:\brain tumor detection\data\raw\primary\pituitary\pituitary_Te-pi_242.jpg
pituitary,F:\brain tumor detection\data\raw\primary\pituitary\pituitary_Te-pi_243.jpg
pituitary,F:\brain tumor detection\data\raw\primary\pituitary\pituitary_Te-pi_244.jpg
pituitary,F:\brain tumor detection\data\raw\primary\pituitary\pituitary_Te-pi_245.jpg
pituitary,F:\brain tumor detection\data\raw\primary\pituitary\pituitary_Te-pi_246.jpg
pituitary,F:\brain tumor detection\data\raw\primary\pituitary\pituitary_Te-pi_247.jpg
pituitary,F:\brain tumor detection\data\raw\primary\pituitary\pituitary_Te-pi_248.jpg
pituitary,F:\brain tumor detection\data\raw\primary\pituitary\pituitary_Te-pi_249.jpg
pituitary,F:\brain tumor detection\data\raw\primary\pituitary\pituitary_Te-pi_25.jpg
pituitary,F:\brain tumor detection\data\raw\primary\pituitary\pituitary_Te-pi_250.jpg
pituitary,F:\brain tumor detection\data\raw\primary\pituitary\pituitary_Te-pi_251.jpg
pituitary,F:\brain tumor detection\data\raw\primary\pituitary\pituitary_Te-pi_252.jpg
pituitary,F:\brain tumor detection\data\raw\primary\pituitary\pituitary_Te-pi_253.jpg
pituitary,F:\brain tumor detection\data\raw\primary\pituitary\pituitary_Te-pi_254.jpg
pituitary,F:\brain tumor detection\data\raw\primary\pituitary\pituitary_Te-pi_255.jpg
pituitary,F:\brain tumor detection\data\raw\primary\pituitary\pituitary_Te-pi_256.jpg
pituitary,F:\brain tumor detection\data\raw\primary\pituitary\pituitary_Te-pi_257.jpg
pituitary,F:\brain tumor detection\data\raw\primary\pituitary\pituitary_Te-pi_258.jpg
pituitary,F:\brain tumor detection\data\raw\primary\pituitary\pituitary_Te-pi_259.jpg
pituitary,F:\brain tumor detection\data\raw\primary\pituitary\pituitary_Te-pi_26.jpg
pituitary,F:\brain tumor detection\data\raw\primary\pituitary\pituitary_Te-pi_260.jpg
pituitary,F:\brain tumor detection\data\raw\primary\pituitary\pituitary_Te-pi_261.jpg
pituitary,F:\brain tumor detection\data\raw\primary\pituitary\pituitary_Te-pi_262.jpg
pituitary,F:\brain tumor detection\data\raw\primary\pituitary\pituitary_Te-pi_263.jpg
pituitary,F:\brain tumor detection\data\raw\primary\pituitary\pituitary_Te-pi_264.jpg
pituitary,F:\brain tumor detection\data\raw\primary\pituitary\pituitary_Te-pi_265.jpg
pituitary,F:\brain tumor detection\data\raw\primary\pituitary\pituitary_Te-pi_266.jpg
pituitary,F:\brain tumor detection\data\raw\primary\pituitary\pituitary_Te-pi_267.jpg
pituitary,F:\brain tumor detection\data\raw\primary\pituitary\pituitary_Te-pi_268.jpg
pituitary,F:\brain tumor detection\data\raw\primary\pituitary\pituitary_Te-pi_269.jpg
pituitary,F:\brain tumor detection\data\raw\primary\pituitary\pituitary_Te-pi_27.jpg
pituitary,F:\brain tumor detection\data\raw\primary\pituitary\pituitary_Te-pi_270.jpg
pituitary,F:\brain tumor detection\data\raw\primary\pituitary\pituitary_Te-pi_271.jpg
pituitary,F:\brain tumor detection\data\raw\primary\pituitary\pituitary_Te-pi_272.jpg
pituitary,F:\brain tumor detection\data\raw\primary\pituitary\pituitary_Te-pi_273.jpg
pituitary,F:\brain tumor detection\data\raw\primary\pituitary\pituitary_Te-pi_274.jpg
pituitary,F:\brain tumor detection\data\raw\primary\pituitary\pituitary_Te-pi_275.jpg
pituitary,F:\brain tumor detection\data\raw\primary\pituitary\pituitary_Te-pi_276.jpg
pituitary,F:\brain tumor detection\data\raw\primary\pituitary\pituitary_Te-pi_277.jpg
pituitary,F:\brain tumor detection\data\raw\primary\pituitary\pituitary_Te-pi_278.jpg
pituitary,F:\brain tumor detection\data\raw\primary\pituitary\pituitary_Te-pi_279.jpg
pituitary,F:\brain tumor detection\data\raw\primary\pituitary\pituitary_Te-pi_28.jpg
pituitary,F:\brain tumor detection\data\raw\primary\pituitary\pituitary_Te-pi_280.jpg
pituitary,F:\brain tumor detection\data\raw\primary\pituitary\pituitary_Te-pi_281.jpg
pituitary,F:\brain tumor detection\data\raw\primary\pituitary\pituitary_Te-pi_282.jpg
pituitary,F:\brain tumor detection\data\raw\primary\pituitary\pituitary_Te-pi_283.jpg
pituitary,F:\brain tumor detection\data\raw\primary\pituitary\pituitary_Te-pi_284.jpg
pituitary,F:\brain tumor detection\data\raw\primary\pituitary\pituitary_Te-pi_285.jpg
pituitary,F:\brain tumor detection\data\raw\primary\pituitary\pituitary_Te-pi_286.jpg
pituitary,F:\brain tumor detection\data\raw\primary\pituitary\pituitary_Te-pi_287.jpg
pituitary,F:\brain tumor detection\data\raw\primary\pituitary\pituitary_Te-pi_288.jpg
pituitary,F:\brain tumor detection\data\raw\primary\pituitary\pituitary_Te-pi_289.jpg
pituitary,F:\brain tumor detection\data\raw\primary\pituitary\pituitary_Te-pi_29.jpg
pituitary,F:\brain tumor detection\data\raw\primary\pituitary\pituitary_Te-pi_290.jpg
pituitary,F:\brain tumor detection\data\raw\primary\pituitary\pituitary_Te-pi_291.jpg
pituitary,F:\brain tumor detection\data\raw\primary\pituitary\pituitary_Te-pi_292.jpg
pituitary,F:\brain tumor detection\data\raw\primary\pituitary\pituitary_Te-pi_293.jpg
pituitary,F:\brain tumor detection\data\raw\primary\pituitary\pituitary_Te-pi_294.jpg
pituitary,F:\brain tumor detection\data\raw\primary\pituitary\pituitary_Te-pi_295.jpg
pituitary,F:\brain tumor detection\data\raw\primary\pituitary\pituitary_Te-pi_296.jpg
pituitary,F:\brain tumor detection\data\raw\primary\pituitary\pituitary_Te-pi_297.jpg
pituitary,F:\brain tumor detection\data\raw\primary\pituitary\pituitary_Te-pi_298.jpg
pituitary,F:\brain tumor detection\data\raw\primary\pituitary\pituitary_Te-pi_299.jpg
pituitary,F:\brain tumor detection\data\raw\primary\pituitary\pituitary_Te-pi_3.jpg
pituitary,F:\brain tumor detection\data\raw\primary\pituitary\pituitary_Te-pi_30.jpg
pituitary,F:\brain tumor detection\data\raw\primary\pituitary\pituitary_Te-pi_300.jpg
pituitary,F:\brain tumor detection\data\raw\primary\pituitary\pituitary_Te-pi_301.jpg
pituitary,F:\brain tumor detection\data\raw\primary\pituitary\pituitary_Te-pi_302.jpg
pituitary,F:\brain tumor detection\data\raw\primary\pituitary\pituitary_Te-pi_303.jpg
pituitary,F:\brain tumor detection\data\raw\primary\pituitary\pituitary_Te-pi_304.jpg
pituitary,F:\brain tumor detection\data\raw\primary\pituitary\pituitary_Te-pi_305.jpg
pituitary,F:\brain tumor detection\data\raw\primary\pituitary\pituitary_Te-pi_306.jpg
pituitary,F:\brain tumor detection\data\raw\primary\pituitary\pituitary_Te-pi_307.jpg
pituitary,F:\brain tumor detection\data\raw\primary\pituitary\pituitary_Te-pi_308.jpg
pituitary,F:\brain tumor detection\data\raw\primary\pituitary\pituitary_Te-pi_309.jpg
pituitary,F:\brain tumor detection\data\raw\primary\pituitary\pituitary_Te-pi_31.jpg
pituitary,F:\brain tumor detection\data\raw\primary\pituitary\pituitary_Te-pi_310.jpg
pituitary,F:\brain tumor detection\data\raw\primary\pituitary\pituitary_Te-pi_311.jpg
pituitary,F:\brain tumor detection\data\raw\primary\pituitary\pituitary_Te-pi_312.jpg
pituitary,F:\brain tumor detection\data\raw\primary\pituitary\pituitary_Te-pi_313.jpg
pituitary,F:\brain tumor detection\data\raw\primary\pituitary\pituitary_Te-pi_314.jpg
pituitary,F:\brain tumor detection\data\raw\primary\pituitary\pituitary_Te-pi_315.jpg
pituitary,F:\brain tumor detection\data\raw\primary\pituitary\pituitary_Te-pi_316.jpg
pituitary,F:\brain tumor detection\data\raw\primary\pituitary\pituitary_Te-pi_317.jpg
pituitary,F:\brain tumor detection\data\raw\primary\pituitary\pituitary_Te-pi_318.jpg
pituitary,F:\brain tumor detection\data\raw\primary\pituitary\pituitary_Te-pi_319.jpg
pituitary,F:\brain tumor detection\data\raw\primary\pituitary\pituitary_Te-pi_32.jpg
pituitary,F:\brain tumor detection\data\raw\primary\pituitary\pituitary_Te-pi_320.jpg
pituitary,F:\brain tumor detection\data\raw\primary\pituitary\pituitary_Te-pi_321.jpg
pituitary,F:\brain tumor detection\data\raw\primary\pituitary\pituitary_Te-pi_322.jpg
pituitary,F:\brain tumor detection\data\raw\primary\pituitary\pituitary_Te-pi_323.jpg
pituitary,F:\brain tumor detection\data\raw\primary\pituitary\pituitary_Te-pi_324.jpg
pituitary,F:\brain tumor detection\data\raw\primary\pituitary\pituitary_Te-pi_325.jpg
pituitary,F:\brain tumor detection\data\raw\primary\pituitary\pituitary_Te-pi_326.jpg
pituitary,F:\brain tumor detection\data\raw\primary\pituitary\pituitary_Te-pi_327.jpg
pituitary,F:\brain tumor detection\data\raw\primary\pituitary\pituitary_Te-pi_328.jpg
pituitary,F:\brain tumor detection\data\raw\primary\pituitary\pituitary_Te-pi_329.jpg
pituitary,F:\brain tumor detection\data\raw\primary\pituitary\pituitary_Te-pi_33.jpg
pituitary,F:\brain tumor detection\data\raw\primary\pituitary\pituitary_Te-pi_330.jpg
pituitary,F:\brain tumor detection\data\raw\primary\pituitary\pituitary_Te-pi_331.jpg
pituitary,F:\brain tumor detection\data\raw\primary\pituitary\pituitary_Te-pi_332.jpg
pituitary,F:\brain tumor detection\data\raw\primary\pituitary\pituitary_Te-pi_333.jpg
pituitary,F:\brain tumor detection\data\raw\primary\pituitary\pituitary_Te-pi_334.jpg
pituitary,F:\brain tumor detection\data\raw\primary\pituitary\pituitary_Te-pi_335.jpg
pituitary,F:\brain tumor detection\data\raw\primary\pituitary\pituitary_Te-pi_336.jpg
pituitary,F:\brain tumor detection\data\raw\primary\pituitary\pituitary_Te-pi_337.jpg
pituitary,F:\brain tumor detection\data\raw\primary\pituitary\pituitary_Te-pi_338.jpg
pituitary,F:\brain tumor detection\data\raw\primary\pituitary\pituitary_Te-pi_339.jpg
pituitary,F:\brain tumor detection\data\raw\primary\pituitary\pituitary_Te-pi_34.jpg
pituitary,F:\brain tumor detection\data\raw\primary\pituitary\pituitary_Te-pi_340.jpg
pituitary,F:\brain tumor detection\data\raw\primary\pituitary\pituitary_Te-pi_341.jpg
pituitary,F:\brain tumor detection\data\raw\primary\pituitary\pituitary_Te-pi_342.jpg
pituitary,F:\brain tumor detection\data\raw\primary\pituitary\pituitary_Te-pi_343.jpg
pituitary,F:\brain tumor detection\data\raw\primary\pituitary\pituitary_Te-pi_344.jpg
pituitary,F:\brain tumor detection\data\raw\primary\pituitary\pituitary_Te-pi_345.jpg
pituitary,F:\brain tumor detection\data\raw\primary\pituitary\pituitary_Te-pi_346.jpg
pituitary,F:\brain tumor detection\data\raw\primary\pituitary\pituitary_Te-pi_347.jpg
pituitary,F:\brain tumor detection\data\raw\primary\pituitary\pituitary_Te-pi_348.jpg
pituitary,F:\brain tumor detection\data\raw\primary\pituitary\pituitary_Te-pi_349.jpg
pituitary,F:\brain tumor detection\data\raw\primary\pituitary\pituitary_Te-pi_35.jpg
pituitary,F:\brain tumor detection\data\raw\primary\pituitary\pituitary_Te-pi_350.jpg
pituitary,F:\brain tumor detection\data\raw\primary\pituitary\pituitary_Te-pi_351.jpg
pituitary,F:\brain tumor detection\data\raw\primary\pituitary\pituitary_Te-pi_352.jpg
pituitary,F:\brain tumor detection\data\raw\primary\pituitary\pituitary_Te-pi_353.jpg
pituitary,F:\brain tumor detection\data\raw\primary\pituitary\pituitary_Te-pi_354.jpg
pituitary,F:\brain tumor detection\data\raw\primary\pituitary\pituitary_Te-pi_355.jpg
pituitary,F:\brain tumor detection\data\raw\primary\pituitary\pituitary_Te-pi_356.jpg
pituitary,F:\brain tumor detection\data\raw\primary\pituitary\pituitary_Te-pi_357.jpg
pituitary,F:\brain tumor detection\data\raw\primary\pituitary\pituitary_Te-pi_358.jpg
pituitary,F:\brain tumor detection\data\raw\primary\pituitary\pituitary_Te-pi_359.jpg
pituitary,F:\brain tumor detection\data\raw\primary\pituitary\pituitary_Te-pi_36.jpg
pituitary,F:\brain tumor detection\data\raw\primary\pituitary\pituitary_Te-pi_360.jpg
pituitary,F:\brain tumor detection\data\raw\primary\pituitary\pituitary_Te-pi_361.jpg
pituitary,F:\brain tumor detection\data\raw\primary\pituitary\pituitary_Te-pi_362.jpg
pituitary,F:\brain tumor detection\data\raw\primary\pituitary\pituitary_Te-pi_363.jpg
pituitary,F:\brain tumor detection\data\raw\primary\pituitary\pituitary_Te-pi_364.jpg
pituitary,F:\brain tumor detection\data\raw\primary\pituitary\pituitary_Te-pi_365.jpg
pituitary,F:\brain tumor detection\data\raw\primary\pituitary\pituitary_Te-pi_366.jpg
pituitary,F:\brain tumor detection\data\raw\primary\pituitary\pituitary_Te-pi_367.jpg
pituitary,F:\brain tumor detection\data\raw\primary\pituitary\pituitary_Te-pi_368.jpg
pituitary,F:\brain tumor detection\data\raw\primary\pituitary\pituitary_Te-pi_369.jpg
pituitary,F:\brain tumor detection\data\raw\primary\pituitary\pituitary_Te-pi_37.jpg
pituitary,F:\brain tumor detection\data\raw\primary\pituitary\pituitary_Te-pi_370.jpg
pituitary,F:\brain tumor detection\data\raw\primary\pituitary\pituitary_Te-pi_371.jpg
pituitary,F:\brain tumor detection\data\raw\primary\pituitary\pituitary_Te-pi_372.jpg
pituitary,F:\brain tumor detection\data\raw\primary\pituitary\pituitary_Te-pi_373.jpg
pituitary,F:\brain tumor detection\data\raw\primary\pituitary\pituitary_Te-pi_374.jpg
pituitary,F:\brain tumor detection\data\raw\primary\pituitary\pituitary_Te-pi_375.jpg
pituitary,F:\brain tumor detection\data\raw\primary\pituitary\pituitary_Te-pi_376.jpg
pituitary,F:\brain tumor detection\data\raw\primary\pituitary\pituitary_Te-pi_377.jpg
pituitary,F:\brain tumor detection\data\raw\primary\pituitary\pituitary_Te-pi_378.jpg
pituitary,F:\brain tumor detection\data\raw\primary\pituitary\pituitary_Te-pi_379.jpg
pituitary,F:\brain tumor detection\data\raw\primary\pituitary\pituitary_Te-pi_38.jpg
pituitary,F:\brain tumor detection\data\raw\primary\pituitary\pituitary_Te-pi_380.jpg
pituitary,F:\brain tumor detection\data\raw\primary\pituitary\pituitary_Te-pi_381.jpg
pituitary,F:\brain tumor detection\data\raw\primary\pituitary\pituitary_Te-pi_382.jpg
pituitary,F:\brain tumor detection\data\raw\primary\pituitary\pituitary_Te-pi_383.jpg
pituitary,F:\brain tumor detection\data\raw\primary\pituitary\pituitary_Te-pi_384.jpg
pituitary,F:\brain tumor detection\data\raw\primary\pituitary\pituitary_Te-pi_385.jpg
pituitary,F:\brain tumor detection\data\raw\primary\pituitary\pituitary_Te-pi_386.jpg
pituitary,F:\brain tumor detection\data\raw\primary\pituitary\pituitary_Te-pi_387.jpg
pituitary,F:\brain tumor detection\data\raw\primary\pituitary\pituitary_Te-pi_388.jpg
pituitary,F:\brain tumor detection\data\raw\primary\pituitary\pituitary_Te-pi_389.jpg
pituitary,F:\brain tumor detection\data\raw\primary\pituitary\pituitary_Te-pi_39.jpg
pituitary,F:\brain tumor detection\data\raw\primary\pituitary\pituitary_Te-pi_390.jpg
pituitary,F:\brain tumor detection\data\raw\primary\pituitary\pituitary_Te-pi_391.jpg
pituitary,F:\brain tumor detection\data\raw\primary\pituitary\pituitary_Te-pi_392.jpg
pituitary,F:\brain tumor detection\data\raw\primary\pituitary\pituitary_Te-pi_393.jpg
pituitary,F:\brain tumor detection\data\raw\primary\pituitary\pituitary_Te-pi_394.jpg
pituitary,F:\brain tumor detection\data\raw\primary\pituitary\pituitary_Te-pi_395.jpg
pituitary,F:\brain tumor detection\data\raw\primary\pituitary\pituitary_Te-pi_396.jpg
pituitary,F:\brain tumor detection\data\raw\primary\pituitary\pituitary_Te-pi_397.jpg
pituitary,F:\brain tumor detection\data\raw\primary\pituitary\pituitary_Te-pi_398.jpg
pituitary,F:\brain tumor detection\data\raw\primary\pituitary\pituitary_Te-pi_399.jpg
pituitary,F:\brain tumor detection\data\raw\primary\pituitary\pituitary_Te-pi_4.jpg
pituitary,F:\brain tumor detection\data\raw\primary\pituitary\pituitary_Te-pi_40.jpg
pituitary,F:\brain tumor detection\data\raw\primary\pituitary\pituitary_Te-pi_400.jpg
pituitary,F:\brain tumor detection\data\raw\primary\pituitary\pituitary_Te-pi_41.jpg
pituitary,F:\brain tumor detection\data\raw\primary\pituitary\pituitary_Te-pi_42.jpg
pituitary,F:\brain tumor detection\data\raw\primary\pituitary\pituitary_Te-pi_43.jpg
pituitary,F:\brain tumor detection\data\raw\primary\pituitary\pituitary_Te-pi_44.jpg
pituitary,F:\brain tumor detection\data\raw\primary\pituitary\pituitary_Te-pi_45.jpg
pituitary,F:\brain tumor detection\data\raw\primary\pituitary\pituitary_Te-pi_46.jpg
pituitary,F:\brain tumor detection\data\raw\primary\pituitary\pituitary_Te-pi_47.jpg
pituitary,F:\brain tumor detection\data\raw\primary\pituitary\pituitary_Te-pi_48.jpg
pituitary,F:\brain tumor detection\data\raw\primary\pituitary\pituitary_Te-pi_49.jpg
pituitary,F:\brain tumor detection\data\raw\primary\pituitary\pituitary_Te-pi_5.jpg
pituitary,F:\brain tumor detection\data\raw\primary\pituitary\pituitary_Te-pi_50.jpg
pituitary,F:\brain tumor detection\data\raw\primary\pituitary\pituitary_Te-pi_51.jpg
pituitary,F:\brain tumor detection\data\raw\primary\pituitary\pituitary_Te-pi_52.jpg
pituitary,F:\brain tumor detection\data\raw\primary\pituitary\pituitary_Te-pi_53.jpg
pituitary,F:\brain tumor detection\data\raw\primary\pituitary\pituitary_Te-pi_54.jpg
pituitary,F:\brain tumor detection\data\raw\primary\pituitary\pituitary_Te-pi_55.jpg
pituitary,F:\brain tumor detection\data\raw\primary\pituitary\pituitary_Te-pi_56.jpg
pituitary,F:\brain tumor detection\data\raw\primary\pituitary\pituitary_Te-pi_57.jpg
pituitary,F:\brain tumor detection\data\raw\primary\pituitary\pituitary_Te-pi_58.jpg
pituitary,F:\brain tumor detection\data\raw\primary\pituitary\pituitary_Te-pi_59.jpg
pituitary,F:\brain tumor detection\data\raw\primary\pituitary\pituitary_Te-pi_6.jpg
pituitary,F:\brain tumor detection\data\raw\primary\pituitary\pituitary_Te-pi_60.jpg
pituitary,F:\brain tumor detection\data\raw\primary\pituitary\pituitary_Te-pi_61.jpg
pituitary,F:\brain tumor detection\data\raw\primary\pituitary\pituitary_Te-pi_62.jpg
pituitary,F:\brain tumor detection\data\raw\primary\pituitary\pituitary_Te-pi_63.jpg
pituitary,F:\brain tumor detection\data\raw\primary\pituitary\pituitary_Te-pi_64.jpg
pituitary,F:\brain tumor detection\data\raw\primary\pituitary\pituitary_Te-pi_65.jpg
pituitary,F:\brain tumor detection\data\raw\primary\pituitary\pituitary_Te-pi_66.jpg
pituitary,F:\brain tumor detection\data\raw\primary\pituitary\pituitary_Te-pi_67.jpg
pituitary,F:\brain tumor detection\data\raw\primary\pituitary\pituitary_Te-pi_68.jpg
pituitary,F:\brain tumor detection\data\raw\primary\pituitary\pituitary_Te-pi_69.jpg
pituitary,F:\brain tumor detection\data\raw\primary\pituitary\pituitary_Te-pi_7.jpg
pituitary,F:\brain tumor detection\data\raw\primary\pituitary\pituitary_Te-pi_70.jpg
pituitary,F:\brain tumor detection\data\raw\primary\pituitary\pituitary_Te-pi_71.jpg
pituitary,F:\brain tumor detection\data\raw\primary\pituitary\pituitary_Te-pi_72.jpg
pituitary,F:\brain tumor detection\data\raw\primary\pituitary\pituitary_Te-pi_73.jpg
pituitary,F:\brain tumor detection\data\raw\primary\pituitary\pituitary_Te-pi_74.jpg
pituitary,F:\brain tumor detection\data\raw\primary\pituitary\pituitary_Te-pi_75.jpg
pituitary,F:\brain tumor detection\data\raw\primary\pituitary\pituitary_Te-pi_76.jpg
pituitary,F:\brain tumor detection\data\raw\primary\pituitary\pituitary_Te-pi_77.jpg
pituitary,F:\brain tumor detection\data\raw\primary\pituitary\pituitary_Te-pi_78.jpg
pituitary,F:\brain tumor detection\data\raw\primary\pituitary\pituitary_Te-pi_79.jpg
pituitary,F:\brain tumor detection\data\raw\primary\pituitary\pituitary_Te-pi_8.jpg
pituitary,F:\brain tumor detection\data\raw\primary\pituitary\pituitary_Te-pi_80.jpg
pituitary,F:\brain tumor detection\data\raw\primary\pituitary\pituitary_Te-pi_81.jpg
pituitary,F:\brain tumor detection\data\raw\primary\pituitary\pituitary_Te-pi_82.jpg
pituitary,F:\brain tumor detection\data\raw\primary\pituitary\pituitary_Te-pi_83.jpg
pituitary,F:\brain tumor detection\data\raw\primary\pituitary\pituitary_Te-pi_84.jpg
pituitary,F:\brain tumor detection\data\raw\primary\pituitary\pituitary_Te-pi_85.jpg
pituitary,F:\brain tumor detection\data\raw\primary\pituitary\pituitary_Te-pi_86.jpg
pituitary,F:\brain tumor detection\data\raw\primary\pituitary\pituitary_Te-pi_87.jpg
pituitary,F:\brain tumor detection\data\raw\primary\pituitary\pituitary_Te-pi_88.jpg
pituitary,F:\brain tumor detection\data\raw\primary\pituitary\pituitary_Te-pi_89.jpg
pituitary,F:\brain tumor detection\data\raw\primary\pituitary\pituitary_Te-pi_9.jpg
pituitary,F:\brain tumor detection\data\raw\primary\pituitary\pituitary_Te-pi_90.jpg
pituitary,F:\brain tumor detection\data\raw\primary\pituitary\pituitary_Te-pi_91.jpg
pituitary,F:\brain tumor detection\data\raw\primary\pituitary\pituitary_Te-pi_92.jpg
pituitary,F:\brain tumor detection\data\raw\primary\pituitary\pituitary_Te-pi_93.jpg
pituitary,F:\brain tumor detection\data\raw\primary\pituitary\pituitary_Te-pi_94.jpg
pituitary,F:\brain tumor detection\data\raw\primary\pituitary\pituitary_Te-pi_95.jpg
pituitary,F:\brain tumor detection\data\raw\primary\pituitary\pituitary_Te-pi_96.jpg
pituitary,F:\brain tumor detection\data\raw\primary\pituitary\pituitary_Te-pi_97.jpg
pituitary,F:\brain tumor detection\data\raw\primary\pituitary\pituitary_Te-pi_98.jpg
pituitary,F:\brain tumor detection\data\raw\primary\pituitary\pituitary_Te-pi_99.jpg
glioma,F:\brain tumor detection\data\raw\primary\glioma\glioma_Tr-gl_1.jpg
glioma,F:\brain tumor detection\data\raw\primary\glioma\glioma_Tr-gl_10.jpg
glioma,F:\brain tumor detection\data\raw\primary\glioma\glioma_Tr-gl_100.jpg
glioma,F:\brain tumor detection\data\raw\primary\glioma\glioma_Tr-gl_1000.jpg
glioma,F:\brain tumor detection\data\raw\primary\glioma\glioma_Tr-gl_1001.jpg
glioma,F:\brain tumor detection\data\raw\primary\glioma\glioma_Tr-gl_1002.jpg
glioma,F:\brain tumor detection\data\raw\primary\glioma\glioma_Tr-gl_1003.jpg
glioma,F:\brain tumor detection\data\raw\primary\glioma\glioma_Tr-gl_1004.jpg
glioma,F:\brain tumor detection\data\raw\primary\glioma\glioma_Tr-gl_1005.jpg
glioma,F:\brain tumor detection\data\raw\primary\glioma\glioma_Tr-gl_1006.jpg
glioma,F:\brain tumor detection\data\raw\primary\glioma\glioma_Tr-gl_1007.jpg
glioma,F:\brain tumor detection\data\raw\primary\glioma\glioma_Tr-gl_1008.jpg
glioma,F:\brain tumor detection\data\raw\primary\glioma\glioma_Tr-gl_1009.jpg
glioma,F:\brain tumor detection\data\raw\primary\glioma\glioma_Tr-gl_101.jpg
glioma,F:\brain tumor detection\data\raw\primary\glioma\glioma_Tr-gl_1010.jpg
glioma,F:\brain tumor detection\data\raw\primary\glioma\glioma_Tr-gl_1011.jpg
glioma,F:\brain tumor detection\data\raw\primary\glioma\glioma_Tr-gl_1012.jpg
glioma,F:\brain tumor detection\data\raw\primary\glioma\glioma_Tr-gl_1013.jpg
glioma,F:\brain tumor detection\data\raw\primary\glioma\glioma_Tr-gl_1014.jpg
glioma,F:\brain tumor detection\data\raw\primary\glioma\glioma_Tr-gl_1015.jpg
glioma,F:\brain tumor detection\data\raw\primary\glioma\glioma_Tr-gl_1016.jpg
glioma,F:\brain tumor detection\data\raw\primary\glioma\glioma_Tr-gl_1017.jpg
glioma,F:\brain tumor detection\data\raw\primary\glioma\glioma_Tr-gl_1018.jpg
glioma,F:\brain tumor detection\data\raw\primary\glioma\glioma_Tr-gl_1019.jpg
glioma,F:\brain tumor detection\data\raw\primary\glioma\glioma_Tr-gl_102.jpg
glioma,F:\brain tumor detection\data\raw\primary\glioma\glioma_Tr-gl_1020.jpg
glioma,F:\brain tumor detection\data\raw\primary\glioma\glioma_Tr-gl_1021.jpg
glioma,F:\brain tumor detection\data\raw\primary\glioma\glioma_Tr-gl_1022.jpg
glioma,F:\brain tumor detection\data\raw\primary\glioma\glioma_Tr-gl_1023.jpg
glioma,F:\brain tumor detection\data\raw\primary\glioma\glioma_Tr-gl_1024.jpg
glioma,F:\brain tumor detection\data\raw\primary\glioma\glioma_Tr-gl_1025.jpg
glioma,F:\brain tumor detection\data\raw\primary\glioma\glioma_Tr-gl_1026.jpg
glioma,F:\brain tumor detection\data\raw\primary\glioma\glioma_Tr-gl_1027.jpg
glioma,F:\brain tumor detection\data\raw\primary\glioma\glioma_Tr-gl_1028.jpg
glioma,F:\brain tumor detection\data\raw\primary\glioma\glioma_Tr-gl_1029.jpg
glioma,F:\brain tumor detection\data\raw\primary\glioma\glioma_Tr-gl_103.jpg
glioma,F:\brain tumor detection\data\raw\primary\glioma\glioma_Tr-gl_1030.jpg
glioma,F:\brain tumor detection\data\raw\primary\glioma\glioma_Tr-gl_1031.jpg
glioma,F:\brain tumor detection\data\raw\primary\glioma\glioma_Tr-gl_1032.jpg
glioma,F:\brain tumor detection\data\raw\primary\glioma\glioma_Tr-gl_1033.jpg
glioma,F:\brain tumor detection\data\raw\primary\glioma\glioma_Tr-gl_1034.jpg
glioma,F:\brain tumor detection\data\raw\primary\glioma\glioma_Tr-gl_1035.jpg
glioma,F:\brain tumor detection\data\raw\primary\glioma\glioma_Tr-gl_1036.jpg
glioma,F:\brain tumor detection\data\raw\primary\glioma\glioma_Tr-gl_1037.jpg
glioma,F:\brain tumor detection\data\raw\primary\glioma\glioma_Tr-gl_1038.jpg
glioma,F:\brain tumor detection\data\raw\primary\glioma\glioma_Tr-gl_1039.jpg
glioma,F:\brain tumor detection\data\raw\primary\glioma\glioma_Tr-gl_104.jpg
glioma,F:\brain tumor detection\data\raw\primary\glioma\glioma_Tr-gl_1040.jpg
glioma,F:\brain tumor detection\data\raw\primary\glioma\glioma_Tr-gl_1041.jpg
glioma,F:\brain tumor detection\data\raw\primary\glioma\glioma_Tr-gl_1042.jpg
glioma,F:\brain tumor detection\data\raw\primary\glioma\glioma_Tr-gl_1043.jpg
glioma,F:\brain tumor detection\data\raw\primary\glioma\glioma_Tr-gl_1044.jpg
glioma,F:\brain tumor detection\data\raw\primary\glioma\glioma_Tr-gl_1045.jpg
glioma,F:\brain tumor detection\data\raw\primary\glioma\glioma_Tr-gl_1046.jpg
glioma,F:\brain tumor detection\data\raw\primary\glioma\glioma_Tr-gl_1047.jpg
glioma,F:\brain tumor detection\data\raw\primary\glioma\glioma_Tr-gl_1048.jpg
glioma,F:\brain tumor detection\data\raw\primary\glioma\glioma_Tr-gl_1049.jpg
glioma,F:\brain tumor detection\data\raw\primary\glioma\glioma_Tr-gl_105.jpg
glioma,F:\brain tumor detection\data\raw\primary\glioma\glioma_Tr-gl_1050.jpg
glioma,F:\brain tumor detection\data\raw\primary\glioma\glioma_Tr-gl_1051.jpg
glioma,F:\brain tumor detection\data\raw\primary\glioma\glioma_Tr-gl_1052.jpg
glioma,F:\brain tumor detection\data\raw\primary\glioma\glioma_Tr-gl_1053.jpg
glioma,F:\brain tumor detection\data\raw\primary\glioma\glioma_Tr-gl_1054.jpg
glioma,F:\brain tumor detection\data\raw\primary\glioma\glioma_Tr-gl_1055.jpg
glioma,F:\brain tumor detection\data\raw\primary\glioma\glioma_Tr-gl_1056.jpg
glioma,F:\brain tumor detection\data\raw\primary\glioma\glioma_Tr-gl_1057.jpg
glioma,F:\brain tumor detection\data\raw\primary\glioma\glioma_Tr-gl_1058.jpg
glioma,F:\brain tumor detection\data\raw\primary\glioma\glioma_Tr-gl_1059.jpg
glioma,F:\brain tumor detection\data\raw\primary\glioma\glioma_Tr-gl_106.jpg
glioma,F:\brain tumor detection\data\raw\primary\glioma\glioma_Tr-gl_1060.jpg
glioma,F:\brain tumor detection\data\raw\primary\glioma\glioma_Tr-gl_1061.jpg
glioma,F:\brain tumor detection\data\raw\primary\glioma\glioma_Tr-gl_1062.jpg
glioma,F:\brain tumor detection\data\raw\primary\glioma\glioma_Tr-gl_1063.jpg
glioma,F:\brain tumor detection\data\raw\primary\glioma\glioma_Tr-gl_1064.jpg
glioma,F:\brain tumor detection\data\raw\primary\glioma\glioma_Tr-gl_1065.jpg
glioma,F:\brain tumor detection\data\raw\primary\glioma\glioma_Tr-gl_1066.jpg
glioma,F:\brain tumor detection\data\raw\primary\glioma\glioma_Tr-gl_1067.jpg
glioma,F:\brain tumor detection\data\raw\primary\glioma\glioma_Tr-gl_1068.jpg
glioma,F:\brain tumor detection\data\raw\primary\glioma\glioma_Tr-gl_1069.jpg
glioma,F:\brain tumor detection\data\raw\primary\glioma\glioma_Tr-gl_107.jpg
glioma,F:\brain tumor detection\data\raw\primary\glioma\glioma_Tr-gl_1070.jpg
glioma,F:\brain tumor detection\data\raw\primary\glioma\glioma_Tr-gl_1071.jpg
glioma,F:\brain tumor detection\data\raw\primary\glioma\glioma_Tr-gl_1072.jpg
glioma,F:\brain tumor detection\data\raw\primary\glioma\glioma_Tr-gl_1073.jpg
glioma,F:\brain tumor detection\data\raw\primary\glioma\glioma_Tr-gl_1074.jpg
glioma,F:\brain tumor detection\data\raw\primary\glioma\glioma_Tr-gl_1075.jpg
glioma,F:\brain tumor detection\data\raw\primary\glioma\glioma_Tr-gl_1076.jpg
glioma,F:\brain tumor detection\data\raw\primary\glioma\glioma_Tr-gl_1077.jpg
glioma,F:\brain tumor detection\data\raw\primary\glioma\glioma_Tr-gl_1078.jpg
glioma,F:\brain tumor detection\data\raw\primary\glioma\glioma_Tr-gl_1079.jpg
glioma,F:\brain tumor detection\data\raw\primary\glioma\glioma_Tr-gl_108.jpg
glioma,F:\brain tumor detection\data\raw\primary\glioma\glioma_Tr-gl_1080.jpg
glioma,F:\brain tumor detection\data\raw\primary\glioma\glioma_Tr-gl_1081.jpg
glioma,F:\brain tumor detection\data\raw\primary\glioma\glioma_Tr-gl_1082.jpg
glioma,F:\brain tumor detection\data\raw\primary\glioma\glioma_Tr-gl_1083.jpg
glioma,F:\brain tumor detection\data\raw\primary\glioma\glioma_Tr-gl_1084.jpg
glioma,F:\brain tumor detection\data\raw\primary\glioma\glioma_Tr-gl_1085.jpg
glioma,F:\brain tumor detection\data\raw\primary\glioma\glioma_Tr-gl_1086.jpg
glioma,F:\brain tumor detection\data\raw\primary\glioma\glioma_Tr-gl_1087.jpg
glioma,F:\brain tumor detection\data\raw\primary\glioma\glioma_Tr-gl_1088.jpg
glioma,F:\brain tumor detection\data\raw\primary\glioma\glioma_Tr-gl_1089.jpg
glioma,F:\brain tumor detection\data\raw\primary\glioma\glioma_Tr-gl_109.jpg
glioma,F:\brain tumor detection\data\raw\primary\glioma\glioma_Tr-gl_1090.jpg
glioma,F:\brain tumor detection\data\raw\primary\glioma\glioma_Tr-gl_1091.jpg
glioma,F:\brain tumor detection\data\raw\primary\glioma\glioma_Tr-gl_1092.jpg
glioma,F:\brain tumor detection\data\raw\primary\glioma\glioma_Tr-gl_1093.jpg
glioma,F:\brain tumor detection\data\raw\primary\glioma\glioma_Tr-gl_1094.jpg
glioma,F:\brain tumor detection\data\raw\primary\glioma\glioma_Tr-gl_1095.jpg
glioma,F:\brain tumor detection\data\raw\primary\glioma\glioma_Tr-gl_1096.jpg
glioma,F:\brain tumor detection\data\raw\primary\glioma\glioma_Tr-gl_1097.jpg
glioma,F:\brain tumor detection\data\raw\primary\glioma\glioma_Tr-gl_1098.jpg
glioma,F:\brain tumor detection\data\raw\primary\glioma\glioma_Tr-gl_1099.jpg
glioma,F:\brain tumor detection\data\raw\primary\glioma\glioma_Tr-gl_11.jpg
glioma,F:\brain tumor detection\data\raw\primary\glioma\glioma_Tr-gl_110.jpg
glioma,F:\brain tumor detection\data\raw\primary\glioma\glioma_Tr-gl_1100.jpg
glioma,F:\brain tumor detection\data\raw\primary\glioma\glioma_Tr-gl_1101.jpg
glioma,F:\brain tumor detection\data\raw\primary\glioma\glioma_Tr-gl_1102.jpg
glioma,F:\brain tumor detection\data\raw\primary\glioma\glioma_Tr-gl_1103.jpg
glioma,F:\brain tumor detection\data\raw\primary\glioma\glioma_Tr-gl_1104.jpg
glioma,F:\brain tumor detection\data\raw\primary\glioma\glioma_Tr-gl_1105.jpg
glioma,F:\brain tumor detection\data\raw\primary\glioma\glioma_Tr-gl_1106.jpg
glioma,F:\brain tumor detection\data\raw\primary\glioma\glioma_Tr-gl_1107.jpg
glioma,F:\brain tumor detection\data\raw\primary\glioma\glioma_Tr-gl_1108.jpg
glioma,F:\brain tumor detection\data\raw\primary\glioma\glioma_Tr-gl_1109.jpg
glioma,F:\brain tumor detection\data\raw\primary\glioma\glioma_Tr-gl_111.jpg
glioma,F:\brain tumor detection\data\raw\primary\glioma\glioma_Tr-gl_1110.jpg
glioma,F:\brain tumor detection\data\raw\primary\glioma\glioma_Tr-gl_1111.jpg
glioma,F:\brain tumor detection\data\raw\primary\glioma\glioma_Tr-gl_1112.jpg
glioma,F:\brain tumor detection\data\raw\primary\glioma\glioma_Tr-gl_1113.jpg
glioma,F:\brain tumor detection\data\raw\primary\glioma\glioma_Tr-gl_1114.jpg
glioma,F:\brain tumor detection\data\raw\primary\glioma\glioma_Tr-gl_1115.jpg
glioma,F:\brain tumor detection\data\raw\primary\glioma\glioma_Tr-gl_1116.jpg
glioma,F:\brain tumor detection\data\raw\primary\glioma\glioma_Tr-gl_1117.jpg
glioma,F:\brain tumor detection\data\raw\primary\glioma\glioma_Tr-gl_1118.jpg
glioma,F:\brain tumor detection\data\raw\primary\glioma\glioma_Tr-gl_1119.jpg
glioma,F:\brain tumor detection\data\raw\primary\glioma\glioma_Tr-gl_112.jpg
glioma,F:\brain tumor detection\data\raw\primary\glioma\glioma_Tr-gl_1120.jpg
glioma,F:\brain tumor detection\data\raw\primary\glioma\glioma_Tr-gl_1121.jpg
glioma,F:\brain tumor detection\data\raw\primary\glioma\glioma_Tr-gl_1122.jpg
glioma,F:\brain tumor detection\data\raw\primary\glioma\glioma_Tr-gl_1123.jpg
glioma,F:\brain tumor detection\data\raw\primary\glioma\glioma_Tr-gl_1124.jpg
glioma,F:\brain tumor detection\data\raw\primary\glioma\glioma_Tr-gl_1125.jpg
glioma,F:\brain tumor detection\data\raw\primary\glioma\glioma_Tr-gl_1126.jpg
glioma,F:\brain tumor detection\data\raw\primary\glioma\glioma_Tr-gl_1127.jpg
glioma,F:\brain tumor detection\data\raw\primary\glioma\glioma_Tr-gl_1128.jpg
glioma,F:\brain tumor detection\data\raw\primary\glioma\glioma_Tr-gl_1129.jpg
glioma,F:\brain tumor detection\data\raw\primary\glioma\glioma_Tr-gl_113.jpg
glioma,F:\brain tumor detection\data\raw\primary\glioma\glioma_Tr-gl_1130.jpg
glioma,F:\brain tumor detection\data\raw\primary\glioma\glioma_Tr-gl_1131.jpg
glioma,F:\brain tumor detection\data\raw\primary\glioma\glioma_Tr-gl_1132.jpg
glioma,F:\brain tumor detection\data\raw\primary\glioma\glioma_Tr-gl_1133.jpg
glioma,F:\brain tumor detection\data\raw\primary\glioma\glioma_Tr-gl_1134.jpg
glioma,F:\brain tumor detection\data\raw\primary\glioma\glioma_Tr-gl_1135.jpg
glioma,F:\brain tumor detection\data\raw\primary\glioma\glioma_Tr-gl_1136.jpg
glioma,F:\brain tumor detection\data\raw\primary\glioma\glioma_Tr-gl_1137.jpg
glioma,F:\brain tumor detection\data\raw\primary\glioma\glioma_Tr-gl_1138.jpg
glioma,F:\brain tumor detection\data\raw\primary\glioma\glioma_Tr-gl_1139.jpg
glioma,F:\brain tumor detection\data\raw\primary\glioma\glioma_Tr-gl_114.jpg
glioma,F:\brain tumor detection\data\raw\primary\glioma\glioma_Tr-gl_1140.jpg
glioma,F:\brain tumor detection\data\raw\primary\glioma\glioma_Tr-gl_1141.jpg
glioma,F:\brain tumor detection\data\raw\primary\glioma\glioma_Tr-gl_1142.jpg
glioma,F:\brain tumor detection\data\raw\primary\glioma\glioma_Tr-gl_1143.jpg
glioma,F:\brain tumor detection\data\raw\primary\glioma\glioma_Tr-gl_1144.jpg
glioma,F:\brain tumor detection\data\raw\primary\glioma\glioma_Tr-gl_1145.jpg
glioma,F:\brain tumor detection\data\raw\primary\glioma\glioma_Tr-gl_1146.jpg
glioma,F:\brain tumor detection\data\raw\primary\glioma\glioma_Tr-gl_1147.jpg
glioma,F:\brain tumor detection\data\raw\primary\glioma\glioma_Tr-gl_1148.jpg
glioma,F:\brain tumor detection\data\raw\primary\glioma\glioma_Tr-gl_1149.jpg
glioma,F:\brain tumor detection\data\raw\primary\glioma\glioma_Tr-gl_115.jpg
glioma,F:\brain tumor detection\data\raw\primary\glioma\glioma_Tr-gl_1150.jpg
glioma,F:\brain tumor detection\data\raw\primary\glioma\glioma_Tr-gl_1151.jpg
glioma,F:\brain tumor detection\data\raw\primary\glioma\glioma_Tr-gl_1152.jpg
glioma,F:\brain tumor detection\data\raw\primary\glioma\glioma_Tr-gl_1153.jpg
glioma,F:\brain tumor detection\data\raw\primary\glioma\glioma_Tr-gl_1154.jpg
glioma,F:\brain tumor detection\data\raw\primary\glioma\glioma_Tr-gl_1155.jpg
glioma,F:\brain tumor detection\data\raw\primary\glioma\glioma_Tr-gl_1156.jpg
glioma,F:\brain tumor detection\data\raw\primary\glioma\glioma_Tr-gl_1157.jpg
glioma,F:\brain tumor detection\data\raw\primary\glioma\glioma_Tr-gl_1158.jpg
glioma,F:\brain tumor detection\data\raw\primary\glioma\glioma_Tr-gl_1159.jpg
glioma,F:\brain tumor detection\data\raw\primary\glioma\glioma_Tr-gl_116.jpg
glioma,F:\brain tumor detection\data\raw\primary\glioma\glioma_Tr-gl_1160.jpg
glioma,F:\brain tumor detection\data\raw\primary\glioma\glioma_Tr-gl_1161.jpg
glioma,F:\brain tumor detection\data\raw\primary\glioma\glioma_Tr-gl_1162.jpg
glioma,F:\brain tumor detection\data\raw\primary\glioma\glioma_Tr-gl_1163.jpg
glioma,F:\brain tumor detection\data\raw\primary\glioma\glioma_Tr-gl_1164.jpg
glioma,F:\brain tumor detection\data\raw\primary\glioma\glioma_Tr-gl_1165.jpg
glioma,F:\brain tumor detection\data\raw\primary\glioma\glioma_Tr-gl_1166.jpg
glioma,F:\brain tumor detection\data\raw\primary\glioma\glioma_Tr-gl_1167.jpg
glioma,F:\brain tumor detection\data\raw\primary\glioma\glioma_Tr-gl_1168.jpg
glioma,F:\brain tumor detection\data\raw\primary\glioma\glioma_Tr-gl_1169.jpg
glioma,F:\brain tumor detection\data\raw\primary\glioma\glioma_Tr-gl_117.jpg
glioma,F:\brain tumor detection\data\raw\primary\glioma\glioma_Tr-gl_1170.jpg
glioma,F:\brain tumor detection\data\raw\primary\glioma\glioma_Tr-gl_1171.jpg
glioma,F:\brain tumor detection\data\raw\primary\glioma\glioma_Tr-gl_1172.jpg
glioma,F:\brain tumor detection\data\raw\primary\glioma\glioma_Tr-gl_1173.jpg
glioma,F:\brain tumor detection\data\raw\primary\glioma\glioma_Tr-gl_1174.jpg
glioma,F:\brain tumor detection\data\raw\primary\glioma\glioma_Tr-gl_1175.jpg
glioma,F:\brain tumor detection\data\raw\primary\glioma\glioma_Tr-gl_1176.jpg
glioma,F:\brain tumor detection\data\raw\primary\glioma\glioma_Tr-gl_1177.jpg
glioma,F:\brain tumor detection\data\raw\primary\glioma\glioma_Tr-gl_1178.jpg
glioma,F:\brain tumor detection\data\raw\primary\glioma\glioma_Tr-gl_1179.jpg
glioma,F:\brain tumor detection\data\raw\primary\glioma\glioma_Tr-gl_118.jpg
glioma,F:\brain tumor detection\data\raw\primary\glioma\glioma_Tr-gl_1180.jpg
glioma,F:\brain tumor detection\data\raw\primary\glioma\glioma_Tr-gl_1181.jpg
glioma,F:\brain tumor detection\data\raw\primary\glioma\glioma_Tr-gl_1182.jpg
glioma,F:\brain tumor detection\data\raw\primary\glioma\glioma_Tr-gl_1183.jpg
glioma,F:\brain tumor detection\data\raw\primary\glioma\glioma_Tr-gl_1184.jpg
glioma,F:\brain tumor detection\data\raw\primary\glioma\glioma_Tr-gl_1185.jpg
glioma,F:\brain tumor detection\data\raw\primary\glioma\glioma_Tr-gl_1186.jpg
glioma,F:\brain tumor detection\data\raw\primary\glioma\glioma_Tr-gl_1187.jpg
glioma,F:\brain tumor detection\data\raw\primary\glioma\glioma_Tr-gl_1188.jpg
glioma,F:\brain tumor detection\data\raw\primary\glioma\glioma_Tr-gl_1189.jpg
glioma,F:\brain tumor detection\data\raw\primary\glioma\glioma_Tr-gl_119.jpg
glioma,F:\brain tumor detection\data\raw\primary\glioma\glioma_Tr-gl_1190.jpg
glioma,F:\brain tumor detection\data\raw\primary\glioma\glioma_Tr-gl_1191.jpg
glioma,F:\brain tumor detection\data\raw\primary\glioma\glioma_Tr-gl_1192.jpg
glioma,F:\brain tumor detection\data\raw\primary\glioma\glioma_Tr-gl_1193.jpg
glioma,F:\brain tumor detection\data\raw\primary\glioma\glioma_Tr-gl_1194.jpg
glioma,F:\brain tumor detection\data\raw\primary\glioma\glioma_Tr-gl_1195.jpg
glioma,F:\brain tumor detection\data\raw\primary\glioma\glioma_Tr-gl_1196.jpg
glioma,F:\brain tumor detection\data\raw\primary\glioma\glioma_Tr-gl_1197.jpg
glioma,F:\brain tumor detection\data\raw\primary\glioma\glioma_Tr-gl_1198.jpg
glioma,F:\brain tumor detection\data\raw\primary\glioma\glioma_Tr-gl_1199.jpg
glioma,F:\brain tumor detection\data\raw\primary\glioma\glioma_Tr-gl_12.jpg
glioma,F:\brain tumor detection\data\raw\primary\glioma\glioma_Tr-gl_120.jpg
glioma,F:\brain tumor detection\data\raw\primary\glioma\glioma_Tr-gl_1200.jpg
glioma,F:\brain tumor detection\data\raw\primary\glioma\glioma_Tr-gl_1201.jpg
glioma,F:\brain tumor detection\data\raw\primary\glioma\glioma_Tr-gl_1202.jpg
glioma,F:\brain tumor detection\data\raw\primary\glioma\glioma_Tr-gl_1203.jpg
glioma,F:\brain tumor detection\data\raw\primary\glioma\glioma_Tr-gl_1204.jpg
glioma,F:\brain tumor detection\data\raw\primary\glioma\glioma_Tr-gl_1205.jpg
glioma,F:\brain tumor detection\data\raw\primary\glioma\glioma_Tr-gl_1206.jpg
glioma,F:\brain tumor detection\data\raw\primary\glioma\glioma_Tr-gl_1207.jpg
glioma,F:\brain tumor detection\data\raw\primary\glioma\glioma_Tr-gl_1208.jpg
glioma,F:\brain tumor detection\data\raw\primary\glioma\glioma_Tr-gl_1209.jpg
glioma,F:\brain tumor detection\data\raw\primary\glioma\glioma_Tr-gl_121.jpg
glioma,F:\brain tumor detection\data\raw\primary\glioma\glioma_Tr-gl_1210.jpg
glioma,F:\brain tumor detection\data\raw\primary\glioma\glioma_Tr-gl_1211.jpg
glioma,F:\brain tumor detection\data\raw\primary\glioma\glioma_Tr-gl_1212.jpg
glioma,F:\brain tumor detection\data\raw\primary\glioma\glioma_Tr-gl_1213.jpg
glioma,F:\brain tumor detection\data\raw\primary\glioma\glioma_Tr-gl_1214.jpg
glioma,F:\brain tumor detection\data\raw\primary\glioma\glioma_Tr-gl_1215.jpg
glioma,F:\brain tumor detection\data\raw\primary\glioma\glioma_Tr-gl_1216.jpg
glioma,F:\brain tumor detection\data\raw\primary\glioma\glioma_Tr-gl_1217.jpg
glioma,F:\brain tumor detection\data\raw\primary\glioma\glioma_Tr-gl_1218.jpg
glioma,F:\brain tumor detection\data\raw\primary\glioma\glioma_Tr-gl_1219.jpg
glioma,F:\brain tumor detection\data\raw\primary\glioma\glioma_Tr-gl_122.jpg
glioma,F:\brain tumor detection\data\raw\primary\glioma\glioma_Tr-gl_1220.jpg
glioma,F:\brain tumor detection\data\raw\primary\glioma\glioma_Tr-gl_1221.jpg
glioma,F:\brain tumor detection\data\raw\primary\glioma\glioma_Tr-gl_1222.jpg
glioma,F:\brain tumor detection\data\raw\primary\glioma\glioma_Tr-gl_1223.jpg
glioma,F:\brain tumor detection\data\raw\primary\glioma\glioma_Tr-gl_1224.jpg
glioma,F:\brain tumor detection\data\raw\primary\glioma\glioma_Tr-gl_1225.jpg
glioma,F:\brain tumor detection\data\raw\primary\glioma\glioma_Tr-gl_1226.jpg
glioma,F:\brain tumor detection\data\raw\primary\glioma\glioma_Tr-gl_1227.jpg
glioma,F:\brain tumor detection\data\raw\primary\glioma\glioma_Tr-gl_1228.jpg
glioma,F:\brain tumor detection\data\raw\primary\glioma\glioma_Tr-gl_1229.jpg
glioma,F:\brain tumor detection\data\raw\primary\glioma\glioma_Tr-gl_123.jpg
glioma,F:\brain tumor detection\data\raw\primary\glioma\glioma_Tr-gl_1230.jpg
glioma,F:\brain tumor detection\data\raw\primary\glioma\glioma_Tr-gl_1231.jpg
glioma,F:\brain tumor detection\data\raw\primary\glioma\glioma_Tr-gl_1232.jpg
glioma,F:\brain tumor detection\data\raw\primary\glioma\glioma_Tr-gl_1233.jpg
glioma,F:\brain tumor detection\data\raw\primary\glioma\glioma_Tr-gl_1234.jpg
glioma,F:\brain tumor detection\data\raw\primary\glioma\glioma_Tr-gl_1235.jpg
glioma,F:\brain tumor detection\data\raw\primary\glioma\glioma_Tr-gl_1236.jpg
glioma,F:\brain tumor detection\data\raw\primary\glioma\glioma_Tr-gl_1237.jpg
glioma,F:\brain tumor detection\data\raw\primary\glioma\glioma_Tr-gl_1238.jpg
glioma,F:\brain tumor detection\data\raw\primary\glioma\glioma_Tr-gl_1239.jpg
glioma,F:\brain tumor detection\data\raw\primary\glioma\glioma_Tr-gl_124.jpg
glioma,F:\brain tumor detection\data\raw\primary\glioma\glioma_Tr-gl_1240.jpg
glioma,F:\brain tumor detection\data\raw\primary\glioma\glioma_Tr-gl_1241.jpg
glioma,F:\brain tumor detection\data\raw\primary\glioma\glioma_Tr-gl_1242.jpg
glioma,F:\brain tumor detection\data\raw\primary\glioma\glioma_Tr-gl_1243.jpg
glioma,F:\brain tumor detection\data\raw\primary\glioma\glioma_Tr-gl_1244.jpg
glioma,F:\brain tumor detection\data\raw\primary\glioma\glioma_Tr-gl_1245.jpg
glioma,F:\brain tumor detection\data\raw\primary\glioma\glioma_Tr-gl_1246.jpg
glioma,F:\brain tumor detection\data\raw\primary\glioma\glioma_Tr-gl_1247.jpg
glioma,F:\brain tumor detection\data\raw\primary\glioma\glioma_Tr-gl_1248.jpg
glioma,F:\brain tumor detection\data\raw\primary\glioma\glioma_Tr-gl_1249.jpg
glioma,F:\brain tumor detection\data\raw\primary\glioma\glioma_Tr-gl_125.jpg
glioma,F:\brain tumor detection\data\raw\primary\glioma\glioma_Tr-gl_1250.jpg
glioma,F:\brain tumor detection\data\raw\primary\glioma\glioma_Tr-gl_1251.jpg
glioma,F:\brain tumor detection\data\raw\primary\glioma\glioma_Tr-gl_1252.jpg
glioma,F:\brain tumor detection\data\raw\primary\glioma\glioma_Tr-gl_1253.jpg
glioma,F:\brain tumor detection\data\raw\primary\glioma\glioma_Tr-gl_1254.jpg
glioma,F:\brain tumor detection\data\raw\primary\glioma\glioma_Tr-gl_1255.jpg
glioma,F:\brain tumor detection\data\raw\primary\glioma\glioma_Tr-gl_1256.jpg
glioma,F:\brain tumor detection\data\raw\primary\glioma\glioma_Tr-gl_1257.jpg
glioma,F:\brain tumor detection\data\raw\primary\glioma\glioma_Tr-gl_1258.jpg
glioma,F:\brain tumor detection\data\raw\primary\glioma\glioma_Tr-gl_1259.jpg
glioma,F:\brain tumor detection\data\raw\primary\glioma\glioma_Tr-gl_126.jpg
glioma,F:\brain tumor detection\data\raw\primary\glioma\glioma_Tr-gl_1260.jpg
glioma,F:\brain tumor detection\data\raw\primary\glioma\glioma_Tr-gl_1261.jpg
glioma,F:\brain tumor detection\data\raw\primary\glioma\glioma_Tr-gl_1262.jpg
glioma,F:\brain tumor detection\data\raw\primary\glioma\glioma_Tr-gl_1263.jpg
glioma,F:\brain tumor detection\data\raw\primary\glioma\glioma_Tr-gl_1264.jpg
glioma,F:\brain tumor detection\data\raw\primary\glioma\glioma_Tr-gl_1265.jpg
glioma,F:\brain tumor detection\data\raw\primary\glioma\glioma_Tr-gl_1266.jpg
glioma,F:\brain tumor detection\data\raw\primary\glioma\glioma_Tr-gl_1267.jpg
glioma,F:\brain tumor detection\data\raw\primary\glioma\glioma_Tr-gl_1268.jpg
glioma,F:\brain tumor detection\data\raw\primary\glioma\glioma_Tr-gl_1269.jpg
glioma,F:\brain tumor detection\data\raw\primary\glioma\glioma_Tr-gl_127.jpg
glioma,F:\brain tumor detection\data\raw\primary\glioma\glioma_Tr-gl_1270.jpg
glioma,F:\brain tumor detection\data\raw\primary\glioma\glioma_Tr-gl_1271.jpg
glioma,F:\brain tumor detection\data\raw\primary\glioma\glioma_Tr-gl_1272.jpg
glioma,F:\brain tumor detection\data\raw\primary\glioma\glioma_Tr-gl_1273.jpg
glioma,F:\brain tumor detection\data\raw\primary\glioma\glioma_Tr-gl_1274.jpg
glioma,F:\brain tumor detection\data\raw\primary\glioma\glioma_Tr-gl_1275.jpg
glioma,F:\brain tumor detection\data\raw\primary\glioma\glioma_Tr-gl_1276.jpg
glioma,F:\brain tumor detection\data\raw\primary\glioma\glioma_Tr-gl_1277.jpg
glioma,F:\brain tumor detection\data\raw\primary\glioma\glioma_Tr-gl_1278.jpg
glioma,F:\brain tumor detection\data\raw\primary\glioma\glioma_Tr-gl_1279.jpg
glioma,F:\brain tumor detection\data\raw\primary\glioma\glioma_Tr-gl_128.jpg
glioma,F:\brain tumor detection\data\raw\primary\glioma\glioma_Tr-gl_1280.jpg
glioma,F:\brain tumor detection\data\raw\primary\glioma\glioma_Tr-gl_1281.jpg
glioma,F:\brain tumor detection\data\raw\primary\glioma\glioma_Tr-gl_1282.jpg
glioma,F:\brain tumor detection\data\raw\primary\glioma\glioma_Tr-gl_1283.jpg
glioma,F:\brain tumor detection\data\raw\primary\glioma\glioma_Tr-gl_1284.jpg
glioma,F:\brain tumor detection\data\raw\primary\glioma\glioma_Tr-gl_1285.jpg
glioma,F:\brain tumor detection\data\raw\primary\glioma\glioma_Tr-gl_1286.jpg
glioma,F:\brain tumor detection\data\raw\primary\glioma\glioma_Tr-gl_1287.jpg
glioma,F:\brain tumor detection\data\raw\primary\glioma\glioma_Tr-gl_1288.jpg
glioma,F:\brain tumor detection\data\raw\primary\glioma\glioma_Tr-gl_1289.jpg
glioma,F:\brain tumor detection\data\raw\primary\glioma\glioma_Tr-gl_129.jpg
glioma,F:\brain tumor detection\data\raw\primary\glioma\glioma_Tr-gl_1290.jpg
glioma,F:\brain tumor detection\data\raw\primary\glioma\glioma_Tr-gl_1291.jpg
glioma,F:\brain tumor detection\data\raw\primary\glioma\glioma_Tr-gl_1292.jpg
glioma,F:\brain tumor detection\data\raw\primary\glioma\glioma_Tr-gl_1293.jpg
glioma,F:\brain tumor detection\data\raw\primary\glioma\glioma_Tr-gl_1294.jpg
glioma,F:\brain tumor detection\data\raw\primary\glioma\glioma_Tr-gl_1295.jpg
glioma,F:\brain tumor detection\data\raw\primary\glioma\glioma_Tr-gl_1296.jpg
glioma,F:\brain tumor detection\data\raw\primary\glioma\glioma_Tr-gl_1297.jpg
glioma,F:\brain tumor detection\data\raw\primary\glioma\glioma_Tr-gl_1298.jpg
glioma,F:\brain tumor detection\data\raw\primary\glioma\glioma_Tr-gl_1299.jpg
glioma,F:\brain tumor detection\data\raw\primary\glioma\glioma_Tr-gl_13.jpg
glioma,F:\brain tumor detection\data\raw\primary\glioma\glioma_Tr-gl_130.jpg
glioma,F:\brain tumor detection\data\raw\primary\glioma\glioma_Tr-gl_1300.jpg
glioma,F:\brain tumor detection\data\raw\primary\glioma\glioma_Tr-gl_1301.jpg
glioma,F:\brain tumor detection\data\raw\primary\glioma\glioma_Tr-gl_1302.jpg
glioma,F:\brain tumor detection\data\raw\primary\glioma\glioma_Tr-gl_1303.jpg
glioma,F:\brain tumor detection\data\raw\primary\glioma\glioma_Tr-gl_1304.jpg
glioma,F:\brain tumor detection\data\raw\primary\glioma\glioma_Tr-gl_1305.jpg
glioma,F:\brain tumor detection\data\raw\primary\glioma\glioma_Tr-gl_1306.jpg
glioma,F:\brain tumor detection\data\raw\primary\glioma\glioma_Tr-gl_1307.jpg
glioma,F:\brain tumor detection\data\raw\primary\glioma\glioma_Tr-gl_1308.jpg
glioma,F:\brain tumor detection\data\raw\primary\glioma\glioma_Tr-gl_1309.jpg
glioma,F:\brain tumor detection\data\raw\primary\glioma\glioma_Tr-gl_131.jpg
glioma,F:\brain tumor detection\data\raw\primary\glioma\glioma_Tr-gl_1310.jpg
glioma,F:\brain tumor detection\data\raw\primary\glioma\glioma_Tr-gl_1311.jpg
glioma,F:\brain tumor detection\data\raw\primary\glioma\glioma_Tr-gl_1312.jpg
glioma,F:\brain tumor detection\data\raw\primary\glioma\glioma_Tr-gl_1313.jpg
glioma,F:\brain tumor detection\data\raw\primary\glioma\glioma_Tr-gl_1314.jpg
glioma,F:\brain tumor detection\data\raw\primary\glioma\glioma_Tr-gl_1315.jpg
glioma,F:\brain tumor detection\data\raw\primary\glioma\glioma_Tr-gl_1316.jpg
glioma,F:\brain tumor detection\data\raw\primary\glioma\glioma_Tr-gl_1317.jpg
glioma,F:\brain tumor detection\data\raw\primary\glioma\glioma_Tr-gl_1318.jpg
glioma,F:\brain tumor detection\data\raw\primary\glioma\glioma_Tr-gl_1319.jpg
glioma,F:\brain tumor detection\data\raw\primary\glioma\glioma_Tr-gl_132.jpg
glioma,F:\brain tumor detection\data\raw\primary\glioma\glioma_Tr-gl_1320.jpg
glioma,F:\brain tumor detection\data\raw\primary\glioma\glioma_Tr-gl_1321.jpg
glioma,F:\brain tumor detection\data\raw\primary\glioma\glioma_Tr-gl_1322.jpg
glioma,F:\brain tumor detection\data\raw\primary\glioma\glioma_Tr-gl_1323.jpg
glioma,F:\brain tumor detection\data\raw\primary\glioma\glioma_Tr-gl_1324.jpg
glioma,F:\brain tumor detection\data\raw\primary\glioma\glioma_Tr-gl_1325.jpg
glioma,F:\brain tumor detection\data\raw\primary\glioma\glioma_Tr-gl_1326.jpg
glioma,F:\brain tumor detection\data\raw\primary\glioma\glioma_Tr-gl_1327.jpg
glioma,F:\brain tumor detection\data\raw\primary\glioma\glioma_Tr-gl_1328.jpg
glioma,F:\brain tumor detection\data\raw\primary\glioma\glioma_Tr-gl_1329.jpg
glioma,F:\brain tumor detection\data\raw\primary\glioma\glioma_Tr-gl_133.jpg
glioma,F:\brain tumor detection\data\raw\primary\glioma\glioma_Tr-gl_1330.jpg
glioma,F:\brain tumor detection\data\raw\primary\glioma\glioma_Tr-gl_1331.jpg
glioma,F:\brain tumor detection\data\raw\primary\glioma\glioma_Tr-gl_1332.jpg
glioma,F:\brain tumor detection\data\raw\primary\glioma\glioma_Tr-gl_1333.jpg
glioma,F:\brain tumor detection\data\raw\primary\glioma\glioma_Tr-gl_1334.jpg
glioma,F:\brain tumor detection\data\raw\primary\glioma\glioma_Tr-gl_1335.jpg
glioma,F:\brain tumor detection\data\raw\primary\glioma\glioma_Tr-gl_1336.jpg
glioma,F:\brain tumor detection\data\raw\primary\glioma\glioma_Tr-gl_1337.jpg
glioma,F:\brain tumor detection\data\raw\primary\glioma\glioma_Tr-gl_1338.jpg
glioma,F:\brain tumor detection\data\raw\primary\glioma\glioma_Tr-gl_1339.jpg
glioma,F:\brain tumor detection\data\raw\primary\glioma\glioma_Tr-gl_134.jpg
glioma,F:\brain tumor detection\data\raw\primary\glioma\glioma_Tr-gl_1340.jpg
glioma,F:\brain tumor detection\data\raw\primary\glioma\glioma_Tr-gl_1341.jpg
glioma,F:\brain tumor detection\data\raw\primary\glioma\glioma_Tr-gl_1342.jpg
glioma,F:\brain tumor detection\data\raw\primary\glioma\glioma_Tr-gl_1343.jpg
glioma,F:\brain tumor detection\data\raw\primary\glioma\glioma_Tr-gl_1344.jpg
glioma,F:\brain tumor detection\data\raw\primary\glioma\glioma_Tr-gl_1345.jpg
glioma,F:\brain tumor detection\data\raw\primary\glioma\glioma_Tr-gl_1346.jpg
glioma,F:\brain tumor detection\data\raw\primary\glioma\glioma_Tr-gl_1347.jpg
glioma,F:\brain tumor detection\data\raw\primary\glioma\glioma_Tr-gl_1348.jpg
glioma,F:\brain tumor detection\data\raw\primary\glioma\glioma_Tr-gl_1349.jpg
glioma,F:\brain tumor detection\data\raw\primary\glioma\glioma_Tr-gl_135.jpg
glioma,F:\brain tumor detection\data\raw\primary\glioma\glioma_Tr-gl_1350.jpg
glioma,F:\brain tumor detection\data\raw\primary\glioma\glioma_Tr-gl_1351.jpg
glioma,F:\brain tumor detection\data\raw\primary\glioma\glioma_Tr-gl_1352.jpg
glioma,F:\brain tumor detection\data\raw\primary\glioma\glioma_Tr-gl_1353.jpg
glioma,F:\brain tumor detection\data\raw\primary\glioma\glioma_Tr-gl_1354.jpg
glioma,F:\brain tumor detection\data\raw\primary\glioma\glioma_Tr-gl_1355.jpg
glioma,F:\brain tumor detection\data\raw\primary\glioma\glioma_Tr-gl_1356.jpg
glioma,F:\brain tumor detection\data\raw\primary\glioma\glioma_Tr-gl_1357.jpg
glioma,F:\brain tumor detection\data\raw\primary\glioma\glioma_Tr-gl_1358.jpg
glioma,F:\brain tumor detection\data\raw\primary\glioma\glioma_Tr-gl_1359.jpg
glioma,F:\brain tumor detection\data\raw\primary\glioma\glioma_Tr-gl_136.jpg
glioma,F:\brain tumor detection\data\raw\primary\glioma\glioma_Tr-gl_1360.jpg
glioma,F:\brain tumor detection\data\raw\primary\glioma\glioma_Tr-gl_1361.jpg
glioma,F:\brain tumor detection\data\raw\primary\glioma\glioma_Tr-gl_1362.jpg
glioma,F:\brain tumor detection\data\raw\primary\glioma\glioma_Tr-gl_1363.jpg
glioma,F:\brain tumor detection\data\raw\primary\glioma\glioma_Tr-gl_1364.jpg
glioma,F:\brain tumor detection\data\raw\primary\glioma\glioma_Tr-gl_1365.jpg
glioma,F:\brain tumor detection\data\raw\primary\glioma\glioma_Tr-gl_1366.jpg
glioma,F:\brain tumor detection\data\raw\primary\glioma\glioma_Tr-gl_1367.jpg
glioma,F:\brain tumor detection\data\raw\primary\glioma\glioma_Tr-gl_1368.jpg
glioma,F:\brain tumor detection\data\raw\primary\glioma\glioma_Tr-gl_1369.jpg
glioma,F:\brain tumor detection\data\raw\primary\glioma\glioma_Tr-gl_137.jpg
glioma,F:\brain tumor detection\data\raw\primary\glioma\glioma_Tr-gl_1370.jpg
glioma,F:\brain tumor detection\data\raw\primary\glioma\glioma_Tr-gl_1371.jpg
glioma,F:\brain tumor detection\data\raw\primary\glioma\glioma_Tr-gl_1372.jpg
glioma,F:\brain tumor detection\data\raw\primary\glioma\glioma_Tr-gl_1373.jpg
glioma,F:\brain tumor detection\data\raw\primary\glioma\glioma_Tr-gl_1374.jpg
glioma,F:\brain tumor detection\data\raw\primary\glioma\glioma_Tr-gl_1375.jpg
glioma,F:\brain tumor detection\data\raw\primary\glioma\glioma_Tr-gl_1376.jpg
glioma,F:\brain tumor detection\data\raw\primary\glioma\glioma_Tr-gl_1377.jpg
glioma,F:\brain tumor detection\data\raw\primary\glioma\glioma_Tr-gl_1378.jpg
glioma,F:\brain tumor detection\data\raw\primary\glioma\glioma_Tr-gl_1379.jpg
glioma,F:\brain tumor detection\data\raw\primary\glioma\glioma_Tr-gl_138.jpg
glioma,F:\brain tumor detection\data\raw\primary\glioma\glioma_Tr-gl_1380.jpg
glioma,F:\brain tumor detection\data\raw\primary\glioma\glioma_Tr-gl_1381.jpg
glioma,F:\brain tumor detection\data\raw\primary\glioma\glioma_Tr-gl_1382.jpg
glioma,F:\brain tumor detection\data\raw\primary\glioma\glioma_Tr-gl_1383.jpg
glioma,F:\brain tumor detection\data\raw\primary\glioma\glioma_Tr-gl_1384.jpg
glioma,F:\brain tumor detection\data\raw\primary\glioma\glioma_Tr-gl_1385.jpg
glioma,F:\brain tumor detection\data\raw\primary\glioma\glioma_Tr-gl_1386.jpg
glioma,F:\brain tumor detection\data\raw\primary\glioma\glioma_Tr-gl_1387.jpg
glioma,F:\brain tumor detection\data\raw\primary\glioma\glioma_Tr-gl_1388.jpg
glioma,F:\brain tumor detection\data\raw\primary\glioma\glioma_Tr-gl_1389.jpg
glioma,F:\brain tumor detection\data\raw\primary\glioma\glioma_Tr-gl_139.jpg
glioma,F:\brain tumor detection\data\raw\primary\glioma\glioma_Tr-gl_1390.jpg
glioma,F:\brain tumor detection\data\raw\primary\glioma\glioma_Tr-gl_1391.jpg
glioma,F:\brain tumor detection\data\raw\primary\glioma\glioma_Tr-gl_1392.jpg
glioma,F:\brain tumor detection\data\raw\primary\glioma\glioma_Tr-gl_1393.jpg
glioma,F:\brain tumor detection\data\raw\primary\glioma\glioma_Tr-gl_1394.jpg
glioma,F:\brain tumor detection\data\raw\primary\glioma\glioma_Tr-gl_1395.jpg
glioma,F:\brain tumor detection\data\raw\primary\glioma\glioma_Tr-gl_1396.jpg
glioma,F:\brain tumor detection\data\raw\primary\glioma\glioma_Tr-gl_1397.jpg
glioma,F:\brain tumor detection\data\raw\primary\glioma\glioma_Tr-gl_1398.jpg
glioma,F:\brain tumor detection\data\raw\primary\glioma\glioma_Tr-gl_1399.jpg
glioma,F:\brain tumor detection\data\raw\primary\glioma\glioma_Tr-gl_14.jpg
glioma,F:\brain tumor detection\data\raw\primary\glioma\glioma_Tr-gl_140.jpg
glioma,F:\brain tumor detection\data\raw\primary\glioma\glioma_Tr-gl_1400.jpg
glioma,F:\brain tumor detection\data\raw\primary\glioma\glioma_Tr-gl_141.jpg
glioma,F:\brain tumor detection\data\raw\primary\glioma\glioma_Tr-gl_142.jpg
glioma,F:\brain tumor detection\data\raw\primary\glioma\glioma_Tr-gl_143.jpg
glioma,F:\brain tumor detection\data\raw\primary\glioma\glioma_Tr-gl_144.jpg
glioma,F:\brain tumor detection\data\raw\primary\glioma\glioma_Tr-gl_145.jpg
glioma,F:\brain tumor detection\data\raw\primary\glioma\glioma_Tr-gl_146.jpg
glioma,F:\brain tumor detection\data\raw\primary\glioma\glioma_Tr-gl_147.jpg
glioma,F:\brain tumor detection\data\raw\primary\glioma\glioma_Tr-gl_148.jpg
glioma,F:\brain tumor detection\data\raw\primary\glioma\glioma_Tr-gl_149.jpg
glioma,F:\brain tumor detection\data\raw\primary\glioma\glioma_Tr-gl_15.jpg
glioma,F:\brain tumor detection\data\raw\primary\glioma\glioma_Tr-gl_150.jpg
glioma,F:\brain tumor detection\data\raw\primary\glioma\glioma_Tr-gl_151.jpg
glioma,F:\brain tumor detection\data\raw\primary\glioma\glioma_Tr-gl_152.jpg
glioma,F:\brain tumor detection\data\raw\primary\glioma\glioma_Tr-gl_153.jpg
glioma,F:\brain tumor detection\data\raw\primary\glioma\glioma_Tr-gl_154.jpg
glioma,F:\brain tumor detection\data\raw\primary\glioma\glioma_Tr-gl_155.jpg
glioma,F:\brain tumor detection\data\raw\primary\glioma\glioma_Tr-gl_156.jpg
glioma,F:\brain tumor detection\data\raw\primary\glioma\glioma_Tr-gl_157.jpg
glioma,F:\brain tumor detection\data\raw\primary\glioma\glioma_Tr-gl_158.jpg
glioma,F:\brain tumor detection\data\raw\primary\glioma\glioma_Tr-gl_159.jpg
glioma,F:\brain tumor detection\data\raw\primary\glioma\glioma_Tr-gl_16.jpg
glioma,F:\brain tumor detection\data\raw\primary\glioma\glioma_Tr-gl_160.jpg
glioma,F:\brain tumor detection\data\raw\primary\glioma\glioma_Tr-gl_161.jpg
glioma,F:\brain tumor detection\data\raw\primary\glioma\glioma_Tr-gl_162.jpg
glioma,F:\brain tumor detection\data\raw\primary\glioma\glioma_Tr-gl_163.jpg
glioma,F:\brain tumor detection\data\raw\primary\glioma\glioma_Tr-gl_164.jpg
glioma,F:\brain tumor detection\data\raw\primary\glioma\glioma_Tr-gl_165.jpg
glioma,F:\brain tumor detection\data\raw\primary\glioma\glioma_Tr-gl_166.jpg
glioma,F:\brain tumor detection\data\raw\primary\glioma\glioma_Tr-gl_167.jpg
glioma,F:\brain tumor detection\data\raw\primary\glioma\glioma_Tr-gl_168.jpg
glioma,F:\brain tumor detection\data\raw\primary\glioma\glioma_Tr-gl_169.jpg
glioma,F:\brain tumor detection\data\raw\primary\glioma\glioma_Tr-gl_17.jpg
glioma,F:\brain tumor detection\data\raw\primary\glioma\glioma_Tr-gl_170.jpg
glioma,F:\brain tumor detection\data\raw\primary\glioma\glioma_Tr-gl_171.jpg
glioma,F:\brain tumor detection\data\raw\primary\glioma\glioma_Tr-gl_172.jpg
glioma,F:\brain tumor detection\data\raw\primary\glioma\glioma_Tr-gl_173.jpg
glioma,F:\brain tumor detection\data\raw\primary\glioma\glioma_Tr-gl_174.jpg
glioma,F:\brain tumor detection\data\raw\primary\glioma\glioma_Tr-gl_175.jpg
glioma,F:\brain tumor detection\data\raw\primary\glioma\glioma_Tr-gl_176.jpg
glioma,F:\brain tumor detection\data\raw\primary\glioma\glioma_Tr-gl_177.jpg
glioma,F:\brain tumor detection\data\raw\primary\glioma\glioma_Tr-gl_178.jpg
glioma,F:\brain tumor detection\data\raw\primary\glioma\glioma_Tr-gl_179.jpg
glioma,F:\brain tumor detection\data\raw\primary\glioma\glioma_Tr-gl_18.jpg
glioma,F:\brain tumor detection\data\raw\primary\glioma\glioma_Tr-gl_180.jpg
glioma,F:\brain tumor detection\data\raw\primary\glioma\glioma_Tr-gl_181.jpg
glioma,F:\brain tumor detection\data\raw\primary\glioma\glioma_Tr-gl_182.jpg
glioma,F:\brain tumor detection\data\raw\primary\glioma\glioma_Tr-gl_183.jpg
glioma,F:\brain tumor detection\data\raw\primary\glioma\glioma_Tr-gl_184.jpg
glioma,F:\brain tumor detection\data\raw\primary\glioma\glioma_Tr-gl_185.jpg
glioma,F:\brain tumor detection\data\raw\primary\glioma\glioma_Tr-gl_186.jpg
glioma,F:\brain tumor detection\data\raw\primary\glioma\glioma_Tr-gl_187.jpg
glioma,F:\brain tumor detection\data\raw\primary\glioma\glioma_Tr-gl_188.jpg
glioma,F:\brain tumor detection\data\raw\primary\glioma\glioma_Tr-gl_189.jpg
glioma,F:\brain tumor detection\data\raw\primary\glioma\glioma_Tr-gl_19.jpg
glioma,F:\brain tumor detection\data\raw\primary\glioma\glioma_Tr-gl_190.jpg
glioma,F:\brain tumor detection\data\raw\primary\glioma\glioma_Tr-gl_191.jpg
glioma,F:\brain tumor detection\data\raw\primary\glioma\glioma_Tr-gl_192.jpg
glioma,F:\brain tumor detection\data\raw\primary\glioma\glioma_Tr-gl_193.jpg
glioma,F:\brain tumor detection\data\raw\primary\glioma\glioma_Tr-gl_194.jpg
glioma,F:\brain tumor detection\data\raw\primary\glioma\glioma_Tr-gl_195.jpg
glioma,F:\brain tumor detection\data\raw\primary\glioma\glioma_Tr-gl_196.jpg
glioma,F:\brain tumor detection\data\raw\primary\glioma\glioma_Tr-gl_197.jpg
glioma,F:\brain tumor detection\data\raw\primary\glioma\glioma_Tr-gl_198.jpg
glioma,F:\brain tumor detection\data\raw\primary\glioma\glioma_Tr-gl_199.jpg
glioma,F:\brain tumor detection\data\raw\primary\glioma\glioma_Tr-gl_2.jpg
glioma,F:\brain tumor detection\data\raw\primary\glioma\glioma_Tr-gl_20.jpg
glioma,F:\brain tumor detection\data\raw\primary\glioma\glioma_Tr-gl_200.jpg
glioma,F:\brain tumor detection\data\raw\primary\glioma\glioma_Tr-gl_201.jpg
glioma,F:\brain tumor detection\data\raw\primary\glioma\glioma_Tr-gl_202.jpg
glioma,F:\brain tumor detection\data\raw\primary\glioma\glioma_Tr-gl_203.jpg
glioma,F:\brain tumor detection\data\raw\primary\glioma\glioma_Tr-gl_204.jpg
glioma,F:\brain tumor detection\data\raw\primary\glioma\glioma_Tr-gl_205.jpg
glioma,F:\brain tumor detection\data\raw\primary\glioma\glioma_Tr-gl_206.jpg
glioma,F:\brain tumor detection\data\raw\primary\glioma\glioma_Tr-gl_207.jpg
glioma,F:\brain tumor detection\data\raw\primary\glioma\glioma_Tr-gl_208.jpg
glioma,F:\brain tumor detection\data\raw\primary\glioma\glioma_Tr-gl_209.jpg
glioma,F:\brain tumor detection\data\raw\primary\glioma\glioma_Tr-gl_21.jpg
glioma,F:\brain tumor detection\data\raw\primary\glioma\glioma_Tr-gl_210.jpg
glioma,F:\brain tumor detection\data\raw\primary\glioma\glioma_Tr-gl_211.jpg
glioma,F:\brain tumor detection\data\raw\primary\glioma\glioma_Tr-gl_212.jpg
glioma,F:\brain tumor detection\data\raw\primary\glioma\glioma_Tr-gl_213.jpg
glioma,F:\brain tumor detection\data\raw\primary\glioma\glioma_Tr-gl_214.jpg
glioma,F:\brain tumor detection\data\raw\primary\glioma\glioma_Tr-gl_215.jpg
glioma,F:\brain tumor detection\data\raw\primary\glioma\glioma_Tr-gl_216.jpg
glioma,F:\brain tumor detection\data\raw\primary\glioma\glioma_Tr-gl_217.jpg
glioma,F:\brain tumor detection\data\raw\primary\glioma\glioma_Tr-gl_218.jpg
glioma,F:\brain tumor detection\data\raw\primary\glioma\glioma_Tr-gl_219.jpg
glioma,F:\brain tumor detection\data\raw\primary\glioma\glioma_Tr-gl_22.jpg
glioma,F:\brain tumor detection\data\raw\primary\glioma\glioma_Tr-gl_220.jpg
glioma,F:\brain tumor detection\data\raw\primary\glioma\glioma_Tr-gl_221.jpg
glioma,F:\brain tumor detection\data\raw\primary\glioma\glioma_Tr-gl_222.jpg
glioma,F:\brain tumor detection\data\raw\primary\glioma\glioma_Tr-gl_223.jpg
glioma,F:\brain tumor detection\data\raw\primary\glioma\glioma_Tr-gl_224.jpg
glioma,F:\brain tumor detection\data\raw\primary\glioma\glioma_Tr-gl_225.jpg
glioma,F:\brain tumor detection\data\raw\primary\glioma\glioma_Tr-gl_226.jpg
glioma,F:\brain tumor detection\data\raw\primary\glioma\glioma_Tr-gl_227.jpg
glioma,F:\brain tumor detection\data\raw\primary\glioma\glioma_Tr-gl_228.jpg
glioma,F:\brain tumor detection\data\raw\primary\glioma\glioma_Tr-gl_229.jpg
glioma,F:\brain tumor detection\data\raw\primary\glioma\glioma_Tr-gl_23.jpg
glioma,F:\brain tumor detection\data\raw\primary\glioma\glioma_Tr-gl_230.jpg
glioma,F:\brain tumor detection\data\raw\primary\glioma\glioma_Tr-gl_231.jpg
glioma,F:\brain tumor detection\data\raw\primary\glioma\glioma_Tr-gl_232.jpg
glioma,F:\brain tumor detection\data\raw\primary\glioma\glioma_Tr-gl_233.jpg
glioma,F:\brain tumor detection\data\raw\primary\glioma\glioma_Tr-gl_234.jpg
glioma,F:\brain tumor detection\data\raw\primary\glioma\glioma_Tr-gl_235.jpg
glioma,F:\brain tumor detection\data\raw\primary\glioma\glioma_Tr-gl_236.jpg
glioma,F:\brain tumor detection\data\raw\primary\glioma\glioma_Tr-gl_237.jpg
glioma,F:\brain tumor detection\data\raw\primary\glioma\glioma_Tr-gl_238.jpg
glioma,F:\brain tumor detection\data\raw\primary\glioma\glioma_Tr-gl_239.jpg
glioma,F:\brain tumor detection\data\raw\primary\glioma\glioma_Tr-gl_24.jpg
glioma,F:\brain tumor detection\data\raw\primary\glioma\glioma_Tr-gl_240.jpg
glioma,F:\brain tumor detection\data\raw\primary\glioma\glioma_Tr-gl_241.jpg
glioma,F:\brain tumor detection\data\raw\primary\glioma\glioma_Tr-gl_242.jpg
glioma,F:\brain tumor detection\data\raw\primary\glioma\glioma_Tr-gl_243.jpg
glioma,F:\brain tumor detection\data\raw\primary\glioma\glioma_Tr-gl_244.jpg
glioma,F:\brain tumor detection\data\raw\primary\glioma\glioma_Tr-gl_245.jpg
glioma,F:\brain tumor detection\data\raw\primary\glioma\glioma_Tr-gl_246.jpg
glioma,F:\brain tumor detection\data\raw\primary\glioma\glioma_Tr-gl_247.jpg
glioma,F:\brain tumor detection\data\raw\primary\glioma\glioma_Tr-gl_248.jpg
glioma,F:\brain tumor detection\data\raw\primary\glioma\glioma_Tr-gl_249.jpg
glioma,F:\brain tumor detection\data\raw\primary\glioma\glioma_Tr-gl_25.jpg
glioma,F:\brain tumor detection\data\raw\primary\glioma\glioma_Tr-gl_250.jpg
glioma,F:\brain tumor detection\data\raw\primary\glioma\glioma_Tr-gl_251.jpg
glioma,F:\brain tumor detection\data\raw\primary\glioma\glioma_Tr-gl_252.jpg
glioma,F:\brain tumor detection\data\raw\primary\glioma\glioma_Tr-gl_253.jpg
glioma,F:\brain tumor detection\data\raw\primary\glioma\glioma_Tr-gl_254.jpg
glioma,F:\brain tumor detection\data\raw\primary\glioma\glioma_Tr-gl_255.jpg
glioma,F:\brain tumor detection\data\raw\primary\glioma\glioma_Tr-gl_256.jpg
glioma,F:\brain tumor detection\data\raw\primary\glioma\glioma_Tr-gl_257.jpg
glioma,F:\brain tumor detection\data\raw\primary\glioma\glioma_Tr-gl_258.jpg
glioma,F:\brain tumor detection\data\raw\primary\glioma\glioma_Tr-gl_259.jpg
glioma,F:\brain tumor detection\data\raw\primary\glioma\glioma_Tr-gl_26.jpg
glioma,F:\brain tumor detection\data\raw\primary\glioma\glioma_Tr-gl_260.jpg
glioma,F:\brain tumor detection\data\raw\primary\glioma\glioma_Tr-gl_261.jpg
glioma,F:\brain tumor detection\data\raw\primary\glioma\glioma_Tr-gl_262.jpg
glioma,F:\brain tumor detection\data\raw\primary\glioma\glioma_Tr-gl_263.jpg
glioma,F:\brain tumor detection\data\raw\primary\glioma\glioma_Tr-gl_264.jpg
glioma,F:\brain tumor detection\data\raw\primary\glioma\glioma_Tr-gl_265.jpg
glioma,F:\brain tumor detection\data\raw\primary\glioma\glioma_Tr-gl_266.jpg
glioma,F:\brain tumor detection\data\raw\primary\glioma\glioma_Tr-gl_267.jpg
glioma,F:\brain tumor detection\data\raw\primary\glioma\glioma_Tr-gl_268.jpg
glioma,F:\brain tumor detection\data\raw\primary\glioma\glioma_Tr-gl_269.jpg
glioma,F:\brain tumor detection\data\raw\primary\glioma\glioma_Tr-gl_27.jpg
glioma,F:\brain tumor detection\data\raw\primary\glioma\glioma_Tr-gl_270.jpg
glioma,F:\brain tumor detection\data\raw\primary\glioma\glioma_Tr-gl_271.jpg
glioma,F:\brain tumor detection\data\raw\primary\glioma\glioma_Tr-gl_272.jpg
glioma,F:\brain tumor detection\data\raw\primary\glioma\glioma_Tr-gl_273.jpg
glioma,F:\brain tumor detection\data\raw\primary\glioma\glioma_Tr-gl_274.jpg
glioma,F:\brain tumor detection\data\raw\primary\glioma\glioma_Tr-gl_275.jpg
glioma,F:\brain tumor detection\data\raw\primary\glioma\glioma_Tr-gl_276.jpg
glioma,F:\brain tumor detection\data\raw\primary\glioma\glioma_Tr-gl_277.jpg
glioma,F:\brain tumor detection\data\raw\primary\glioma\glioma_Tr-gl_278.jpg
glioma,F:\brain tumor detection\data\raw\primary\glioma\glioma_Tr-gl_279.jpg
glioma,F:\brain tumor detection\data\raw\primary\glioma\glioma_Tr-gl_28.jpg
glioma,F:\brain tumor detection\data\raw\primary\glioma\glioma_Tr-gl_280.jpg
glioma,F:\brain tumor detection\data\raw\primary\glioma\glioma_Tr-gl_281.jpg
glioma,F:\brain tumor detection\data\raw\primary\glioma\glioma_Tr-gl_282.jpg
glioma,F:\brain tumor detection\data\raw\primary\glioma\glioma_Tr-gl_283.jpg
glioma,F:\brain tumor detection\data\raw\primary\glioma\glioma_Tr-gl_284.jpg
glioma,F:\brain tumor detection\data\raw\primary\glioma\glioma_Tr-gl_285.jpg
glioma,F:\brain tumor detection\data\raw\primary\glioma\glioma_Tr-gl_286.jpg
glioma,F:\brain tumor detection\data\raw\primary\glioma\glioma_Tr-gl_287.jpg
glioma,F:\brain tumor detection\data\raw\primary\glioma\glioma_Tr-gl_288.jpg
glioma,F:\brain tumor detection\data\raw\primary\glioma\glioma_Tr-gl_289.jpg
glioma,F:\brain tumor detection\data\raw\primary\glioma\glioma_Tr-gl_29.jpg
glioma,F:\brain tumor detection\data\raw\primary\glioma\glioma_Tr-gl_290.jpg
glioma,F:\brain tumor detection\data\raw\primary\glioma\glioma_Tr-gl_291.jpg
glioma,F:\brain tumor detection\data\raw\primary\glioma\glioma_Tr-gl_292.jpg
glioma,F:\brain tumor detection\data\raw\primary\glioma\glioma_Tr-gl_293.jpg
glioma,F:\brain tumor detection\data\raw\primary\glioma\glioma_Tr-gl_294.jpg
glioma,F:\brain tumor detection\data\raw\primary\glioma\glioma_Tr-gl_295.jpg
glioma,F:\brain tumor detection\data\raw\primary\glioma\glioma_Tr-gl_296.jpg
glioma,F:\brain tumor detection\data\raw\primary\glioma\glioma_Tr-gl_297.jpg
glioma,F:\brain tumor detection\data\raw\primary\glioma\glioma_Tr-gl_298.jpg
glioma,F:\brain tumor detection\data\raw\primary\glioma\glioma_Tr-gl_299.jpg
glioma,F:\brain tumor detection\data\raw\primary\glioma\glioma_Tr-gl_3.jpg
glioma,F:\brain tumor detection\data\raw\primary\glioma\glioma_Tr-gl_30.jpg
glioma,F:\brain tumor detection\data\raw\primary\glioma\glioma_Tr-gl_300.jpg
glioma,F:\brain tumor detection\data\raw\primary\glioma\glioma_Tr-gl_301.jpg
glioma,F:\brain tumor detection\data\raw\primary\glioma\glioma_Tr-gl_302.jpg
glioma,F:\brain tumor detection\data\raw\primary\glioma\glioma_Tr-gl_303.jpg
glioma,F:\brain tumor detection\data\raw\primary\glioma\glioma_Tr-gl_304.jpg
glioma,F:\brain tumor detection\data\raw\primary\glioma\glioma_Tr-gl_305.jpg
glioma,F:\brain tumor detection\data\raw\primary\glioma\glioma_Tr-gl_306.jpg
glioma,F:\brain tumor detection\data\raw\primary\glioma\glioma_Tr-gl_307.jpg
glioma,F:\brain tumor detection\data\raw\primary\glioma\glioma_Tr-gl_308.jpg
glioma,F:\brain tumor detection\data\raw\primary\glioma\glioma_Tr-gl_309.jpg
glioma,F:\brain tumor detection\data\raw\primary\glioma\glioma_Tr-gl_31.jpg
glioma,F:\brain tumor detection\data\raw\primary\glioma\glioma_Tr-gl_310.jpg
glioma,F:\brain tumor detection\data\raw\primary\glioma\glioma_Tr-gl_311.jpg
glioma,F:\brain tumor detection\data\raw\primary\glioma\glioma_Tr-gl_312.jpg
glioma,F:\brain tumor detection\data\raw\primary\glioma\glioma_Tr-gl_313.jpg
glioma,F:\brain tumor detection\data\raw\primary\glioma\glioma_Tr-gl_314.jpg
glioma,F:\brain tumor detection\data\raw\primary\glioma\glioma_Tr-gl_315.jpg
glioma,F:\brain tumor detection\data\raw\primary\glioma\glioma_Tr-gl_316.jpg
glioma,F:\brain tumor detection\data\raw\primary\glioma\glioma_Tr-gl_317.jpg
glioma,F:\brain tumor detection\data\raw\primary\glioma\glioma_Tr-gl_318.jpg
glioma,F:\brain tumor detection\data\raw\primary\glioma\glioma_Tr-gl_319.jpg
glioma,F:\brain tumor detection\data\raw\primary\glioma\glioma_Tr-gl_32.jpg
glioma,F:\brain tumor detection\data\raw\primary\glioma\glioma_Tr-gl_320.jpg
glioma,F:\brain tumor detection\data\raw\primary\glioma\glioma_Tr-gl_321.jpg
glioma,F:\brain tumor detection\data\raw\primary\glioma\glioma_Tr-gl_322.jpg
glioma,F:\brain tumor detection\data\raw\primary\glioma\glioma_Tr-gl_323.jpg
glioma,F:\brain tumor detection\data\raw\primary\glioma\glioma_Tr-gl_324.jpg
glioma,F:\brain tumor detection\data\raw\primary\glioma\glioma_Tr-gl_325.jpg
glioma,F:\brain tumor detection\data\raw\primary\glioma\glioma_Tr-gl_326.jpg
glioma,F:\brain tumor detection\data\raw\primary\glioma\glioma_Tr-gl_327.jpg
glioma,F:\brain tumor detection\data\raw\primary\glioma\glioma_Tr-gl_328.jpg
glioma,F:\brain tumor detection\data\raw\primary\glioma\glioma_Tr-gl_329.jpg
glioma,F:\brain tumor detection\data\raw\primary\glioma\glioma_Tr-gl_33.jpg
glioma,F:\brain tumor detection\data\raw\primary\glioma\glioma_Tr-gl_330.jpg
glioma,F:\brain tumor detection\data\raw\primary\glioma\glioma_Tr-gl_331.jpg
glioma,F:\brain tumor detection\data\raw\primary\glioma\glioma_Tr-gl_332.jpg
glioma,F:\brain tumor detection\data\raw\primary\glioma\glioma_Tr-gl_333.jpg
glioma,F:\brain tumor detection\data\raw\primary\glioma\glioma_Tr-gl_334.jpg
glioma,F:\brain tumor detection\data\raw\primary\glioma\glioma_Tr-gl_335.jpg
glioma,F:\brain tumor detection\data\raw\primary\glioma\glioma_Tr-gl_336.jpg
glioma,F:\brain tumor detection\data\raw\primary\glioma\glioma_Tr-gl_337.jpg
glioma,F:\brain tumor detection\data\raw\primary\glioma\glioma_Tr-gl_338.jpg
glioma,F:\brain tumor detection\data\raw\primary\glioma\glioma_Tr-gl_339.jpg
glioma,F:\brain tumor detection\data\raw\primary\glioma\glioma_Tr-gl_34.jpg
glioma,F:\brain tumor detection\data\raw\primary\glioma\glioma_Tr-gl_340.jpg
glioma,F:\brain tumor detection\data\raw\primary\glioma\glioma_Tr-gl_341.jpg
glioma,F:\brain tumor detection\data\raw\primary\glioma\glioma_Tr-gl_342.jpg
glioma,F:\brain tumor detection\data\raw\primary\glioma\glioma_Tr-gl_343.jpg
glioma,F:\brain tumor detection\data\raw\primary\glioma\glioma_Tr-gl_344.jpg
glioma,F:\brain tumor detection\data\raw\primary\glioma\glioma_Tr-gl_345.jpg
glioma,F:\brain tumor detection\data\raw\primary\glioma\glioma_Tr-gl_346.jpg
glioma,F:\brain tumor detection\data\raw\primary\glioma\glioma_Tr-gl_347.jpg
glioma,F:\brain tumor detection\data\raw\primary\glioma\glioma_Tr-gl_348.jpg
glioma,F:\brain tumor detection\data\raw\primary\glioma\glioma_Tr-gl_349.jpg
glioma,F:\brain tumor detection\data\raw\primary\glioma\glioma_Tr-gl_35.jpg
glioma,F:\brain tumor detection\data\raw\primary\glioma\glioma_Tr-gl_350.jpg
glioma,F:\brain tumor detection\data\raw\primary\glioma\glioma_Tr-gl_351.jpg
glioma,F:\brain tumor detection\data\raw\primary\glioma\glioma_Tr-gl_352.jpg
glioma,F:\brain tumor detection\data\raw\primary\glioma\glioma_Tr-gl_353.jpg
glioma,F:\brain tumor detection\data\raw\primary\glioma\glioma_Tr-gl_354.jpg
glioma,F:\brain tumor detection\data\raw\primary\glioma\glioma_Tr-gl_355.jpg
glioma,F:\brain tumor detection\data\raw\primary\glioma\glioma_Tr-gl_356.jpg
glioma,F:\brain tumor detection\data\raw\primary\glioma\glioma_Tr-gl_357.jpg
glioma,F:\brain tumor detection\data\raw\primary\glioma\glioma_Tr-gl_358.jpg
glioma,F:\brain tumor detection\data\raw\primary\glioma\glioma_Tr-gl_359.jpg
glioma,F:\brain tumor detection\data\raw\primary\glioma\glioma_Tr-gl_36.jpg
glioma,F:\brain tumor detection\data\raw\primary\glioma\glioma_Tr-gl_360.jpg
glioma,F:\brain tumor detection\data\raw\primary\glioma\glioma_Tr-gl_361.jpg
glioma,F:\brain tumor detection\data\raw\primary\glioma\glioma_Tr-gl_362.jpg
glioma,F:\brain tumor detection\data\raw\primary\glioma\glioma_Tr-gl_363.jpg
glioma,F:\brain tumor detection\data\raw\primary\glioma\glioma_Tr-gl_364.jpg
glioma,F:\brain tumor detection\data\raw\primary\glioma\glioma_Tr-gl_365.jpg
glioma,F:\brain tumor detection\data\raw\primary\glioma\glioma_Tr-gl_366.jpg
glioma,F:\brain tumor detection\data\raw\primary\glioma\glioma_Tr-gl_367.jpg
glioma,F:\brain tumor detection\data\raw\primary\glioma\glioma_Tr-gl_368.jpg
glioma,F:\brain tumor detection\data\raw\primary\glioma\glioma_Tr-gl_369.jpg
glioma,F:\brain tumor detection\data\raw\primary\glioma\glioma_Tr-gl_37.jpg
glioma,F:\brain tumor detection\data\raw\primary\glioma\glioma_Tr-gl_370.jpg
glioma,F:\brain tumor detection\data\raw\primary\glioma\glioma_Tr-gl_371.jpg
glioma,F:\brain tumor detection\data\raw\primary\glioma\glioma_Tr-gl_372.jpg
glioma,F:\brain tumor detection\data\raw\primary\glioma\glioma_Tr-gl_373.jpg
glioma,F:\brain tumor detection\data\raw\primary\glioma\glioma_Tr-gl_374.jpg
glioma,F:\brain tumor detection\data\raw\primary\glioma\glioma_Tr-gl_375.jpg
glioma,F:\brain tumor detection\data\raw\primary\glioma\glioma_Tr-gl_376.jpg
glioma,F:\brain tumor detection\data\raw\primary\glioma\glioma_Tr-gl_377.jpg
glioma,F:\brain tumor detection\data\raw\primary\glioma\glioma_Tr-gl_378.jpg
glioma,F:\brain tumor detection\data\raw\primary\glioma\glioma_Tr-gl_379.jpg
glioma,F:\brain tumor detection\data\raw\primary\glioma\glioma_Tr-gl_38.jpg
glioma,F:\brain tumor detection\data\raw\primary\glioma\glioma_Tr-gl_380.jpg
glioma,F:\brain tumor detection\data\raw\primary\glioma\glioma_Tr-gl_381.jpg
glioma,F:\brain tumor detection\data\raw\primary\glioma\glioma_Tr-gl_382.jpg
glioma,F:\brain tumor detection\data\raw\primary\glioma\glioma_Tr-gl_383.jpg
glioma,F:\brain tumor detection\data\raw\primary\glioma\glioma_Tr-gl_384.jpg
glioma,F:\brain tumor detection\data\raw\primary\glioma\glioma_Tr-gl_385.jpg
glioma,F:\brain tumor detection\data\raw\primary\glioma\glioma_Tr-gl_386.jpg
glioma,F:\brain tumor detection\data\raw\primary\glioma\glioma_Tr-gl_387.jpg
glioma,F:\brain tumor detection\data\raw\primary\glioma\glioma_Tr-gl_388.jpg
glioma,F:\brain tumor detection\data\raw\primary\glioma\glioma_Tr-gl_389.jpg
glioma,F:\brain tumor detection\data\raw\primary\glioma\glioma_Tr-gl_39.jpg
glioma,F:\brain tumor detection\data\raw\primary\glioma\glioma_Tr-gl_390.jpg
glioma,F:\brain tumor detection\data\raw\primary\glioma\glioma_Tr-gl_391.jpg
glioma,F:\brain tumor detection\data\raw\primary\glioma\glioma_Tr-gl_392.jpg
glioma,F:\brain tumor detection\data\raw\primary\glioma\glioma_Tr-gl_393.jpg
glioma,F:\brain tumor detection\data\raw\primary\glioma\glioma_Tr-gl_394.jpg
glioma,F:\brain tumor detection\data\raw\primary\glioma\glioma_Tr-gl_395.jpg
glioma,F:\brain tumor detection\data\raw\primary\glioma\glioma_Tr-gl_396.jpg
glioma,F:\brain tumor detection\data\raw\primary\glioma\glioma_Tr-gl_397.jpg
glioma,F:\brain tumor detection\data\raw\primary\glioma\glioma_Tr-gl_398.jpg
glioma,F:\brain tumor detection\data\raw\primary\glioma\glioma_Tr-gl_399.jpg
glioma,F:\brain tumor detection\data\raw\primary\glioma\glioma_Tr-gl_4.jpg
glioma,F:\brain tumor detection\data\raw\primary\glioma\glioma_Tr-gl_40.jpg
glioma,F:\brain tumor detection\data\raw\primary\glioma\glioma_Tr-gl_400.jpg
glioma,F:\brain tumor detection\data\raw\primary\glioma\glioma_Tr-gl_401.jpg
glioma,F:\brain tumor detection\data\raw\primary\glioma\glioma_Tr-gl_402.jpg
glioma,F:\brain tumor detection\data\raw\primary\glioma\glioma_Tr-gl_403.jpg
glioma,F:\brain tumor detection\data\raw\primary\glioma\glioma_Tr-gl_404.jpg
glioma,F:\brain tumor detection\data\raw\primary\glioma\glioma_Tr-gl_405.jpg
glioma,F:\brain tumor detection\data\raw\primary\glioma\glioma_Tr-gl_406.jpg
glioma,F:\brain tumor detection\data\raw\primary\glioma\glioma_Tr-gl_407.jpg
glioma,F:\brain tumor detection\data\raw\primary\glioma\glioma_Tr-gl_408.jpg
glioma,F:\brain tumor detection\data\raw\primary\glioma\glioma_Tr-gl_409.jpg
glioma,F:\brain tumor detection\data\raw\primary\glioma\glioma_Tr-gl_41.jpg
glioma,F:\brain tumor detection\data\raw\primary\glioma\glioma_Tr-gl_410.jpg
glioma,F:\brain tumor detection\data\raw\primary\glioma\glioma_Tr-gl_411.jpg
glioma,F:\brain tumor detection\data\raw\primary\glioma\glioma_Tr-gl_412.jpg
glioma,F:\brain tumor detection\data\raw\primary\glioma\glioma_Tr-gl_413.jpg
glioma,F:\brain tumor detection\data\raw\primary\glioma\glioma_Tr-gl_414.jpg
glioma,F:\brain tumor detection\data\raw\primary\glioma\glioma_Tr-gl_415.jpg
glioma,F:\brain tumor detection\data\raw\primary\glioma\glioma_Tr-gl_416.jpg
glioma,F:\brain tumor detection\data\raw\primary\glioma\glioma_Tr-gl_417.jpg
glioma,F:\brain tumor detection\data\raw\primary\glioma\glioma_Tr-gl_418.jpg
glioma,F:\brain tumor detection\data\raw\primary\glioma\glioma_Tr-gl_419.jpg
glioma,F:\brain tumor detection\data\raw\primary\glioma\glioma_Tr-gl_42.jpg
glioma,F:\brain tumor detection\data\raw\primary\glioma\glioma_Tr-gl_420.jpg
glioma,F:\brain tumor detection\data\raw\primary\glioma\glioma_Tr-gl_421.jpg
glioma,F:\brain tumor detection\data\raw\primary\glioma\glioma_Tr-gl_422.jpg
glioma,F:\brain tumor detection\data\raw\primary\glioma\glioma_Tr-gl_423.jpg
glioma,F:\brain tumor detection\data\raw\primary\glioma\glioma_Tr-gl_424.jpg
glioma,F:\brain tumor detection\data\raw\primary\glioma\glioma_Tr-gl_425.jpg
glioma,F:\brain tumor detection\data\raw\primary\glioma\glioma_Tr-gl_426.jpg
glioma,F:\brain tumor detection\data\raw\primary\glioma\glioma_Tr-gl_427.jpg
glioma,F:\brain tumor detection\data\raw\primary\glioma\glioma_Tr-gl_428.jpg
glioma,F:\brain tumor detection\data\raw\primary\glioma\glioma_Tr-gl_429.jpg
glioma,F:\brain tumor detection\data\raw\primary\glioma\glioma_Tr-gl_43.jpg
glioma,F:\brain tumor detection\data\raw\primary\glioma\glioma_Tr-gl_430.jpg
glioma,F:\brain tumor detection\data\raw\primary\glioma\glioma_Tr-gl_431.jpg
glioma,F:\brain tumor detection\data\raw\primary\glioma\glioma_Tr-gl_432.jpg
glioma,F:\brain tumor detection\data\raw\primary\glioma\glioma_Tr-gl_433.jpg
glioma,F:\brain tumor detection\data\raw\primary\glioma\glioma_Tr-gl_434.jpg
glioma,F:\brain tumor detection\data\raw\primary\glioma\glioma_Tr-gl_435.jpg
glioma,F:\brain tumor detection\data\raw\primary\glioma\glioma_Tr-gl_436.jpg
glioma,F:\brain tumor detection\data\raw\primary\glioma\glioma_Tr-gl_437.jpg
glioma,F:\brain tumor detection\data\raw\primary\glioma\glioma_Tr-gl_438.jpg
glioma,F:\brain tumor detection\data\raw\primary\glioma\glioma_Tr-gl_439.jpg
glioma,F:\brain tumor detection\data\raw\primary\glioma\glioma_Tr-gl_44.jpg
glioma,F:\brain tumor detection\data\raw\primary\glioma\glioma_Tr-gl_440.jpg
glioma,F:\brain tumor detection\data\raw\primary\glioma\glioma_Tr-gl_441.jpg
glioma,F:\brain tumor detection\data\raw\primary\glioma\glioma_Tr-gl_442.jpg
glioma,F:\brain tumor detection\data\raw\primary\glioma\glioma_Tr-gl_443.jpg
glioma,F:\brain tumor detection\data\raw\primary\glioma\glioma_Tr-gl_444.jpg
glioma,F:\brain tumor detection\data\raw\primary\glioma\glioma_Tr-gl_445.jpg
glioma,F:\brain tumor detection\data\raw\primary\glioma\glioma_Tr-gl_446.jpg
glioma,F:\brain tumor detection\data\raw\primary\glioma\glioma_Tr-gl_447.jpg
glioma,F:\brain tumor detection\data\raw\primary\glioma\glioma_Tr-gl_448.jpg
glioma,F:\brain tumor detection\data\raw\primary\glioma\glioma_Tr-gl_449.jpg
glioma,F:\brain tumor detection\data\raw\primary\glioma\glioma_Tr-gl_45.jpg
glioma,F:\brain tumor detection\data\raw\primary\glioma\glioma_Tr-gl_450.jpg
glioma,F:\brain tumor detection\data\raw\primary\glioma\glioma_Tr-gl_451.jpg
glioma,F:\brain tumor detection\data\raw\primary\glioma\glioma_Tr-gl_452.jpg
glioma,F:\brain tumor detection\data\raw\primary\glioma\glioma_Tr-gl_453.jpg
glioma,F:\brain tumor detection\data\raw\primary\glioma\glioma_Tr-gl_454.jpg
glioma,F:\brain tumor detection\data\raw\primary\glioma\glioma_Tr-gl_455.jpg
glioma,F:\brain tumor detection\data\raw\primary\glioma\glioma_Tr-gl_456.jpg
glioma,F:\brain tumor detection\data\raw\primary\glioma\glioma_Tr-gl_457.jpg
glioma,F:\brain tumor detection\data\raw\primary\glioma\glioma_Tr-gl_458.jpg
glioma,F:\brain tumor detection\data\raw\primary\glioma\glioma_Tr-gl_459.jpg
glioma,F:\brain tumor detection\data\raw\primary\glioma\glioma_Tr-gl_46.jpg
glioma,F:\brain tumor detection\data\raw\primary\glioma\glioma_Tr-gl_460.jpg
glioma,F:\brain tumor detection\data\raw\primary\glioma\glioma_Tr-gl_461.jpg
glioma,F:\brain tumor detection\data\raw\primary\glioma\glioma_Tr-gl_462.jpg
glioma,F:\brain tumor detection\data\raw\primary\glioma\glioma_Tr-gl_463.jpg
glioma,F:\brain tumor detection\data\raw\primary\glioma\glioma_Tr-gl_464.jpg
glioma,F:\brain tumor detection\data\raw\primary\glioma\glioma_Tr-gl_465.jpg
glioma,F:\brain tumor detection\data\raw\primary\glioma\glioma_Tr-gl_466.jpg
glioma,F:\brain tumor detection\data\raw\primary\glioma\glioma_Tr-gl_467.jpg
glioma,F:\brain tumor detection\data\raw\primary\glioma\glioma_Tr-gl_468.jpg
glioma,F:\brain tumor detection\data\raw\primary\glioma\glioma_Tr-gl_469.jpg
glioma,F:\brain tumor detection\data\raw\primary\glioma\glioma_Tr-gl_47.jpg
glioma,F:\brain tumor detection\data\raw\primary\glioma\glioma_Tr-gl_470.jpg
glioma,F:\brain tumor detection\data\raw\primary\glioma\glioma_Tr-gl_471.jpg
glioma,F:\brain tumor detection\data\raw\primary\glioma\glioma_Tr-gl_472.jpg
glioma,F:\brain tumor detection\data\raw\primary\glioma\glioma_Tr-gl_473.jpg
glioma,F:\brain tumor detection\data\raw\primary\glioma\glioma_Tr-gl_474.jpg
glioma,F:\brain tumor detection\data\raw\primary\glioma\glioma_Tr-gl_475.jpg
glioma,F:\brain tumor detection\data\raw\primary\glioma\glioma_Tr-gl_476.jpg
glioma,F:\brain tumor detection\data\raw\primary\glioma\glioma_Tr-gl_477.jpg
glioma,F:\brain tumor detection\data\raw\primary\glioma\glioma_Tr-gl_478.jpg
glioma,F:\brain tumor detection\data\raw\primary\glioma\glioma_Tr-gl_479.jpg
glioma,F:\brain tumor detection\data\raw\primary\glioma\glioma_Tr-gl_48.jpg
glioma,F:\brain tumor detection\data\raw\primary\glioma\glioma_Tr-gl_480.jpg
glioma,F:\brain tumor detection\data\raw\primary\glioma\glioma_Tr-gl_481.jpg
glioma,F:\brain tumor detection\data\raw\primary\glioma\glioma_Tr-gl_482.jpg
glioma,F:\brain tumor detection\data\raw\primary\glioma\glioma_Tr-gl_483.jpg
glioma,F:\brain tumor detection\data\raw\primary\glioma\glioma_Tr-gl_484.jpg
glioma,F:\brain tumor detection\data\raw\primary\glioma\glioma_Tr-gl_485.jpg
glioma,F:\brain tumor detection\data\raw\primary\glioma\glioma_Tr-gl_486.jpg
glioma,F:\brain tumor detection\data\raw\primary\glioma\glioma_Tr-gl_487.jpg
glioma,F:\brain tumor detection\data\raw\primary\glioma\glioma_Tr-gl_488.jpg
glioma,F:\brain tumor detection\data\raw\primary\glioma\glioma_Tr-gl_489.jpg
glioma,F:\brain tumor detection\data\raw\primary\glioma\glioma_Tr-gl_49.jpg
glioma,F:\brain tumor detection\data\raw\primary\glioma\glioma_Tr-gl_490.jpg
glioma,F:\brain tumor detection\data\raw\primary\glioma\glioma_Tr-gl_491.jpg
glioma,F:\brain tumor detection\data\raw\primary\glioma\glioma_Tr-gl_492.jpg
glioma,F:\brain tumor detection\data\raw\primary\glioma\glioma_Tr-gl_493.jpg
glioma,F:\brain tumor detection\data\raw\primary\glioma\glioma_Tr-gl_494.jpg
glioma,F:\brain tumor detection\data\raw\primary\glioma\glioma_Tr-gl_495.jpg
glioma,F:\brain tumor detection\data\raw\primary\glioma\glioma_Tr-gl_496.jpg
glioma,F:\brain tumor detection\data\raw\primary\glioma\glioma_Tr-gl_497.jpg
glioma,F:\brain tumor detection\data\raw\primary\glioma\glioma_Tr-gl_498.jpg
glioma,F:\brain tumor detection\data\raw\primary\glioma\glioma_Tr-gl_499.jpg
glioma,F:\brain tumor detection\data\raw\primary\glioma\glioma_Tr-gl_5.jpg
glioma,F:\brain tumor detection\data\raw\primary\glioma\glioma_Tr-gl_50.jpg
glioma,F:\brain tumor detection\data\raw\primary\glioma\glioma_Tr-gl_500.jpg
glioma,F:\brain tumor detection\data\raw\primary\glioma\glioma_Tr-gl_501.jpg
glioma,F:\brain tumor detection\data\raw\primary\glioma\glioma_Tr-gl_502.jpg
glioma,F:\brain tumor detection\data\raw\primary\glioma\glioma_Tr-gl_503.jpg
glioma,F:\brain tumor detection\data\raw\primary\glioma\glioma_Tr-gl_504.jpg
glioma,F:\brain tumor detection\data\raw\primary\glioma\glioma_Tr-gl_505.jpg
glioma,F:\brain tumor detection\data\raw\primary\glioma\glioma_Tr-gl_506.jpg
glioma,F:\brain tumor detection\data\raw\primary\glioma\glioma_Tr-gl_507.jpg
glioma,F:\brain tumor detection\data\raw\primary\glioma\glioma_Tr-gl_508.jpg
glioma,F:\brain tumor detection\data\raw\primary\glioma\glioma_Tr-gl_509.jpg
glioma,F:\brain tumor detection\data\raw\primary\glioma\glioma_Tr-gl_51.jpg
glioma,F:\brain tumor detection\data\raw\primary\glioma\glioma_Tr-gl_510.jpg
glioma,F:\brain tumor detection\data\raw\primary\glioma\glioma_Tr-gl_511.jpg
glioma,F:\brain tumor detection\data\raw\primary\glioma\glioma_Tr-gl_512.jpg
glioma,F:\brain tumor detection\data\raw\primary\glioma\glioma_Tr-gl_513.jpg
glioma,F:\brain tumor detection\data\raw\primary\glioma\glioma_Tr-gl_514.jpg
glioma,F:\brain tumor detection\data\raw\primary\glioma\glioma_Tr-gl_515.jpg
glioma,F:\brain tumor detection\data\raw\primary\glioma\glioma_Tr-gl_516.jpg
glioma,F:\brain tumor detection\data\raw\primary\glioma\glioma_Tr-gl_517.jpg
glioma,F:\brain tumor detection\data\raw\primary\glioma\glioma_Tr-gl_518.jpg
glioma,F:\brain tumor detection\data\raw\primary\glioma\glioma_Tr-gl_519.jpg
glioma,F:\brain tumor detection\data\raw\primary\glioma\glioma_Tr-gl_52.jpg
glioma,F:\brain tumor detection\data\raw\primary\glioma\glioma_Tr-gl_520.jpg
glioma,F:\brain tumor detection\data\raw\primary\glioma\glioma_Tr-gl_521.jpg
glioma,F:\brain tumor detection\data\raw\primary\glioma\glioma_Tr-gl_522.jpg
glioma,F:\brain tumor detection\data\raw\primary\glioma\glioma_Tr-gl_523.jpg
glioma,F:\brain tumor detection\data\raw\primary\glioma\glioma_Tr-gl_524.jpg
glioma,F:\brain tumor detection\data\raw\primary\glioma\glioma_Tr-gl_525.jpg
glioma,F:\brain tumor detection\data\raw\primary\glioma\glioma_Tr-gl_526.jpg
glioma,F:\brain tumor detection\data\raw\primary\glioma\glioma_Tr-gl_527.jpg
glioma,F:\brain tumor detection\data\raw\primary\glioma\glioma_Tr-gl_528.jpg
glioma,F:\brain tumor detection\data\raw\primary\glioma\glioma_Tr-gl_529.jpg
glioma,F:\brain tumor detection\data\raw\primary\glioma\glioma_Tr-gl_53.jpg
glioma,F:\brain tumor detection\data\raw\primary\glioma\glioma_Tr-gl_530.jpg
glioma,F:\brain tumor detection\data\raw\primary\glioma\glioma_Tr-gl_531.jpg
glioma,F:\brain tumor detection\data\raw\primary\glioma\glioma_Tr-gl_532.jpg
glioma,F:\brain tumor detection\data\raw\primary\glioma\glioma_Tr-gl_533.jpg
glioma,F:\brain tumor detection\data\raw\primary\glioma\glioma_Tr-gl_534.jpg
glioma,F:\brain tumor detection\data\raw\primary\glioma\glioma_Tr-gl_535.jpg
glioma,F:\brain tumor detection\data\raw\primary\glioma\glioma_Tr-gl_536.jpg
glioma,F:\brain tumor detection\data\raw\primary\glioma\glioma_Tr-gl_537.jpg
glioma,F:\brain tumor detection\data\raw\primary\glioma\glioma_Tr-gl_538.jpg
glioma,F:\brain tumor detection\data\raw\primary\glioma\glioma_Tr-gl_539.jpg
glioma,F:\brain tumor detection\data\raw\primary\glioma\glioma_Tr-gl_54.jpg
glioma,F:\brain tumor detection\data\raw\primary\glioma\glioma_Tr-gl_540.jpg
glioma,F:\brain tumor detection\data\raw\primary\glioma\glioma_Tr-gl_541.jpg
glioma,F:\brain tumor detection\data\raw\primary\glioma\glioma_Tr-gl_542.jpg
glioma,F:\brain tumor detection\data\raw\primary\glioma\glioma_Tr-gl_543.jpg
glioma,F:\brain tumor detection\data\raw\primary\glioma\glioma_Tr-gl_544.jpg
glioma,F:\brain tumor detection\data\raw\primary\glioma\glioma_Tr-gl_545.jpg
glioma,F:\brain tumor detection\data\raw\primary\glioma\glioma_Tr-gl_546.jpg
glioma,F:\brain tumor detection\data\raw\primary\glioma\glioma_Tr-gl_547.jpg
glioma,F:\brain tumor detection\data\raw\primary\glioma\glioma_Tr-gl_548.jpg
glioma,F:\brain tumor detection\data\raw\primary\glioma\glioma_Tr-gl_549.jpg
glioma,F:\brain tumor detection\data\raw\primary\glioma\glioma_Tr-gl_55.jpg
glioma,F:\brain tumor detection\data\raw\primary\glioma\glioma_Tr-gl_550.jpg
glioma,F:\brain tumor detection\data\raw\primary\glioma\glioma_Tr-gl_551.jpg
glioma,F:\brain tumor detection\data\raw\primary\glioma\glioma_Tr-gl_552.jpg
glioma,F:\brain tumor detection\data\raw\primary\glioma\glioma_Tr-gl_553.jpg
glioma,F:\brain tumor detection\data\raw\primary\glioma\glioma_Tr-gl_554.jpg
glioma,F:\brain tumor detection\data\raw\primary\glioma\glioma_Tr-gl_555.jpg
glioma,F:\brain tumor detection\data\raw\primary\glioma\glioma_Tr-gl_556.jpg
glioma,F:\brain tumor detection\data\raw\primary\glioma\glioma_Tr-gl_557.jpg
glioma,F:\brain tumor detection\data\raw\primary\glioma\glioma_Tr-gl_558.jpg
glioma,F:\brain tumor detection\data\raw\primary\glioma\glioma_Tr-gl_559.jpg
glioma,F:\brain tumor detection\data\raw\primary\glioma\glioma_Tr-gl_56.jpg
glioma,F:\brain tumor detection\data\raw\primary\glioma\glioma_Tr-gl_560.jpg
glioma,F:\brain tumor detection\data\raw\primary\glioma\glioma_Tr-gl_561.jpg
glioma,F:\brain tumor detection\data\raw\primary\glioma\glioma_Tr-gl_562.jpg
glioma,F:\brain tumor detection\data\raw\primary\glioma\glioma_Tr-gl_563.jpg
glioma,F:\brain tumor detection\data\raw\primary\glioma\glioma_Tr-gl_564.jpg
glioma,F:\brain tumor detection\data\raw\primary\glioma\glioma_Tr-gl_565.jpg
glioma,F:\brain tumor detection\data\raw\primary\glioma\glioma_Tr-gl_566.jpg
glioma,F:\brain tumor detection\data\raw\primary\glioma\glioma_Tr-gl_567.jpg
glioma,F:\brain tumor detection\data\raw\primary\glioma\glioma_Tr-gl_568.jpg
glioma,F:\brain tumor detection\data\raw\primary\glioma\glioma_Tr-gl_569.jpg
glioma,F:\brain tumor detection\data\raw\primary\glioma\glioma_Tr-gl_57.jpg
glioma,F:\brain tumor detection\data\raw\primary\glioma\glioma_Tr-gl_570.jpg
glioma,F:\brain tumor detection\data\raw\primary\glioma\glioma_Tr-gl_571.jpg
glioma,F:\brain tumor detection\data\raw\primary\glioma\glioma_Tr-gl_572.jpg
glioma,F:\brain tumor detection\data\raw\primary\glioma\glioma_Tr-gl_573.jpg
glioma,F:\brain tumor detection\data\raw\primary\glioma\glioma_Tr-gl_574.jpg
glioma,F:\brain tumor detection\data\raw\primary\glioma\glioma_Tr-gl_575.jpg
glioma,F:\brain tumor detection\data\raw\primary\glioma\glioma_Tr-gl_576.jpg
glioma,F:\brain tumor detection\data\raw\primary\glioma\glioma_Tr-gl_577.jpg
glioma,F:\brain tumor detection\data\raw\primary\glioma\glioma_Tr-gl_578.jpg
glioma,F:\brain tumor detection\data\raw\primary\glioma\glioma_Tr-gl_579.jpg
glioma,F:\brain tumor detection\data\raw\primary\glioma\glioma_Tr-gl_58.jpg
glioma,F:\brain tumor detection\data\raw\primary\glioma\glioma_Tr-gl_580.jpg
glioma,F:\brain tumor detection\data\raw\primary\glioma\glioma_Tr-gl_581.jpg
glioma,F:\brain tumor detection\data\raw\primary\glioma\glioma_Tr-gl_582.jpg
glioma,F:\brain tumor detection\data\raw\primary\glioma\glioma_Tr-gl_583.jpg
glioma,F:\brain tumor detection\data\raw\primary\glioma\glioma_Tr-gl_584.jpg
glioma,F:\brain tumor detection\data\raw\primary\glioma\glioma_Tr-gl_585.jpg
glioma,F:\brain tumor detection\data\raw\primary\glioma\glioma_Tr-gl_586.jpg
glioma,F:\brain tumor detection\data\raw\primary\glioma\glioma_Tr-gl_587.jpg
glioma,F:\brain tumor detection\data\raw\primary\glioma\glioma_Tr-gl_588.jpg
glioma,F:\brain tumor detection\data\raw\primary\glioma\glioma_Tr-gl_589.jpg
glioma,F:\brain tumor detection\data\raw\primary\glioma\glioma_Tr-gl_59.jpg
glioma,F:\brain tumor detection\data\raw\primary\glioma\glioma_Tr-gl_590.jpg
glioma,F:\brain tumor detection\data\raw\primary\glioma\glioma_Tr-gl_591.jpg
glioma,F:\brain tumor detection\data\raw\primary\glioma\glioma_Tr-gl_592.jpg
glioma,F:\brain tumor detection\data\raw\primary\glioma\glioma_Tr-gl_593.jpg
glioma,F:\brain tumor detection\data\raw\primary\glioma\glioma_Tr-gl_594.jpg
glioma,F:\brain tumor detection\data\raw\primary\glioma\glioma_Tr-gl_595.jpg
glioma,F:\brain tumor detection\data\raw\primary\glioma\glioma_Tr-gl_596.jpg
glioma,F:\brain tumor detection\data\raw\primary\glioma\glioma_Tr-gl_597.jpg
glioma,F:\brain tumor detection\data\raw\primary\glioma\glioma_Tr-gl_598.jpg
glioma,F:\brain tumor detection\data\raw\primary\glioma\glioma_Tr-gl_599.jpg
glioma,F:\brain tumor detection\data\raw\primary\glioma\glioma_Tr-gl_6.jpg
glioma,F:\brain tumor detection\data\raw\primary\glioma\glioma_Tr-gl_60.jpg
glioma,F:\brain tumor detection\data\raw\primary\glioma\glioma_Tr-gl_600.jpg
glioma,F:\brain tumor detection\data\raw\primary\glioma\glioma_Tr-gl_601.jpg
glioma,F:\brain tumor detection\data\raw\primary\glioma\glioma_Tr-gl_602.jpg
glioma,F:\brain tumor detection\data\raw\primary\glioma\glioma_Tr-gl_603.jpg
glioma,F:\brain tumor detection\data\raw\primary\glioma\glioma_Tr-gl_604.jpg
glioma,F:\brain tumor detection\data\raw\primary\glioma\glioma_Tr-gl_605.jpg
glioma,F:\brain tumor detection\data\raw\primary\glioma\glioma_Tr-gl_606.jpg
glioma,F:\brain tumor detection\data\raw\primary\glioma\glioma_Tr-gl_607.jpg
glioma,F:\brain tumor detection\data\raw\primary\glioma\glioma_Tr-gl_608.jpg
glioma,F:\brain tumor detection\data\raw\primary\glioma\glioma_Tr-gl_609.jpg
glioma,F:\brain tumor detection\data\raw\primary\glioma\glioma_Tr-gl_61.jpg
glioma,F:\brain tumor detection\data\raw\primary\glioma\glioma_Tr-gl_610.jpg
glioma,F:\brain tumor detection\data\raw\primary\glioma\glioma_Tr-gl_611.jpg
glioma,F:\brain tumor detection\data\raw\primary\glioma\glioma_Tr-gl_612.jpg
glioma,F:\brain tumor detection\data\raw\primary\glioma\glioma_Tr-gl_613.jpg
glioma,F:\brain tumor detection\data\raw\primary\glioma\glioma_Tr-gl_614.jpg
glioma,F:\brain tumor detection\data\raw\primary\glioma\glioma_Tr-gl_615.jpg
glioma,F:\brain tumor detection\data\raw\primary\glioma\glioma_Tr-gl_616.jpg
glioma,F:\brain tumor detection\data\raw\primary\glioma\glioma_Tr-gl_617.jpg
glioma,F:\brain tumor detection\data\raw\primary\glioma\glioma_Tr-gl_618.jpg
glioma,F:\brain tumor detection\data\raw\primary\glioma\glioma_Tr-gl_619.jpg
glioma,F:\brain tumor detection\data\raw\primary\glioma\glioma_Tr-gl_62.jpg
glioma,F:\brain tumor detection\data\raw\primary\glioma\glioma_Tr-gl_620.jpg
glioma,F:\brain tumor detection\data\raw\primary\glioma\glioma_Tr-gl_621.jpg
glioma,F:\brain tumor detection\data\raw\primary\glioma\glioma_Tr-gl_622.jpg
glioma,F:\brain tumor detection\data\raw\primary\glioma\glioma_Tr-gl_623.jpg
glioma,F:\brain tumor detection\data\raw\primary\glioma\glioma_Tr-gl_624.jpg
glioma,F:\brain tumor detection\data\raw\primary\glioma\glioma_Tr-gl_625.jpg
glioma,F:\brain tumor detection\data\raw\primary\glioma\glioma_Tr-gl_626.jpg
glioma,F:\brain tumor detection\data\raw\primary\glioma\glioma_Tr-gl_627.jpg
glioma,F:\brain tumor detection\data\raw\primary\glioma\glioma_Tr-gl_628.jpg
glioma,F:\brain tumor detection\data\raw\primary\glioma\glioma_Tr-gl_629.jpg
glioma,F:\brain tumor detection\data\raw\primary\glioma\glioma_Tr-gl_63.jpg
glioma,F:\brain tumor detection\data\raw\primary\glioma\glioma_Tr-gl_630.jpg
glioma,F:\brain tumor detection\data\raw\primary\glioma\glioma_Tr-gl_631.jpg
glioma,F:\brain tumor detection\data\raw\primary\glioma\glioma_Tr-gl_632.jpg
glioma,F:\brain tumor detection\data\raw\primary\glioma\glioma_Tr-gl_633.jpg
glioma,F:\brain tumor detection\data\raw\primary\glioma\glioma_Tr-gl_634.jpg
glioma,F:\brain tumor detection\data\raw\primary\glioma\glioma_Tr-gl_635.jpg
glioma,F:\brain tumor detection\data\raw\primary\glioma\glioma_Tr-gl_636.jpg
glioma,F:\brain tumor detection\data\raw\primary\glioma\glioma_Tr-gl_637.jpg
glioma,F:\brain tumor detection\data\raw\primary\glioma\glioma_Tr-gl_638.jpg
glioma,F:\brain tumor detection\data\raw\primary\glioma\glioma_Tr-gl_639.jpg
glioma,F:\brain tumor detection\data\raw\primary\glioma\glioma_Tr-gl_64.jpg
glioma,F:\brain tumor detection\data\raw\primary\glioma\glioma_Tr-gl_640.jpg
glioma,F:\brain tumor detection\data\raw\primary\glioma\glioma_Tr-gl_641.jpg
glioma,F:\brain tumor detection\data\raw\primary\glioma\glioma_Tr-gl_642.jpg
glioma,F:\brain tumor detection\data\raw\primary\glioma\glioma_Tr-gl_643.jpg
glioma,F:\brain tumor detection\data\raw\primary\glioma\glioma_Tr-gl_644.jpg
glioma,F:\brain tumor detection\data\raw\primary\glioma\glioma_Tr-gl_645.jpg
glioma,F:\brain tumor detection\data\raw\primary\glioma\glioma_Tr-gl_646.jpg
glioma,F:\brain tumor detection\data\raw\primary\glioma\glioma_Tr-gl_647.jpg
glioma,F:\brain tumor detection\data\raw\primary\glioma\glioma_Tr-gl_648.jpg
glioma,F:\brain tumor detection\data\raw\primary\glioma\glioma_Tr-gl_649.jpg
glioma,F:\brain tumor detection\data\raw\primary\glioma\glioma_Tr-gl_65.jpg
glioma,F:\brain tumor detection\data\raw\primary\glioma\glioma_Tr-gl_650.jpg
glioma,F:\brain tumor detection\data\raw\primary\glioma\glioma_Tr-gl_651.jpg
glioma,F:\brain tumor detection\data\raw\primary\glioma\glioma_Tr-gl_652.jpg
glioma,F:\brain tumor detection\data\raw\primary\glioma\glioma_Tr-gl_653.jpg
glioma,F:\brain tumor detection\data\raw\primary\glioma\glioma_Tr-gl_654.jpg
glioma,F:\brain tumor detection\data\raw\primary\glioma\glioma_Tr-gl_655.jpg
glioma,F:\brain tumor detection\data\raw\primary\glioma\glioma_Tr-gl_656.jpg
glioma,F:\brain tumor detection\data\raw\primary\glioma\glioma_Tr-gl_657.jpg
glioma,F:\brain tumor detection\data\raw\primary\glioma\glioma_Tr-gl_658.jpg
glioma,F:\brain tumor detection\data\raw\primary\glioma\glioma_Tr-gl_659.jpg
glioma,F:\brain tumor detection\data\raw\primary\glioma\glioma_Tr-gl_66.jpg
glioma,F:\brain tumor detection\data\raw\primary\glioma\glioma_Tr-gl_660.jpg
glioma,F:\brain tumor detection\data\raw\primary\glioma\glioma_Tr-gl_661.jpg
glioma,F:\brain tumor detection\data\raw\primary\glioma\glioma_Tr-gl_662.jpg
glioma,F:\brain tumor detection\data\raw\primary\glioma\glioma_Tr-gl_663.jpg
glioma,F:\brain tumor detection\data\raw\primary\glioma\glioma_Tr-gl_664.jpg
glioma,F:\brain tumor detection\data\raw\primary\glioma\glioma_Tr-gl_665.jpg
glioma,F:\brain tumor detection\data\raw\primary\glioma\glioma_Tr-gl_666.jpg
glioma,F:\brain tumor detection\data\raw\primary\glioma\glioma_Tr-gl_667.jpg
glioma,F:\brain tumor detection\data\raw\primary\glioma\glioma_Tr-gl_668.jpg
glioma,F:\brain tumor detection\data\raw\primary\glioma\glioma_Tr-gl_669.jpg
glioma,F:\brain tumor detection\data\raw\primary\glioma\glioma_Tr-gl_67.jpg
glioma,F:\brain tumor detection\data\raw\primary\glioma\glioma_Tr-gl_670.jpg
glioma,F:\brain tumor detection\data\raw\primary\glioma\glioma_Tr-gl_671.jpg
glioma,F:\brain tumor detection\data\raw\primary\glioma\glioma_Tr-gl_672.jpg
glioma,F:\brain tumor detection\data\raw\primary\glioma\glioma_Tr-gl_673.jpg
glioma,F:\brain tumor detection\data\raw\primary\glioma\glioma_Tr-gl_674.jpg
glioma,F:\brain tumor detection\data\raw\primary\glioma\glioma_Tr-gl_675.jpg
glioma,F:\brain tumor detection\data\raw\primary\glioma\glioma_Tr-gl_676.jpg
glioma,F:\brain tumor detection\data\raw\primary\glioma\glioma_Tr-gl_677.jpg
glioma,F:\brain tumor detection\data\raw\primary\glioma\glioma_Tr-gl_678.jpg
glioma,F:\brain tumor detection\data\raw\primary\glioma\glioma_Tr-gl_679.jpg
glioma,F:\brain tumor detection\data\raw\primary\glioma\glioma_Tr-gl_68.jpg
glioma,F:\brain tumor detection\data\raw\primary\glioma\glioma_Tr-gl_680.jpg
glioma,F:\brain tumor detection\data\raw\primary\glioma\glioma_Tr-gl_681.jpg
glioma,F:\brain tumor detection\data\raw\primary\glioma\glioma_Tr-gl_682.jpg
glioma,F:\brain tumor detection\data\raw\primary\glioma\glioma_Tr-gl_683.jpg
glioma,F:\brain tumor detection\data\raw\primary\glioma\glioma_Tr-gl_684.jpg
glioma,F:\brain tumor detection\data\raw\primary\glioma\glioma_Tr-gl_685.jpg
glioma,F:\brain tumor detection\data\raw\primary\glioma\glioma_Tr-gl_686.jpg
glioma,F:\brain tumor detection\data\raw\primary\glioma\glioma_Tr-gl_687.jpg
glioma,F:\brain tumor detection\data\raw\primary\glioma\glioma_Tr-gl_688.jpg
glioma,F:\brain tumor detection\data\raw\primary\glioma\glioma_Tr-gl_689.jpg
glioma,F:\brain tumor detection\data\raw\primary\glioma\glioma_Tr-gl_69.jpg
glioma,F:\brain tumor detection\data\raw\primary\glioma\glioma_Tr-gl_690.jpg
glioma,F:\brain tumor detection\data\raw\primary\glioma\glioma_Tr-gl_691.jpg
glioma,F:\brain tumor detection\data\raw\primary\glioma\glioma_Tr-gl_692.jpg
glioma,F:\brain tumor detection\data\raw\primary\glioma\glioma_Tr-gl_693.jpg
glioma,F:\brain tumor detection\data\raw\primary\glioma\glioma_Tr-gl_694.jpg
glioma,F:\brain tumor detection\data\raw\primary\glioma\glioma_Tr-gl_695.jpg
glioma,F:\brain tumor detection\data\raw\primary\glioma\glioma_Tr-gl_696.jpg
glioma,F:\brain tumor detection\data\raw\primary\glioma\glioma_Tr-gl_697.jpg
glioma,F:\brain tumor detection\data\raw\primary\glioma\glioma_Tr-gl_698.jpg
glioma,F:\brain tumor detection\data\raw\primary\glioma\glioma_Tr-gl_699.jpg
glioma,F:\brain tumor detection\data\raw\primary\glioma\glioma_Tr-gl_7.jpg
glioma,F:\brain tumor detection\data\raw\primary\glioma\glioma_Tr-gl_70.jpg
glioma,F:\brain tumor detection\data\raw\primary\glioma\glioma_Tr-gl_700.jpg
glioma,F:\brain tumor detection\data\raw\primary\glioma\glioma_Tr-gl_701.jpg
glioma,F:\brain tumor detection\data\raw\primary\glioma\glioma_Tr-gl_702.jpg
glioma,F:\brain tumor detection\data\raw\primary\glioma\glioma_Tr-gl_703.jpg
glioma,F:\brain tumor detection\data\raw\primary\glioma\glioma_Tr-gl_704.jpg
glioma,F:\brain tumor detection\data\raw\primary\glioma\glioma_Tr-gl_705.jpg
glioma,F:\brain tumor detection\data\raw\primary\glioma\glioma_Tr-gl_706.jpg
glioma,F:\brain tumor detection\data\raw\primary\glioma\glioma_Tr-gl_707.jpg
glioma,F:\brain tumor detection\data\raw\primary\glioma\glioma_Tr-gl_708.jpg
glioma,F:\brain tumor detection\data\raw\primary\glioma\glioma_Tr-gl_709.jpg
glioma,F:\brain tumor detection\data\raw\primary\glioma\glioma_Tr-gl_71.jpg
glioma,F:\brain tumor detection\data\raw\primary\glioma\glioma_Tr-gl_710.jpg
glioma,F:\brain tumor detection\data\raw\primary\glioma\glioma_Tr-gl_711.jpg
glioma,F:\brain tumor detection\data\raw\primary\glioma\glioma_Tr-gl_712.jpg
glioma,F:\brain tumor detection\data\raw\primary\glioma\glioma_Tr-gl_713.jpg
glioma,F:\brain tumor detection\data\raw\primary\glioma\glioma_Tr-gl_714.jpg
glioma,F:\brain tumor detection\data\raw\primary\glioma\glioma_Tr-gl_715.jpg
glioma,F:\brain tumor detection\data\raw\primary\glioma\glioma_Tr-gl_716.jpg
glioma,F:\brain tumor detection\data\raw\primary\glioma\glioma_Tr-gl_717.jpg
glioma,F:\brain tumor detection\data\raw\primary\glioma\glioma_Tr-gl_718.jpg
glioma,F:\brain tumor detection\data\raw\primary\glioma\glioma_Tr-gl_719.jpg
glioma,F:\brain tumor detection\data\raw\primary\glioma\glioma_Tr-gl_72.jpg
glioma,F:\brain tumor detection\data\raw\primary\glioma\glioma_Tr-gl_720.jpg
glioma,F:\brain tumor detection\data\raw\primary\glioma\glioma_Tr-gl_721.jpg
glioma,F:\brain tumor detection\data\raw\primary\glioma\glioma_Tr-gl_722.jpg
glioma,F:\brain tumor detection\data\raw\primary\glioma\glioma_Tr-gl_723.jpg
glioma,F:\brain tumor detection\data\raw\primary\glioma\glioma_Tr-gl_724.jpg
glioma,F:\brain tumor detection\data\raw\primary\glioma\glioma_Tr-gl_725.jpg
glioma,F:\brain tumor detection\data\raw\primary\glioma\glioma_Tr-gl_726.jpg
glioma,F:\brain tumor detection\data\raw\primary\glioma\glioma_Tr-gl_727.jpg
glioma,F:\brain tumor detection\data\raw\primary\glioma\glioma_Tr-gl_728.jpg
glioma,F:\brain tumor detection\data\raw\primary\glioma\glioma_Tr-gl_729.jpg
glioma,F:\brain tumor detection\data\raw\primary\glioma\glioma_Tr-gl_73.jpg
glioma,F:\brain tumor detection\data\raw\primary\glioma\glioma_Tr-gl_730.jpg
glioma,F:\brain tumor detection\data\raw\primary\glioma\glioma_Tr-gl_731.jpg
glioma,F:\brain tumor detection\data\raw\primary\glioma\glioma_Tr-gl_732.jpg
glioma,F:\brain tumor detection\data\raw\primary\glioma\glioma_Tr-gl_733.jpg
glioma,F:\brain tumor detection\data\raw\primary\glioma\glioma_Tr-gl_734.jpg
glioma,F:\brain tumor detection\data\raw\primary\glioma\glioma_Tr-gl_735.jpg
glioma,F:\brain tumor detection\data\raw\primary\glioma\glioma_Tr-gl_736.jpg
glioma,F:\brain tumor detection\data\raw\primary\glioma\glioma_Tr-gl_737.jpg
glioma,F:\brain tumor detection\data\raw\primary\glioma\glioma_Tr-gl_738.jpg
glioma,F:\brain tumor detection\data\raw\primary\glioma\glioma_Tr-gl_739.jpg
glioma,F:\brain tumor detection\data\raw\primary\glioma\glioma_Tr-gl_74.jpg
glioma,F:\brain tumor detection\data\raw\primary\glioma\glioma_Tr-gl_740.jpg
glioma,F:\brain tumor detection\data\raw\primary\glioma\glioma_Tr-gl_741.jpg
glioma,F:\brain tumor detection\data\raw\primary\glioma\glioma_Tr-gl_742.jpg
glioma,F:\brain tumor detection\data\raw\primary\glioma\glioma_Tr-gl_743.jpg
glioma,F:\brain tumor detection\data\raw\primary\glioma\glioma_Tr-gl_744.jpg
glioma,F:\brain tumor detection\data\raw\primary\glioma\glioma_Tr-gl_745.jpg
glioma,F:\brain tumor detection\data\raw\primary\glioma\glioma_Tr-gl_746.jpg
glioma,F:\brain tumor detection\data\raw\primary\glioma\glioma_Tr-gl_747.jpg
glioma,F:\brain tumor detection\data\raw\primary\glioma\glioma_Tr-gl_748.jpg
glioma,F:\brain tumor detection\data\raw\primary\glioma\glioma_Tr-gl_749.jpg
glioma,F:\brain tumor detection\data\raw\primary\glioma\glioma_Tr-gl_75.jpg
glioma,F:\brain tumor detection\data\raw\primary\glioma\glioma_Tr-gl_750.jpg
glioma,F:\brain tumor detection\data\raw\primary\glioma\glioma_Tr-gl_751.jpg
glioma,F:\brain tumor detection\data\raw\primary\glioma\glioma_Tr-gl_752.jpg
glioma,F:\brain tumor detection\data\raw\primary\glioma\glioma_Tr-gl_753.jpg
glioma,F:\brain tumor detection\data\raw\primary\glioma\glioma_Tr-gl_754.jpg
glioma,F:\brain tumor detection\data\raw\primary\glioma\glioma_Tr-gl_755.jpg
glioma,F:\brain tumor detection\data\raw\primary\glioma\glioma_Tr-gl_756.jpg
glioma,F:\brain tumor detection\data\raw\primary\glioma\glioma_Tr-gl_757.jpg
glioma,F:\brain tumor detection\data\raw\primary\glioma\glioma_Tr-gl_758.jpg
glioma,F:\brain tumor detection\data\raw\primary\glioma\glioma_Tr-gl_759.jpg
glioma,F:\brain tumor detection\data\raw\primary\glioma\glioma_Tr-gl_76.jpg
glioma,F:\brain tumor detection\data\raw\primary\glioma\glioma_Tr-gl_760.jpg
glioma,F:\brain tumor detection\data\raw\primary\glioma\glioma_Tr-gl_761.jpg
glioma,F:\brain tumor detection\data\raw\primary\glioma\glioma_Tr-gl_762.jpg
glioma,F:\brain tumor detection\data\raw\primary\glioma\glioma_Tr-gl_763.jpg
glioma,F:\brain tumor detection\data\raw\primary\glioma\glioma_Tr-gl_764.jpg
glioma,F:\brain tumor detection\data\raw\primary\glioma\glioma_Tr-gl_765.jpg
glioma,F:\brain tumor detection\data\raw\primary\glioma\glioma_Tr-gl_766.jpg
glioma,F:\brain tumor detection\data\raw\primary\glioma\glioma_Tr-gl_767.jpg
glioma,F:\brain tumor detection\data\raw\primary\glioma\glioma_Tr-gl_768.jpg
glioma,F:\brain tumor detection\data\raw\primary\glioma\glioma_Tr-gl_769.jpg
glioma,F:\brain tumor detection\data\raw\primary\glioma\glioma_Tr-gl_77.jpg
glioma,F:\brain tumor detection\data\raw\primary\glioma\glioma_Tr-gl_770.jpg
glioma,F:\brain tumor detection\data\raw\primary\glioma\glioma_Tr-gl_771.jpg
glioma,F:\brain tumor detection\data\raw\primary\glioma\glioma_Tr-gl_772.jpg
glioma,F:\brain tumor detection\data\raw\primary\glioma\glioma_Tr-gl_773.jpg
glioma,F:\brain tumor detection\data\raw\primary\glioma\glioma_Tr-gl_774.jpg
glioma,F:\brain tumor detection\data\raw\primary\glioma\glioma_Tr-gl_775.jpg
glioma,F:\brain tumor detection\data\raw\primary\glioma\glioma_Tr-gl_776.jpg
glioma,F:\brain tumor detection\data\raw\primary\glioma\glioma_Tr-gl_777.jpg
glioma,F:\brain tumor detection\data\raw\primary\glioma\glioma_Tr-gl_778.jpg
glioma,F:\brain tumor detection\data\raw\primary\glioma\glioma_Tr-gl_779.jpg
glioma,F:\brain tumor detection\data\raw\primary\glioma\glioma_Tr-gl_78.jpg
glioma,F:\brain tumor detection\data\raw\primary\glioma\glioma_Tr-gl_780.jpg
glioma,F:\brain tumor detection\data\raw\primary\glioma\glioma_Tr-gl_781.jpg
glioma,F:\brain tumor detection\data\raw\primary\glioma\glioma_Tr-gl_782.jpg
glioma,F:\brain tumor detection\data\raw\primary\glioma\glioma_Tr-gl_783.jpg
glioma,F:\brain tumor detection\data\raw\primary\glioma\glioma_Tr-gl_784.jpg
glioma,F:\brain tumor detection\data\raw\primary\glioma\glioma_Tr-gl_785.jpg
glioma,F:\brain tumor detection\data\raw\primary\glioma\glioma_Tr-gl_786.jpg
glioma,F:\brain tumor detection\data\raw\primary\glioma\glioma_Tr-gl_787.jpg
glioma,F:\brain tumor detection\data\raw\primary\glioma\glioma_Tr-gl_788.jpg
glioma,F:\brain tumor detection\data\raw\primary\glioma\glioma_Tr-gl_789.jpg
glioma,F:\brain tumor detection\data\raw\primary\glioma\glioma_Tr-gl_79.jpg
glioma,F:\brain tumor detection\data\raw\primary\glioma\glioma_Tr-gl_790.jpg
glioma,F:\brain tumor detection\data\raw\primary\glioma\glioma_Tr-gl_791.jpg
glioma,F:\brain tumor detection\data\raw\primary\glioma\glioma_Tr-gl_792.jpg
glioma,F:\brain tumor detection\data\raw\primary\glioma\glioma_Tr-gl_793.jpg
glioma,F:\brain tumor detection\data\raw\primary\glioma\glioma_Tr-gl_794.jpg
glioma,F:\brain tumor detection\data\raw\primary\glioma\glioma_Tr-gl_795.jpg
glioma,F:\brain tumor detection\data\raw\primary\glioma\glioma_Tr-gl_796.jpg
glioma,F:\brain tumor detection\data\raw\primary\glioma\glioma_Tr-gl_797.jpg
glioma,F:\brain tumor detection\data\raw\primary\glioma\glioma_Tr-gl_798.jpg
glioma,F:\brain tumor detection\data\raw\primary\glioma\glioma_Tr-gl_799.jpg
glioma,F:\brain tumor detection\data\raw\primary\glioma\glioma_Tr-gl_8.jpg
glioma,F:\brain tumor detection\data\raw\primary\glioma\glioma_Tr-gl_80.jpg
glioma,F:\brain tumor detection\data\raw\primary\glioma\glioma_Tr-gl_800.jpg
glioma,F:\brain tumor detection\data\raw\primary\glioma\glioma_Tr-gl_801.jpg
glioma,F:\brain tumor detection\data\raw\primary\glioma\glioma_Tr-gl_802.jpg
glioma,F:\brain tumor detection\data\raw\primary\glioma\glioma_Tr-gl_803.jpg
glioma,F:\brain tumor detection\data\raw\primary\glioma\glioma_Tr-gl_804.jpg
glioma,F:\brain tumor detection\data\raw\primary\glioma\glioma_Tr-gl_805.jpg
glioma,F:\brain tumor detection\data\raw\primary\glioma\glioma_Tr-gl_806.jpg
glioma,F:\brain tumor detection\data\raw\primary\glioma\glioma_Tr-gl_807.jpg
glioma,F:\brain tumor detection\data\raw\primary\glioma\glioma_Tr-gl_808.jpg
glioma,F:\brain tumor detection\data\raw\primary\glioma\glioma_Tr-gl_809.jpg
glioma,F:\brain tumor detection\data\raw\primary\glioma\glioma_Tr-gl_81.jpg
glioma,F:\brain tumor detection\data\raw\primary\glioma\glioma_Tr-gl_810.jpg
glioma,F:\brain tumor detection\data\raw\primary\glioma\glioma_Tr-gl_811.jpg
glioma,F:\brain tumor detection\data\raw\primary\glioma\glioma_Tr-gl_812.jpg
glioma,F:\brain tumor detection\data\raw\primary\glioma\glioma_Tr-gl_813.jpg
glioma,F:\brain tumor detection\data\raw\primary\glioma\glioma_Tr-gl_814.jpg
glioma,F:\brain tumor detection\data\raw\primary\glioma\glioma_Tr-gl_815.jpg
glioma,F:\brain tumor detection\data\raw\primary\glioma\glioma_Tr-gl_816.jpg
glioma,F:\brain tumor detection\data\raw\primary\glioma\glioma_Tr-gl_817.jpg
glioma,F:\brain tumor detection\data\raw\primary\glioma\glioma_Tr-gl_818.jpg
glioma,F:\brain tumor detection\data\raw\primary\glioma\glioma_Tr-gl_819.jpg
glioma,F:\brain tumor detection\data\raw\primary\glioma\glioma_Tr-gl_82.jpg
glioma,F:\brain tumor detection\data\raw\primary\glioma\glioma_Tr-gl_820.jpg
glioma,F:\brain tumor detection\data\raw\primary\glioma\glioma_Tr-gl_821.jpg
glioma,F:\brain tumor detection\data\raw\primary\glioma\glioma_Tr-gl_822.jpg
glioma,F:\brain tumor detection\data\raw\primary\glioma\glioma_Tr-gl_823.jpg
glioma,F:\brain tumor detection\data\raw\primary\glioma\glioma_Tr-gl_824.jpg
glioma,F:\brain tumor detection\data\raw\primary\glioma\glioma_Tr-gl_825.jpg
glioma,F:\brain tumor detection\data\raw\primary\glioma\glioma_Tr-gl_826.jpg
glioma,F:\brain tumor detection\data\raw\primary\glioma\glioma_Tr-gl_827.jpg
glioma,F:\brain tumor detection\data\raw\primary\glioma\glioma_Tr-gl_828.jpg
glioma,F:\brain tumor detection\data\raw\primary\glioma\glioma_Tr-gl_829.jpg
glioma,F:\brain tumor detection\data\raw\primary\glioma\glioma_Tr-gl_83.jpg
glioma,F:\brain tumor detection\data\raw\primary\glioma\glioma_Tr-gl_830.jpg
glioma,F:\brain tumor detection\data\raw\primary\glioma\glioma_Tr-gl_831.jpg
glioma,F:\brain tumor detection\data\raw\primary\glioma\glioma_Tr-gl_832.jpg
glioma,F:\brain tumor detection\data\raw\primary\glioma\glioma_Tr-gl_833.jpg
glioma,F:\brain tumor detection\data\raw\primary\glioma\glioma_Tr-gl_834.jpg
glioma,F:\brain tumor detection\data\raw\primary\glioma\glioma_Tr-gl_835.jpg
glioma,F:\brain tumor detection\data\raw\primary\glioma\glioma_Tr-gl_836.jpg
glioma,F:\brain tumor detection\data\raw\primary\glioma\glioma_Tr-gl_837.jpg
glioma,F:\brain tumor detection\data\raw\primary\glioma\glioma_Tr-gl_838.jpg
glioma,F:\brain tumor detection\data\raw\primary\glioma\glioma_Tr-gl_839.jpg
glioma,F:\brain tumor detection\data\raw\primary\glioma\glioma_Tr-gl_84.jpg
glioma,F:\brain tumor detection\data\raw\primary\glioma\glioma_Tr-gl_840.jpg
glioma,F:\brain tumor detection\data\raw\primary\glioma\glioma_Tr-gl_841.jpg
glioma,F:\brain tumor detection\data\raw\primary\glioma\glioma_Tr-gl_842.jpg
glioma,F:\brain tumor detection\data\raw\primary\glioma\glioma_Tr-gl_843.jpg
glioma,F:\brain tumor detection\data\raw\primary\glioma\glioma_Tr-gl_844.jpg
glioma,F:\brain tumor detection\data\raw\primary\glioma\glioma_Tr-gl_845.jpg
glioma,F:\brain tumor detection\data\raw\primary\glioma\glioma_Tr-gl_846.jpg
glioma,F:\brain tumor detection\data\raw\primary\glioma\glioma_Tr-gl_847.jpg
glioma,F:\brain tumor detection\data\raw\primary\glioma\glioma_Tr-gl_848.jpg
glioma,F:\brain tumor detection\data\raw\primary\glioma\glioma_Tr-gl_849.jpg
glioma,F:\brain tumor detection\data\raw\primary\glioma\glioma_Tr-gl_85.jpg
glioma,F:\brain tumor detection\data\raw\primary\glioma\glioma_Tr-gl_850.jpg
glioma,F:\brain tumor detection\data\raw\primary\glioma\glioma_Tr-gl_851.jpg
glioma,F:\brain tumor detection\data\raw\primary\glioma\glioma_Tr-gl_852.jpg
glioma,F:\brain tumor detection\data\raw\primary\glioma\glioma_Tr-gl_853.jpg
glioma,F:\brain tumor detection\data\raw\primary\glioma\glioma_Tr-gl_854.jpg
glioma,F:\brain tumor detection\data\raw\primary\glioma\glioma_Tr-gl_855.jpg
glioma,F:\brain tumor detection\data\raw\primary\glioma\glioma_Tr-gl_856.jpg
glioma,F:\brain tumor detection\data\raw\primary\glioma\glioma_Tr-gl_857.jpg
glioma,F:\brain tumor detection\data\raw\primary\glioma\glioma_Tr-gl_858.jpg
glioma,F:\brain tumor detection\data\raw\primary\glioma\glioma_Tr-gl_859.jpg
glioma,F:\brain tumor detection\data\raw\primary\glioma\glioma_Tr-gl_86.jpg
glioma,F:\brain tumor detection\data\raw\primary\glioma\glioma_Tr-gl_860.jpg
glioma,F:\brain tumor detection\data\raw\primary\glioma\glioma_Tr-gl_861.jpg
glioma,F:\brain tumor detection\data\raw\primary\glioma\glioma_Tr-gl_862.jpg
glioma,F:\brain tumor detection\data\raw\primary\glioma\glioma_Tr-gl_863.jpg
glioma,F:\brain tumor detection\data\raw\primary\glioma\glioma_Tr-gl_864.jpg
glioma,F:\brain tumor detection\data\raw\primary\glioma\glioma_Tr-gl_865.jpg
glioma,F:\brain tumor detection\data\raw\primary\glioma\glioma_Tr-gl_866.jpg
glioma,F:\brain tumor detection\data\raw\primary\glioma\glioma_Tr-gl_867.jpg
glioma,F:\brain tumor detection\data\raw\primary\glioma\glioma_Tr-gl_868.jpg
glioma,F:\brain tumor detection\data\raw\primary\glioma\glioma_Tr-gl_869.jpg
glioma,F:\brain tumor detection\data\raw\primary\glioma\glioma_Tr-gl_87.jpg
glioma,F:\brain tumor detection\data\raw\primary\glioma\glioma_Tr-gl_870.jpg
glioma,F:\brain tumor detection\data\raw\primary\glioma\glioma_Tr-gl_871.jpg
glioma,F:\brain tumor detection\data\raw\primary\glioma\glioma_Tr-gl_872.jpg
glioma,F:\brain tumor detection\data\raw\primary\glioma\glioma_Tr-gl_873.jpg
glioma,F:\brain tumor detection\data\raw\primary\glioma\glioma_Tr-gl_874.jpg
glioma,F:\brain tumor detection\data\raw\primary\glioma\glioma_Tr-gl_875.jpg
glioma,F:\brain tumor detection\data\raw\primary\glioma\glioma_Tr-gl_876.jpg
glioma,F:\brain tumor detection\data\raw\primary\glioma\glioma_Tr-gl_877.jpg
glioma,F:\brain tumor detection\data\raw\primary\glioma\glioma_Tr-gl_878.jpg
glioma,F:\brain tumor detection\data\raw\primary\glioma\glioma_Tr-gl_879.jpg
glioma,F:\brain tumor detection\data\raw\primary\glioma\glioma_Tr-gl_88.jpg
glioma,F:\brain tumor detection\data\raw\primary\glioma\glioma_Tr-gl_880.jpg
glioma,F:\brain tumor detection\data\raw\primary\glioma\glioma_Tr-gl_881.jpg
glioma,F:\brain tumor detection\data\raw\primary\glioma\glioma_Tr-gl_882.jpg
glioma,F:\brain tumor detection\data\raw\primary\glioma\glioma_Tr-gl_883.jpg
glioma,F:\brain tumor detection\data\raw\primary\glioma\glioma_Tr-gl_884.jpg
glioma,F:\brain tumor detection\data\raw\primary\glioma\glioma_Tr-gl_885.jpg
glioma,F:\brain tumor detection\data\raw\primary\glioma\glioma_Tr-gl_886.jpg
glioma,F:\brain tumor detection\data\raw\primary\glioma\glioma_Tr-gl_887.jpg
glioma,F:\brain tumor detection\data\raw\primary\glioma\glioma_Tr-gl_888.jpg
glioma,F:\brain tumor detection\data\raw\primary\glioma\glioma_Tr-gl_889.jpg
glioma,F:\brain tumor detection\data\raw\primary\glioma\glioma_Tr-gl_89.jpg
glioma,F:\brain tumor detection\data\raw\primary\glioma\glioma_Tr-gl_890.jpg
glioma,F:\brain tumor detection\data\raw\primary\glioma\glioma_Tr-gl_891.jpg
glioma,F:\brain tumor detection\data\raw\primary\glioma\glioma_Tr-gl_892.jpg
glioma,F:\brain tumor detection\data\raw\primary\glioma\glioma_Tr-gl_893.jpg
glioma,F:\brain tumor detection\data\raw\primary\glioma\glioma_Tr-gl_894.jpg
glioma,F:\brain tumor detection\data\raw\primary\glioma\glioma_Tr-gl_895.jpg
glioma,F:\brain tumor detection\data\raw\primary\glioma\glioma_Tr-gl_896.jpg
glioma,F:\brain tumor detection\data\raw\primary\glioma\glioma_Tr-gl_897.jpg
glioma,F:\brain tumor detection\data\raw\primary\glioma\glioma_Tr-gl_898.jpg
glioma,F:\brain tumor detection\data\raw\primary\glioma\glioma_Tr-gl_899.jpg
glioma,F:\brain tumor detection\data\raw\primary\glioma\glioma_Tr-gl_9.jpg
glioma,F:\brain tumor detection\data\raw\primary\glioma\glioma_Tr-gl_90.jpg
glioma,F:\brain tumor detection\data\raw\primary\glioma\glioma_Tr-gl_900.jpg
glioma,F:\brain tumor detection\data\raw\primary\glioma\glioma_Tr-gl_901.jpg
glioma,F:\brain tumor detection\data\raw\primary\glioma\glioma_Tr-gl_902.jpg
glioma,F:\brain tumor detection\data\raw\primary\glioma\glioma_Tr-gl_903.jpg
glioma,F:\brain tumor detection\data\raw\primary\glioma\glioma_Tr-gl_904.jpg
glioma,F:\brain tumor detection\data\raw\primary\glioma\glioma_Tr-gl_905.jpg
glioma,F:\brain tumor detection\data\raw\primary\glioma\glioma_Tr-gl_906.jpg
glioma,F:\brain tumor detection\data\raw\primary\glioma\glioma_Tr-gl_907.jpg
glioma,F:\brain tumor detection\data\raw\primary\glioma\glioma_Tr-gl_908.jpg
glioma,F:\brain tumor detection\data\raw\primary\glioma\glioma_Tr-gl_909.jpg
glioma,F:\brain tumor detection\data\raw\primary\glioma\glioma_Tr-gl_91.jpg
glioma,F:\brain tumor detection\data\raw\primary\glioma\glioma_Tr-gl_910.jpg
glioma,F:\brain tumor detection\data\raw\primary\glioma\glioma_Tr-gl_911.jpg
glioma,F:\brain tumor detection\data\raw\primary\glioma\glioma_Tr-gl_912.jpg
glioma,F:\brain tumor detection\data\raw\primary\glioma\glioma_Tr-gl_913.jpg
glioma,F:\brain tumor detection\data\raw\primary\glioma\glioma_Tr-gl_914.jpg
glioma,F:\brain tumor detection\data\raw\primary\glioma\glioma_Tr-gl_915.jpg
glioma,F:\brain tumor detection\data\raw\primary\glioma\glioma_Tr-gl_916.jpg
glioma,F:\brain tumor detection\data\raw\primary\glioma\glioma_Tr-gl_917.jpg
glioma,F:\brain tumor detection\data\raw\primary\glioma\glioma_Tr-gl_918.jpg
glioma,F:\brain tumor detection\data\raw\primary\glioma\glioma_Tr-gl_919.jpg
glioma,F:\brain tumor detection\data\raw\primary\glioma\glioma_Tr-gl_92.jpg
glioma,F:\brain tumor detection\data\raw\primary\glioma\glioma_Tr-gl_920.jpg
glioma,F:\brain tumor detection\data\raw\primary\glioma\glioma_Tr-gl_921.jpg
glioma,F:\brain tumor detection\data\raw\primary\glioma\glioma_Tr-gl_922.jpg
glioma,F:\brain tumor detection\data\raw\primary\glioma\glioma_Tr-gl_923.jpg
glioma,F:\brain tumor detection\data\raw\primary\glioma\glioma_Tr-gl_924.jpg
glioma,F:\brain tumor detection\data\raw\primary\glioma\glioma_Tr-gl_925.jpg
glioma,F:\brain tumor detection\data\raw\primary\glioma\glioma_Tr-gl_926.jpg
glioma,F:\brain tumor detection\data\raw\primary\glioma\glioma_Tr-gl_927.jpg
glioma,F:\brain tumor detection\data\raw\primary\glioma\glioma_Tr-gl_928.jpg
glioma,F:\brain tumor detection\data\raw\primary\glioma\glioma_Tr-gl_929.jpg
glioma,F:\brain tumor detection\data\raw\primary\glioma\glioma_Tr-gl_93.jpg
glioma,F:\brain tumor detection\data\raw\primary\glioma\glioma_Tr-gl_930.jpg
glioma,F:\brain tumor detection\data\raw\primary\glioma\glioma_Tr-gl_931.jpg
glioma,F:\brain tumor detection\data\raw\primary\glioma\glioma_Tr-gl_932.jpg
glioma,F:\brain tumor detection\data\raw\primary\glioma\glioma_Tr-gl_933.jpg
glioma,F:\brain tumor detection\data\raw\primary\glioma\glioma_Tr-gl_934.jpg
glioma,F:\brain tumor detection\data\raw\primary\glioma\glioma_Tr-gl_935.jpg
glioma,F:\brain tumor detection\data\raw\primary\glioma\glioma_Tr-gl_936.jpg
glioma,F:\brain tumor detection\data\raw\primary\glioma\glioma_Tr-gl_937.jpg
glioma,F:\brain tumor detection\data\raw\primary\glioma\glioma_Tr-gl_938.jpg
glioma,F:\brain tumor detection\data\raw\primary\glioma\glioma_Tr-gl_939.jpg
glioma,F:\brain tumor detection\data\raw\primary\glioma\glioma_Tr-gl_94.jpg
glioma,F:\brain tumor detection\data\raw\primary\glioma\glioma_Tr-gl_940.jpg
glioma,F:\brain tumor detection\data\raw\primary\glioma\glioma_Tr-gl_941.jpg
glioma,F:\brain tumor detection\data\raw\primary\glioma\glioma_Tr-gl_942.jpg
glioma,F:\brain tumor detection\data\raw\primary\glioma\glioma_Tr-gl_943.jpg
glioma,F:\brain tumor detection\data\raw\primary\glioma\glioma_Tr-gl_944.jpg
glioma,F:\brain tumor detection\data\raw\primary\glioma\glioma_Tr-gl_945.jpg
glioma,F:\brain tumor detection\data\raw\primary\glioma\glioma_Tr-gl_946.jpg
glioma,F:\brain tumor detection\data\raw\primary\glioma\glioma_Tr-gl_947.jpg
glioma,F:\brain tumor detection\data\raw\primary\glioma\glioma_Tr-gl_948.jpg
glioma,F:\brain tumor detection\data\raw\primary\glioma\glioma_Tr-gl_949.jpg
glioma,F:\brain tumor detection\data\raw\primary\glioma\glioma_Tr-gl_95.jpg
glioma,F:\brain tumor detection\data\raw\primary\glioma\glioma_Tr-gl_950.jpg
glioma,F:\brain tumor detection\data\raw\primary\glioma\glioma_Tr-gl_951.jpg
glioma,F:\brain tumor detection\data\raw\primary\glioma\glioma_Tr-gl_952.jpg
glioma,F:\brain tumor detection\data\raw\primary\glioma\glioma_Tr-gl_953.jpg
glioma,F:\brain tumor detection\data\raw\primary\glioma\glioma_Tr-gl_954.jpg
glioma,F:\brain tumor detection\data\raw\primary\glioma\glioma_Tr-gl_955.jpg
glioma,F:\brain tumor detection\data\raw\primary\glioma\glioma_Tr-gl_956.jpg
glioma,F:\brain tumor detection\data\raw\primary\glioma\glioma_Tr-gl_957.jpg
glioma,F:\brain tumor detection\data\raw\primary\glioma\glioma_Tr-gl_958.jpg
glioma,F:\brain tumor detection\data\raw\primary\glioma\glioma_Tr-gl_959.jpg
glioma,F:\brain tumor detection\data\raw\primary\glioma\glioma_Tr-gl_96.jpg
glioma,F:\brain tumor detection\data\raw\primary\glioma\glioma_Tr-gl_960.jpg
glioma,F:\brain tumor detection\data\raw\primary\glioma\glioma_Tr-gl_961.jpg
glioma,F:\brain tumor detection\data\raw\primary\glioma\glioma_Tr-gl_962.jpg
glioma,F:\brain tumor detection\data\raw\primary\glioma\glioma_Tr-gl_963.jpg
glioma,F:\brain tumor detection\data\raw\primary\glioma\glioma_Tr-gl_964.jpg
glioma,F:\brain tumor detection\data\raw\primary\glioma\glioma_Tr-gl_965.jpg
glioma,F:\brain tumor detection\data\raw\primary\glioma\glioma_Tr-gl_966.jpg
glioma,F:\brain tumor detection\data\raw\primary\glioma\glioma_Tr-gl_967.jpg
glioma,F:\brain tumor detection\data\raw\primary\glioma\glioma_Tr-gl_968.jpg
glioma,F:\brain tumor detection\data\raw\primary\glioma\glioma_Tr-gl_969.jpg
glioma,F:\brain tumor detection\data\raw\primary\glioma\glioma_Tr-gl_97.jpg
glioma,F:\brain tumor detection\data\raw\primary\glioma\glioma_Tr-gl_970.jpg
glioma,F:\brain tumor detection\data\raw\primary\glioma\glioma_Tr-gl_971.jpg
glioma,F:\brain tumor detection\data\raw\primary\glioma\glioma_Tr-gl_972.jpg
glioma,F:\brain tumor detection\data\raw\primary\glioma\glioma_Tr-gl_973.jpg
glioma,F:\brain tumor detection\data\raw\primary\glioma\glioma_Tr-gl_974.jpg
glioma,F:\brain tumor detection\data\raw\primary\glioma\glioma_Tr-gl_975.jpg
glioma,F:\brain tumor detection\data\raw\primary\glioma\glioma_Tr-gl_976.jpg
glioma,F:\brain tumor detection\data\raw\primary\glioma\glioma_Tr-gl_977.jpg
glioma,F:\brain tumor detection\data\raw\primary\glioma\glioma_Tr-gl_978.jpg
glioma,F:\brain tumor detection\data\raw\primary\glioma\glioma_Tr-gl_979.jpg
glioma,F:\brain tumor detection\data\raw\primary\glioma\glioma_Tr-gl_98.jpg
glioma,F:\brain tumor detection\data\raw\primary\glioma\glioma_Tr-gl_980.jpg
glioma,F:\brain tumor detection\data\raw\primary\glioma\glioma_Tr-gl_981.jpg
glioma,F:\brain tumor detection\data\raw\primary\glioma\glioma_Tr-gl_982.jpg
glioma,F:\brain tumor detection\data\raw\primary\glioma\glioma_Tr-gl_983.jpg
glioma,F:\brain tumor detection\data\raw\primary\glioma\glioma_Tr-gl_984.jpg
glioma,F:\brain tumor detection\data\raw\primary\glioma\glioma_Tr-gl_985.jpg
glioma,F:\brain tumor detection\data\raw\primary\glioma\glioma_Tr-gl_986.jpg
glioma,F:\brain tumor detection\data\raw\primary\glioma\glioma_Tr-gl_987.jpg
glioma,F:\brain tumor detection\data\raw\primary\glioma\glioma_Tr-gl_988.jpg
glioma,F:\brain tumor detection\data\raw\primary\glioma\glioma_Tr-gl_989.jpg
glioma,F:\brain tumor detection\data\raw\primary\glioma\glioma_Tr-gl_99.jpg
glioma,F:\brain tumor detection\data\raw\primary\glioma\glioma_Tr-gl_990.jpg
glioma,F:\brain tumor detection\data\raw\primary\glioma\glioma_Tr-gl_991.jpg
glioma,F:\brain tumor detection\data\raw\primary\glioma\glioma_Tr-gl_992.jpg
glioma,F:\brain tumor detection\data\raw\primary\glioma\glioma_Tr-gl_993.jpg
glioma,F:\brain tumor detection\data\raw\primary\glioma\glioma_Tr-gl_994.jpg
glioma,F:\brain tumor detection\data\raw\primary\glioma\glioma_Tr-gl_995.jpg
glioma,F:\brain tumor detection\data\raw\primary\glioma\glioma_Tr-gl_996.jpg
glioma,F:\brain tumor detection\data\raw\primary\glioma\glioma_Tr-gl_997.jpg
glioma,F:\brain tumor detection\data\raw\primary\glioma\glioma_Tr-gl_998.jpg
glioma,F:\brain tumor detection\data\raw\primary\glioma\glioma_Tr-gl_999.jpg
meningioma,F:\brain tumor detection\data\raw\primary\meningioma\meningioma_Tr-aug-me_1.jpg
meningioma,F:\brain tumor detection\data\raw\primary\meningioma\meningioma_Tr-aug-me_10.jpg
meningioma,F:\brain tumor detection\data\raw\primary\meningioma\meningioma_Tr-aug-me_100.jpg
meningioma,F:\brain tumor detection\data\raw\primary\meningioma\meningioma_Tr-aug-me_11.jpg
meningioma,F:\brain tumor detection\data\raw\primary\meningioma\meningioma_Tr-aug-me_12.jpg
meningioma,F:\brain tumor detection\data\raw\primary\meningioma\meningioma_Tr-aug-me_13.jpg
meningioma,F:\brain tumor detection\data\raw\primary\meningioma\meningioma_Tr-aug-me_14.jpg
meningioma,F:\brain tumor detection\data\raw\primary\meningioma\meningioma_Tr-aug-me_15.jpg
meningioma,F:\brain tumor detection\data\raw\primary\meningioma\meningioma_Tr-aug-me_16.jpg
meningioma,F:\brain tumor detection\data\raw\primary\meningioma\meningioma_Tr-aug-me_17.jpg
meningioma,F:\brain tumor detection\data\raw\primary\meningioma\meningioma_Tr-aug-me_18.jpg
meningioma,F:\brain tumor detection\data\raw\primary\meningioma\meningioma_Tr-aug-me_19.jpg
meningioma,F:\brain tumor detection\data\raw\primary\meningioma\meningioma_Tr-aug-me_2.jpg
meningioma,F:\brain tumor detection\data\raw\primary\meningioma\meningioma_Tr-aug-me_20.jpg
meningioma,F:\brain tumor detection\data\raw\primary\meningioma\meningioma_Tr-aug-me_21.jpg
meningioma,F:\brain tumor detection\data\raw\primary\meningioma\meningioma_Tr-aug-me_22.jpg
meningioma,F:\brain tumor detection\data\raw\primary\meningioma\meningioma_Tr-aug-me_23.jpg
meningioma,F:\brain tumor detection\data\raw\primary\meningioma\meningioma_Tr-aug-me_24.jpg
meningioma,F:\brain tumor detection\data\raw\primary\meningioma\meningioma_Tr-aug-me_25.jpg
meningioma,F:\brain tumor detection\data\raw\primary\meningioma\meningioma_Tr-aug-me_26.jpg
meningioma,F:\brain tumor detection\data\raw\primary\meningioma\meningioma_Tr-aug-me_27.jpg
meningioma,F:\brain tumor detection\data\raw\primary\meningioma\meningioma_Tr-aug-me_28.jpg
meningioma,F:\brain tumor detection\data\raw\primary\meningioma\meningioma_Tr-aug-me_29.jpg
meningioma,F:\brain tumor detection\data\raw\primary\meningioma\meningioma_Tr-aug-me_3.jpg
meningioma,F:\brain tumor detection\data\raw\primary\meningioma\meningioma_Tr-aug-me_30.jpg
meningioma,F:\brain tumor detection\data\raw\primary\meningioma\meningioma_Tr-aug-me_31.jpg
meningioma,F:\brain tumor detection\data\raw\primary\meningioma\meningioma_Tr-aug-me_32.jpg
meningioma,F:\brain tumor detection\data\raw\primary\meningioma\meningioma_Tr-aug-me_33.jpg
meningioma,F:\brain tumor detection\data\raw\primary\meningioma\meningioma_Tr-aug-me_34.jpg
meningioma,F:\brain tumor detection\data\raw\primary\meningioma\meningioma_Tr-aug-me_35.jpg
meningioma,F:\brain tumor detection\data\raw\primary\meningioma\meningioma_Tr-aug-me_36.jpg
meningioma,F:\brain tumor detection\data\raw\primary\meningioma\meningioma_Tr-aug-me_37.jpg
meningioma,F:\brain tumor detection\data\raw\primary\meningioma\meningioma_Tr-aug-me_38.jpg
meningioma,F:\brain tumor detection\data\raw\primary\meningioma\meningioma_Tr-aug-me_39.jpg
meningioma,F:\brain tumor detection\data\raw\primary\meningioma\meningioma_Tr-aug-me_4.jpg
meningioma,F:\brain tumor detection\data\raw\primary\meningioma\meningioma_Tr-aug-me_40.jpg
meningioma,F:\brain tumor detection\data\raw\primary\meningioma\meningioma_Tr-aug-me_41.jpg
meningioma,F:\brain tumor detection\data\raw\primary\meningioma\meningioma_Tr-aug-me_42.jpg
meningioma,F:\brain tumor detection\data\raw\primary\meningioma\meningioma_Tr-aug-me_43.jpg
meningioma,F:\brain tumor detection\data\raw\primary\meningioma\meningioma_Tr-aug-me_44.jpg
meningioma,F:\brain tumor detection\data\raw\primary\meningioma\meningioma_Tr-aug-me_45.jpg
meningioma,F:\brain tumor detection\data\raw\primary\meningioma\meningioma_Tr-aug-me_46.jpg
meningioma,F:\brain tumor detection\data\raw\primary\meningioma\meningioma_Tr-aug-me_47.jpg
meningioma,F:\brain tumor detection\data\raw\primary\meningioma\meningioma_Tr-aug-me_48.jpg
meningioma,F:\brain tumor detection\data\raw\primary\meningioma\meningioma_Tr-aug-me_49.jpg
meningioma,F:\brain tumor detection\data\raw\primary\meningioma\meningioma_Tr-aug-me_5.jpg
meningioma,F:\brain tumor detection\data\raw\primary\meningioma\meningioma_Tr-aug-me_50.jpg
meningioma,F:\brain tumor detection\data\raw\primary\meningioma\meningioma_Tr-aug-me_51.jpg
meningioma,F:\brain tumor detection\data\raw\primary\meningioma\meningioma_Tr-aug-me_52.jpg
meningioma,F:\brain tumor detection\data\raw\primary\meningioma\meningioma_Tr-aug-me_53.jpg
meningioma,F:\brain tumor detection\data\raw\primary\meningioma\meningioma_Tr-aug-me_54.jpg
meningioma,F:\brain tumor detection\data\raw\primary\meningioma\meningioma_Tr-aug-me_55.jpg
meningioma,F:\brain tumor detection\data\raw\primary\meningioma\meningioma_Tr-aug-me_56.jpg
meningioma,F:\brain tumor detection\data\raw\primary\meningioma\meningioma_Tr-aug-me_57.jpg
meningioma,F:\brain tumor detection\data\raw\primary\meningioma\meningioma_Tr-aug-me_58.jpg
meningioma,F:\brain tumor detection\data\raw\primary\meningioma\meningioma_Tr-aug-me_59.jpg
meningioma,F:\brain tumor detection\data\raw\primary\meningioma\meningioma_Tr-aug-me_6.jpg
meningioma,F:\brain tumor detection\data\raw\primary\meningioma\meningioma_Tr-aug-me_60.jpg
meningioma,F:\brain tumor detection\data\raw\primary\meningioma\meningioma_Tr-aug-me_61.jpg
meningioma,F:\brain tumor detection\data\raw\primary\meningioma\meningioma_Tr-aug-me_62.jpg
meningioma,F:\brain tumor detection\data\raw\primary\meningioma\meningioma_Tr-aug-me_63.jpg
meningioma,F:\brain tumor detection\data\raw\primary\meningioma\meningioma_Tr-aug-me_64.jpg
meningioma,F:\brain tumor detection\data\raw\primary\meningioma\meningioma_Tr-aug-me_65.jpg
meningioma,F:\brain tumor detection\data\raw\primary\meningioma\meningioma_Tr-aug-me_66.jpg
meningioma,F:\brain tumor detection\data\raw\primary\meningioma\meningioma_Tr-aug-me_67.jpg
meningioma,F:\brain tumor detection\data\raw\primary\meningioma\meningioma_Tr-aug-me_68.jpg
meningioma,F:\brain tumor detection\data\raw\primary\meningioma\meningioma_Tr-aug-me_69.jpg
meningioma,F:\brain tumor detection\data\raw\primary\meningioma\meningioma_Tr-aug-me_7.jpg
meningioma,F:\brain tumor detection\data\raw\primary\meningioma\meningioma_Tr-aug-me_70.jpg
meningioma,F:\brain tumor detection\data\raw\primary\meningioma\meningioma_Tr-aug-me_71.jpg
meningioma,F:\brain tumor detection\data\raw\primary\meningioma\meningioma_Tr-aug-me_72.jpg
meningioma,F:\brain tumor detection\data\raw\primary\meningioma\meningioma_Tr-aug-me_73.jpg
meningioma,F:\brain tumor detection\data\raw\primary\meningioma\meningioma_Tr-aug-me_74.jpg
meningioma,F:\brain tumor detection\data\raw\primary\meningioma\meningioma_Tr-aug-me_75.jpg
meningioma,F:\brain tumor detection\data\raw\primary\meningioma\meningioma_Tr-aug-me_76.jpg
meningioma,F:\brain tumor detection\data\raw\primary\meningioma\meningioma_Tr-aug-me_77.jpg
meningioma,F:\brain tumor detection\data\raw\primary\meningioma\meningioma_Tr-aug-me_78.jpg
meningioma,F:\brain tumor detection\data\raw\primary\meningioma\meningioma_Tr-aug-me_79.jpg
meningioma,F:\brain tumor detection\data\raw\primary\meningioma\meningioma_Tr-aug-me_8.jpg
meningioma,F:\brain tumor detection\data\raw\primary\meningioma\meningioma_Tr-aug-me_80.jpg
meningioma,F:\brain tumor detection\data\raw\primary\meningioma\meningioma_Tr-aug-me_81.jpg
meningioma,F:\brain tumor detection\data\raw\primary\meningioma\meningioma_Tr-aug-me_82.jpg
meningioma,F:\brain tumor detection\data\raw\primary\meningioma\meningioma_Tr-aug-me_83.jpg
meningioma,F:\brain tumor detection\data\raw\primary\meningioma\meningioma_Tr-aug-me_84.jpg
meningioma,F:\brain tumor detection\data\raw\primary\meningioma\meningioma_Tr-aug-me_85.jpg
meningioma,F:\brain tumor detection\data\raw\primary\meningioma\meningioma_Tr-aug-me_86.jpg
meningioma,F:\brain tumor detection\data\raw\primary\meningioma\meningioma_Tr-aug-me_87.jpg
meningioma,F:\brain tumor detection\data\raw\primary\meningioma\meningioma_Tr-aug-me_88.jpg
meningioma,F:\brain tumor detection\data\raw\primary\meningioma\meningioma_Tr-aug-me_89.jpg
meningioma,F:\brain tumor detection\data\raw\primary\meningioma\meningioma_Tr-aug-me_9.jpg
meningioma,F:\brain tumor detection\data\raw\primary\meningioma\meningioma_Tr-aug-me_90.jpg
meningioma,F:\brain tumor detection\data\raw\primary\meningioma\meningioma_Tr-aug-me_91.jpg
meningioma,F:\brain tumor detection\data\raw\primary\meningioma\meningioma_Tr-aug-me_92.jpg
meningioma,F:\brain tumor detection\data\raw\primary\meningioma\meningioma_Tr-aug-me_93.jpg
meningioma,F:\brain tumor detection\data\raw\primary\meningioma\meningioma_Tr-aug-me_94.jpg
meningioma,F:\brain tumor detection\data\raw\primary\meningioma\meningioma_Tr-aug-me_95.jpg
meningioma,F:\brain tumor detection\data\raw\primary\meningioma\meningioma_Tr-aug-me_96.jpg
meningioma,F:\brain tumor detection\data\raw\primary\meningioma\meningioma_Tr-aug-me_97.jpg
meningioma,F:\brain tumor detection\data\raw\primary\meningioma\meningioma_Tr-aug-me_98.jpg
meningioma,F:\brain tumor detection\data\raw\primary\meningioma\meningioma_Tr-aug-me_99.jpg
meningioma,F:\brain tumor detection\data\raw\primary\meningioma\meningioma_Tr-me_1.jpg
meningioma,F:\brain tumor detection\data\raw\primary\meningioma\meningioma_Tr-me_10.jpg
meningioma,F:\brain tumor detection\data\raw\primary\meningioma\meningioma_Tr-me_100.jpg
meningioma,F:\brain tumor detection\data\raw\primary\meningioma\meningioma_Tr-me_1000.jpg
meningioma,F:\brain tumor detection\data\raw\primary\meningioma\meningioma_Tr-me_1001.jpg
meningioma,F:\brain tumor detection\data\raw\primary\meningioma\meningioma_Tr-me_1002.jpg
meningioma,F:\brain tumor detection\data\raw\primary\meningioma\meningioma_Tr-me_1003.jpg
meningioma,F:\brain tumor detection\data\raw\primary\meningioma\meningioma_Tr-me_1004.jpg
meningioma,F:\brain tumor detection\data\raw\primary\meningioma\meningioma_Tr-me_1005.jpg
meningioma,F:\brain tumor detection\data\raw\primary\meningioma\meningioma_Tr-me_1006.jpg
meningioma,F:\brain tumor detection\data\raw\primary\meningioma\meningioma_Tr-me_1007.jpg
meningioma,F:\brain tumor detection\data\raw\primary\meningioma\meningioma_Tr-me_1008.jpg
meningioma,F:\brain tumor detection\data\raw\primary\meningioma\meningioma_Tr-me_1009.jpg
meningioma,F:\brain tumor detection\data\raw\primary\meningioma\meningioma_Tr-me_101.jpg
meningioma,F:\brain tumor detection\data\raw\primary\meningioma\meningioma_Tr-me_1010.jpg
meningioma,F:\brain tumor detection\data\raw\primary\meningioma\meningioma_Tr-me_1011.jpg
meningioma,F:\brain tumor detection\data\raw\primary\meningioma\meningioma_Tr-me_1012.jpg
meningioma,F:\brain tumor detection\data\raw\primary\meningioma\meningioma_Tr-me_1013.jpg
meningioma,F:\brain tumor detection\data\raw\primary\meningioma\meningioma_Tr-me_1014.jpg
meningioma,F:\brain tumor detection\data\raw\primary\meningioma\meningioma_Tr-me_1015.jpg
meningioma,F:\brain tumor detection\data\raw\primary\meningioma\meningioma_Tr-me_1016.jpg
meningioma,F:\brain tumor detection\data\raw\primary\meningioma\meningioma_Tr-me_1017.jpg
meningioma,F:\brain tumor detection\data\raw\primary\meningioma\meningioma_Tr-me_1018.jpg
meningioma,F:\brain tumor detection\data\raw\primary\meningioma\meningioma_Tr-me_1019.jpg
meningioma,F:\brain tumor detection\data\raw\primary\meningioma\meningioma_Tr-me_102.jpg
meningioma,F:\brain tumor detection\data\raw\primary\meningioma\meningioma_Tr-me_1020.jpg
meningioma,F:\brain tumor detection\data\raw\primary\meningioma\meningioma_Tr-me_1021.jpg
meningioma,F:\brain tumor detection\data\raw\primary\meningioma\meningioma_Tr-me_1022.jpg
meningioma,F:\brain tumor detection\data\raw\primary\meningioma\meningioma_Tr-me_1023.jpg
meningioma,F:\brain tumor detection\data\raw\primary\meningioma\meningioma_Tr-me_1024.jpg
meningioma,F:\brain tumor detection\data\raw\primary\meningioma\meningioma_Tr-me_1025.jpg
meningioma,F:\brain tumor detection\data\raw\primary\meningioma\meningioma_Tr-me_1026.jpg
meningioma,F:\brain tumor detection\data\raw\primary\meningioma\meningioma_Tr-me_1027.jpg
meningioma,F:\brain tumor detection\data\raw\primary\meningioma\meningioma_Tr-me_1028.jpg
meningioma,F:\brain tumor detection\data\raw\primary\meningioma\meningioma_Tr-me_1029.jpg
meningioma,F:\brain tumor detection\data\raw\primary\meningioma\meningioma_Tr-me_103.jpg
meningioma,F:\brain tumor detection\data\raw\primary\meningioma\meningioma_Tr-me_1030.jpg
meningioma,F:\brain tumor detection\data\raw\primary\meningioma\meningioma_Tr-me_1031.jpg
meningioma,F:\brain tumor detection\data\raw\primary\meningioma\meningioma_Tr-me_1032.jpg
meningioma,F:\brain tumor detection\data\raw\primary\meningioma\meningioma_Tr-me_1033.jpg
meningioma,F:\brain tumor detection\data\raw\primary\meningioma\meningioma_Tr-me_1034.jpg
meningioma,F:\brain tumor detection\data\raw\primary\meningioma\meningioma_Tr-me_1035.jpg
meningioma,F:\brain tumor detection\data\raw\primary\meningioma\meningioma_Tr-me_1036.jpg
meningioma,F:\brain tumor detection\data\raw\primary\meningioma\meningioma_Tr-me_1037.jpg
meningioma,F:\brain tumor detection\data\raw\primary\meningioma\meningioma_Tr-me_1038.jpg
meningioma,F:\brain tumor detection\data\raw\primary\meningioma\meningioma_Tr-me_1039.jpg
meningioma,F:\brain tumor detection\data\raw\primary\meningioma\meningioma_Tr-me_104.jpg
meningioma,F:\brain tumor detection\data\raw\primary\meningioma\meningioma_Tr-me_1040.jpg
meningioma,F:\brain tumor detection\data\raw\primary\meningioma\meningioma_Tr-me_1041.jpg
meningioma,F:\brain tumor detection\data\raw\primary\meningioma\meningioma_Tr-me_1042.jpg
meningioma,F:\brain tumor detection\data\raw\primary\meningioma\meningioma_Tr-me_1043.jpg
meningioma,F:\brain tumor detection\data\raw\primary\meningioma\meningioma_Tr-me_1044.jpg
meningioma,F:\brain tumor detection\data\raw\primary\meningioma\meningioma_Tr-me_1045.jpg
meningioma,F:\brain tumor detection\data\raw\primary\meningioma\meningioma_Tr-me_1046.jpg
meningioma,F:\brain tumor detection\data\raw\primary\meningioma\meningioma_Tr-me_1047.jpg
meningioma,F:\brain tumor detection\data\raw\primary\meningioma\meningioma_Tr-me_1048.jpg
meningioma,F:\brain tumor detection\data\raw\primary\meningioma\meningioma_Tr-me_1049.jpg
meningioma,F:\brain tumor detection\data\raw\primary\meningioma\meningioma_Tr-me_105.jpg
meningioma,F:\brain tumor detection\data\raw\primary\meningioma\meningioma_Tr-me_1050.jpg
meningioma,F:\brain tumor detection\data\raw\primary\meningioma\meningioma_Tr-me_1051.jpg
meningioma,F:\brain tumor detection\data\raw\primary\meningioma\meningioma_Tr-me_1052.jpg
meningioma,F:\brain tumor detection\data\raw\primary\meningioma\meningioma_Tr-me_1053.jpg
meningioma,F:\brain tumor detection\data\raw\primary\meningioma\meningioma_Tr-me_1054.jpg
meningioma,F:\brain tumor detection\data\raw\primary\meningioma\meningioma_Tr-me_1055.jpg
meningioma,F:\brain tumor detection\data\raw\primary\meningioma\meningioma_Tr-me_1056.jpg
meningioma,F:\brain tumor detection\data\raw\primary\meningioma\meningioma_Tr-me_1057.jpg
meningioma,F:\brain tumor detection\data\raw\primary\meningioma\meningioma_Tr-me_1058.jpg
meningioma,F:\brain tumor detection\data\raw\primary\meningioma\meningioma_Tr-me_1059.jpg
meningioma,F:\brain tumor detection\data\raw\primary\meningioma\meningioma_Tr-me_106.jpg
meningioma,F:\brain tumor detection\data\raw\primary\meningioma\meningioma_Tr-me_1060.jpg
meningioma,F:\brain tumor detection\data\raw\primary\meningioma\meningioma_Tr-me_1061.jpg
meningioma,F:\brain tumor detection\data\raw\primary\meningioma\meningioma_Tr-me_1062.jpg
meningioma,F:\brain tumor detection\data\raw\primary\meningioma\meningioma_Tr-me_1063.jpg
meningioma,F:\brain tumor detection\data\raw\primary\meningioma\meningioma_Tr-me_1064.jpg
meningioma,F:\brain tumor detection\data\raw\primary\meningioma\meningioma_Tr-me_1065.jpg
meningioma,F:\brain tumor detection\data\raw\primary\meningioma\meningioma_Tr-me_1066.jpg
meningioma,F:\brain tumor detection\data\raw\primary\meningioma\meningioma_Tr-me_1067.jpg
meningioma,F:\brain tumor detection\data\raw\primary\meningioma\meningioma_Tr-me_1068.jpg
meningioma,F:\brain tumor detection\data\raw\primary\meningioma\meningioma_Tr-me_1069.jpg
meningioma,F:\brain tumor detection\data\raw\primary\meningioma\meningioma_Tr-me_107.jpg
meningioma,F:\brain tumor detection\data\raw\primary\meningioma\meningioma_Tr-me_1070.jpg
meningioma,F:\brain tumor detection\data\raw\primary\meningioma\meningioma_Tr-me_1071.jpg
meningioma,F:\brain tumor detection\data\raw\primary\meningioma\meningioma_Tr-me_1072.jpg
meningioma,F:\brain tumor detection\data\raw\primary\meningioma\meningioma_Tr-me_1073.jpg
meningioma,F:\brain tumor detection\data\raw\primary\meningioma\meningioma_Tr-me_1074.jpg
meningioma,F:\brain tumor detection\data\raw\primary\meningioma\meningioma_Tr-me_1075.jpg
meningioma,F:\brain tumor detection\data\raw\primary\meningioma\meningioma_Tr-me_1076.jpg
meningioma,F:\brain tumor detection\data\raw\primary\meningioma\meningioma_Tr-me_1077.jpg
meningioma,F:\brain tumor detection\data\raw\primary\meningioma\meningioma_Tr-me_1078.jpg
meningioma,F:\brain tumor detection\data\raw\primary\meningioma\meningioma_Tr-me_1079.jpg
meningioma,F:\brain tumor detection\data\raw\primary\meningioma\meningioma_Tr-me_108.jpg
meningioma,F:\brain tumor detection\data\raw\primary\meningioma\meningioma_Tr-me_1080.jpg
meningioma,F:\brain tumor detection\data\raw\primary\meningioma\meningioma_Tr-me_1081.jpg
meningioma,F:\brain tumor detection\data\raw\primary\meningioma\meningioma_Tr-me_1082.jpg
meningioma,F:\brain tumor detection\data\raw\primary\meningioma\meningioma_Tr-me_1083.jpg
meningioma,F:\brain tumor detection\data\raw\primary\meningioma\meningioma_Tr-me_1084.jpg
meningioma,F:\brain tumor detection\data\raw\primary\meningioma\meningioma_Tr-me_1085.jpg
meningioma,F:\brain tumor detection\data\raw\primary\meningioma\meningioma_Tr-me_1086.jpg
meningioma,F:\brain tumor detection\data\raw\primary\meningioma\meningioma_Tr-me_1087.jpg
meningioma,F:\brain tumor detection\data\raw\primary\meningioma\meningioma_Tr-me_1088.jpg
meningioma,F:\brain tumor detection\data\raw\primary\meningioma\meningioma_Tr-me_1089.jpg
meningioma,F:\brain tumor detection\data\raw\primary\meningioma\meningioma_Tr-me_109.jpg
meningioma,F:\brain tumor detection\data\raw\primary\meningioma\meningioma_Tr-me_1090.jpg
meningioma,F:\brain tumor detection\data\raw\primary\meningioma\meningioma_Tr-me_1091.jpg
meningioma,F:\brain tumor detection\data\raw\primary\meningioma\meningioma_Tr-me_1092.jpg
meningioma,F:\brain tumor detection\data\raw\primary\meningioma\meningioma_Tr-me_1093.jpg
meningioma,F:\brain tumor detection\data\raw\primary\meningioma\meningioma_Tr-me_1094.jpg
meningioma,F:\brain tumor detection\data\raw\primary\meningioma\meningioma_Tr-me_1095.jpg
meningioma,F:\brain tumor detection\data\raw\primary\meningioma\meningioma_Tr-me_1096.jpg
meningioma,F:\brain tumor detection\data\raw\primary\meningioma\meningioma_Tr-me_1097.jpg
meningioma,F:\brain tumor detection\data\raw\primary\meningioma\meningioma_Tr-me_1098.jpg
meningioma,F:\brain tumor detection\data\raw\primary\meningioma\meningioma_Tr-me_1099.jpg
meningioma,F:\brain tumor detection\data\raw\primary\meningioma\meningioma_Tr-me_11.jpg
meningioma,F:\brain tumor detection\data\raw\primary\meningioma\meningioma_Tr-me_110.jpg
meningioma,F:\brain tumor detection\data\raw\primary\meningioma\meningioma_Tr-me_1100.jpg
meningioma,F:\brain tumor detection\data\raw\primary\meningioma\meningioma_Tr-me_1101.jpg
meningioma,F:\brain tumor detection\data\raw\primary\meningioma\meningioma_Tr-me_1102.jpg
meningioma,F:\brain tumor detection\data\raw\primary\meningioma\meningioma_Tr-me_1103.jpg
meningioma,F:\brain tumor detection\data\raw\primary\meningioma\meningioma_Tr-me_1104.jpg
meningioma,F:\brain tumor detection\data\raw\primary\meningioma\meningioma_Tr-me_1105.jpg
meningioma,F:\brain tumor detection\data\raw\primary\meningioma\meningioma_Tr-me_1106.jpg
meningioma,F:\brain tumor detection\data\raw\primary\meningioma\meningioma_Tr-me_1107.jpg
meningioma,F:\brain tumor detection\data\raw\primary\meningioma\meningioma_Tr-me_1108.jpg
meningioma,F:\brain tumor detection\data\raw\primary\meningioma\meningioma_Tr-me_1109.jpg
meningioma,F:\brain tumor detection\data\raw\primary\meningioma\meningioma_Tr-me_111.jpg
meningioma,F:\brain tumor detection\data\raw\primary\meningioma\meningioma_Tr-me_1110.jpg
meningioma,F:\brain tumor detection\data\raw\primary\meningioma\meningioma_Tr-me_1111.jpg
meningioma,F:\brain tumor detection\data\raw\primary\meningioma\meningioma_Tr-me_1112.jpg
meningioma,F:\brain tumor detection\data\raw\primary\meningioma\meningioma_Tr-me_1113.jpg
meningioma,F:\brain tumor detection\data\raw\primary\meningioma\meningioma_Tr-me_1114.jpg
meningioma,F:\brain tumor detection\data\raw\primary\meningioma\meningioma_Tr-me_1115.jpg
meningioma,F:\brain tumor detection\data\raw\primary\meningioma\meningioma_Tr-me_1116.jpg
meningioma,F:\brain tumor detection\data\raw\primary\meningioma\meningioma_Tr-me_1117.jpg
meningioma,F:\brain tumor detection\data\raw\primary\meningioma\meningioma_Tr-me_1118.jpg
meningioma,F:\brain tumor detection\data\raw\primary\meningioma\meningioma_Tr-me_1119.jpg
meningioma,F:\brain tumor detection\data\raw\primary\meningioma\meningioma_Tr-me_112.jpg
meningioma,F:\brain tumor detection\data\raw\primary\meningioma\meningioma_Tr-me_1120.jpg
meningioma,F:\brain tumor detection\data\raw\primary\meningioma\meningioma_Tr-me_1121.jpg
meningioma,F:\brain tumor detection\data\raw\primary\meningioma\meningioma_Tr-me_1122.jpg
meningioma,F:\brain tumor detection\data\raw\primary\meningioma\meningioma_Tr-me_1123.jpg
meningioma,F:\brain tumor detection\data\raw\primary\meningioma\meningioma_Tr-me_1124.jpg
meningioma,F:\brain tumor detection\data\raw\primary\meningioma\meningioma_Tr-me_1125.jpg
meningioma,F:\brain tumor detection\data\raw\primary\meningioma\meningioma_Tr-me_1126.jpg
meningioma,F:\brain tumor detection\data\raw\primary\meningioma\meningioma_Tr-me_1127.jpg
meningioma,F:\brain tumor detection\data\raw\primary\meningioma\meningioma_Tr-me_1128.jpg
meningioma,F:\brain tumor detection\data\raw\primary\meningioma\meningioma_Tr-me_1129.jpg
meningioma,F:\brain tumor detection\data\raw\primary\meningioma\meningioma_Tr-me_113.jpg
meningioma,F:\brain tumor detection\data\raw\primary\meningioma\meningioma_Tr-me_1130.jpg
meningioma,F:\brain tumor detection\data\raw\primary\meningioma\meningioma_Tr-me_1131.jpg
meningioma,F:\brain tumor detection\data\raw\primary\meningioma\meningioma_Tr-me_1132.jpg
meningioma,F:\brain tumor detection\data\raw\primary\meningioma\meningioma_Tr-me_1133.jpg
meningioma,F:\brain tumor detection\data\raw\primary\meningioma\meningioma_Tr-me_1134.jpg
meningioma,F:\brain tumor detection\data\raw\primary\meningioma\meningioma_Tr-me_1135.jpg
meningioma,F:\brain tumor detection\data\raw\primary\meningioma\meningioma_Tr-me_1136.jpg
meningioma,F:\brain tumor detection\data\raw\primary\meningioma\meningioma_Tr-me_1137.jpg
meningioma,F:\brain tumor detection\data\raw\primary\meningioma\meningioma_Tr-me_1138.jpg
meningioma,F:\brain tumor detection\data\raw\primary\meningioma\meningioma_Tr-me_1139.jpg
meningioma,F:\brain tumor detection\data\raw\primary\meningioma\meningioma_Tr-me_114.jpg
meningioma,F:\brain tumor detection\data\raw\primary\meningioma\meningioma_Tr-me_1140.jpg
meningioma,F:\brain tumor detection\data\raw\primary\meningioma\meningioma_Tr-me_1141.jpg
meningioma,F:\brain tumor detection\data\raw\primary\meningioma\meningioma_Tr-me_1142.jpg
meningioma,F:\brain tumor detection\data\raw\primary\meningioma\meningioma_Tr-me_1143.jpg
meningioma,F:\brain tumor detection\data\raw\primary\meningioma\meningioma_Tr-me_1144.jpg
meningioma,F:\brain tumor detection\data\raw\primary\meningioma\meningioma_Tr-me_1145.jpg
meningioma,F:\brain tumor detection\data\raw\primary\meningioma\meningioma_Tr-me_1146.jpg
meningioma,F:\brain tumor detection\data\raw\primary\meningioma\meningioma_Tr-me_1147.jpg
meningioma,F:\brain tumor detection\data\raw\primary\meningioma\meningioma_Tr-me_1148.jpg
meningioma,F:\brain tumor detection\data\raw\primary\meningioma\meningioma_Tr-me_1149.jpg
meningioma,F:\brain tumor detection\data\raw\primary\meningioma\meningioma_Tr-me_115.jpg
meningioma,F:\brain tumor detection\data\raw\primary\meningioma\meningioma_Tr-me_1150.jpg
meningioma,F:\brain tumor detection\data\raw\primary\meningioma\meningioma_Tr-me_1151.jpg
meningioma,F:\brain tumor detection\data\raw\primary\meningioma\meningioma_Tr-me_1152.jpg
meningioma,F:\brain tumor detection\data\raw\primary\meningioma\meningioma_Tr-me_1153.jpg
meningioma,F:\brain tumor detection\data\raw\primary\meningioma\meningioma_Tr-me_1154.jpg
meningioma,F:\brain tumor detection\data\raw\primary\meningioma\meningioma_Tr-me_1155.jpg
meningioma,F:\brain tumor detection\data\raw\primary\meningioma\meningioma_Tr-me_1156.jpg
meningioma,F:\brain tumor detection\data\raw\primary\meningioma\meningioma_Tr-me_1157.jpg
meningioma,F:\brain tumor detection\data\raw\primary\meningioma\meningioma_Tr-me_1158.jpg
meningioma,F:\brain tumor detection\data\raw\primary\meningioma\meningioma_Tr-me_1159.jpg
meningioma,F:\brain tumor detection\data\raw\primary\meningioma\meningioma_Tr-me_116.jpg
meningioma,F:\brain tumor detection\data\raw\primary\meningioma\meningioma_Tr-me_1160.jpg
meningioma,F:\brain tumor detection\data\raw\primary\meningioma\meningioma_Tr-me_1161.jpg
meningioma,F:\brain tumor detection\data\raw\primary\meningioma\meningioma_Tr-me_1162.jpg
meningioma,F:\brain tumor detection\data\raw\primary\meningioma\meningioma_Tr-me_1163.jpg
meningioma,F:\brain tumor detection\data\raw\primary\meningioma\meningioma_Tr-me_1164.jpg
meningioma,F:\brain tumor detection\data\raw\primary\meningioma\meningioma_Tr-me_1165.jpg
meningioma,F:\brain tumor detection\data\raw\primary\meningioma\meningioma_Tr-me_1166.jpg
meningioma,F:\brain tumor detection\data\raw\primary\meningioma\meningioma_Tr-me_1167.jpg
meningioma,F:\brain tumor detection\data\raw\primary\meningioma\meningioma_Tr-me_1168.jpg
meningioma,F:\brain tumor detection\data\raw\primary\meningioma\meningioma_Tr-me_1169.jpg
meningioma,F:\brain tumor detection\data\raw\primary\meningioma\meningioma_Tr-me_117.jpg
meningioma,F:\brain tumor detection\data\raw\primary\meningioma\meningioma_Tr-me_1170.jpg
meningioma,F:\brain tumor detection\data\raw\primary\meningioma\meningioma_Tr-me_1171.jpg
meningioma,F:\brain tumor detection\data\raw\primary\meningioma\meningioma_Tr-me_1172.jpg
meningioma,F:\brain tumor detection\data\raw\primary\meningioma\meningioma_Tr-me_1173.jpg
meningioma,F:\brain tumor detection\data\raw\primary\meningioma\meningioma_Tr-me_1174.jpg
meningioma,F:\brain tumor detection\data\raw\primary\meningioma\meningioma_Tr-me_1175.jpg
meningioma,F:\brain tumor detection\data\raw\primary\meningioma\meningioma_Tr-me_1176.jpg
meningioma,F:\brain tumor detection\data\raw\primary\meningioma\meningioma_Tr-me_1177.jpg
meningioma,F:\brain tumor detection\data\raw\primary\meningioma\meningioma_Tr-me_1178.jpg
meningioma,F:\brain tumor detection\data\raw\primary\meningioma\meningioma_Tr-me_1179.jpg
meningioma,F:\brain tumor detection\data\raw\primary\meningioma\meningioma_Tr-me_118.jpg
meningioma,F:\brain tumor detection\data\raw\primary\meningioma\meningioma_Tr-me_1180.jpg
meningioma,F:\brain tumor detection\data\raw\primary\meningioma\meningioma_Tr-me_1181.jpg
meningioma,F:\brain tumor detection\data\raw\primary\meningioma\meningioma_Tr-me_1182.jpg
meningioma,F:\brain tumor detection\data\raw\primary\meningioma\meningioma_Tr-me_1183.jpg
meningioma,F:\brain tumor detection\data\raw\primary\meningioma\meningioma_Tr-me_1184.jpg
meningioma,F:\brain tumor detection\data\raw\primary\meningioma\meningioma_Tr-me_1185.jpg
meningioma,F:\brain tumor detection\data\raw\primary\meningioma\meningioma_Tr-me_1186.jpg
meningioma,F:\brain tumor detection\data\raw\primary\meningioma\meningioma_Tr-me_1187.jpg
meningioma,F:\brain tumor detection\data\raw\primary\meningioma\meningioma_Tr-me_1188.jpg
meningioma,F:\brain tumor detection\data\raw\primary\meningioma\meningioma_Tr-me_1189.jpg
meningioma,F:\brain tumor detection\data\raw\primary\meningioma\meningioma_Tr-me_119.jpg
meningioma,F:\brain tumor detection\data\raw\primary\meningioma\meningioma_Tr-me_1190.jpg
meningioma,F:\brain tumor detection\data\raw\primary\meningioma\meningioma_Tr-me_1191.jpg
meningioma,F:\brain tumor detection\data\raw\primary\meningioma\meningioma_Tr-me_1192.jpg
meningioma,F:\brain tumor detection\data\raw\primary\meningioma\meningioma_Tr-me_1193.jpg
meningioma,F:\brain tumor detection\data\raw\primary\meningioma\meningioma_Tr-me_1194.jpg
meningioma,F:\brain tumor detection\data\raw\primary\meningioma\meningioma_Tr-me_1195.jpg
meningioma,F:\brain tumor detection\data\raw\primary\meningioma\meningioma_Tr-me_1196.jpg
meningioma,F:\brain tumor detection\data\raw\primary\meningioma\meningioma_Tr-me_1197.jpg
meningioma,F:\brain tumor detection\data\raw\primary\meningioma\meningioma_Tr-me_1198.jpg
meningioma,F:\brain tumor detection\data\raw\primary\meningioma\meningioma_Tr-me_1199.jpg
meningioma,F:\brain tumor detection\data\raw\primary\meningioma\meningioma_Tr-me_12.jpg
meningioma,F:\brain tumor detection\data\raw\primary\meningioma\meningioma_Tr-me_120.jpg
meningioma,F:\brain tumor detection\data\raw\primary\meningioma\meningioma_Tr-me_1200.jpg
meningioma,F:\brain tumor detection\data\raw\primary\meningioma\meningioma_Tr-me_1201.jpg
meningioma,F:\brain tumor detection\data\raw\primary\meningioma\meningioma_Tr-me_1202.jpg
meningioma,F:\brain tumor detection\data\raw\primary\meningioma\meningioma_Tr-me_1203.jpg
meningioma,F:\brain tumor detection\data\raw\primary\meningioma\meningioma_Tr-me_1204.jpg
meningioma,F:\brain tumor detection\data\raw\primary\meningioma\meningioma_Tr-me_1205.jpg
meningioma,F:\brain tumor detection\data\raw\primary\meningioma\meningioma_Tr-me_1206.jpg
meningioma,F:\brain tumor detection\data\raw\primary\meningioma\meningioma_Tr-me_1207.jpg
meningioma,F:\brain tumor detection\data\raw\primary\meningioma\meningioma_Tr-me_1208.jpg
meningioma,F:\brain tumor detection\data\raw\primary\meningioma\meningioma_Tr-me_1209.jpg
meningioma,F:\brain tumor detection\data\raw\primary\meningioma\meningioma_Tr-me_121.jpg
meningioma,F:\brain tumor detection\data\raw\primary\meningioma\meningioma_Tr-me_1210.jpg
meningioma,F:\brain tumor detection\data\raw\primary\meningioma\meningioma_Tr-me_1211.jpg
meningioma,F:\brain tumor detection\data\raw\primary\meningioma\meningioma_Tr-me_1212.jpg
meningioma,F:\brain tumor detection\data\raw\primary\meningioma\meningioma_Tr-me_1213.jpg
meningioma,F:\brain tumor detection\data\raw\primary\meningioma\meningioma_Tr-me_1214.jpg
meningioma,F:\brain tumor detection\data\raw\primary\meningioma\meningioma_Tr-me_1215.jpg
meningioma,F:\brain tumor detection\data\raw\primary\meningioma\meningioma_Tr-me_1216.jpg
meningioma,F:\brain tumor detection\data\raw\primary\meningioma\meningioma_Tr-me_1217.jpg
meningioma,F:\brain tumor detection\data\raw\primary\meningioma\meningioma_Tr-me_1218.jpg
meningioma,F:\brain tumor detection\data\raw\primary\meningioma\meningioma_Tr-me_1219.jpg
meningioma,F:\brain tumor detection\data\raw\primary\meningioma\meningioma_Tr-me_122.jpg
meningioma,F:\brain tumor detection\data\raw\primary\meningioma\meningioma_Tr-me_1220.jpg
meningioma,F:\brain tumor detection\data\raw\primary\meningioma\meningioma_Tr-me_1221.jpg
meningioma,F:\brain tumor detection\data\raw\primary\meningioma\meningioma_Tr-me_1222.jpg
meningioma,F:\brain tumor detection\data\raw\primary\meningioma\meningioma_Tr-me_1223.jpg
meningioma,F:\brain tumor detection\data\raw\primary\meningioma\meningioma_Tr-me_1224.jpg
meningioma,F:\brain tumor detection\data\raw\primary\meningioma\meningioma_Tr-me_1225.jpg
meningioma,F:\brain tumor detection\data\raw\primary\meningioma\meningioma_Tr-me_1226.jpg
meningioma,F:\brain tumor detection\data\raw\primary\meningioma\meningioma_Tr-me_1227.jpg
meningioma,F:\brain tumor detection\data\raw\primary\meningioma\meningioma_Tr-me_1228.jpg
meningioma,F:\brain tumor detection\data\raw\primary\meningioma\meningioma_Tr-me_1229.jpg
meningioma,F:\brain tumor detection\data\raw\primary\meningioma\meningioma_Tr-me_123.jpg
meningioma,F:\brain tumor detection\data\raw\primary\meningioma\meningioma_Tr-me_1230.jpg
meningioma,F:\brain tumor detection\data\raw\primary\meningioma\meningioma_Tr-me_1231.jpg
meningioma,F:\brain tumor detection\data\raw\primary\meningioma\meningioma_Tr-me_1232.jpg
meningioma,F:\brain tumor detection\data\raw\primary\meningioma\meningioma_Tr-me_1233.jpg
meningioma,F:\brain tumor detection\data\raw\primary\meningioma\meningioma_Tr-me_1234.jpg
meningioma,F:\brain tumor detection\data\raw\primary\meningioma\meningioma_Tr-me_1235.jpg
meningioma,F:\brain tumor detection\data\raw\primary\meningioma\meningioma_Tr-me_1236.jpg
meningioma,F:\brain tumor detection\data\raw\primary\meningioma\meningioma_Tr-me_1237.jpg
meningioma,F:\brain tumor detection\data\raw\primary\meningioma\meningioma_Tr-me_1238.jpg
meningioma,F:\brain tumor detection\data\raw\primary\meningioma\meningioma_Tr-me_1239.jpg
meningioma,F:\brain tumor detection\data\raw\primary\meningioma\meningioma_Tr-me_124.jpg
meningioma,F:\brain tumor detection\data\raw\primary\meningioma\meningioma_Tr-me_1240.jpg
meningioma,F:\brain tumor detection\data\raw\primary\meningioma\meningioma_Tr-me_1241.jpg
meningioma,F:\brain tumor detection\data\raw\primary\meningioma\meningioma_Tr-me_1242.jpg
meningioma,F:\brain tumor detection\data\raw\primary\meningioma\meningioma_Tr-me_1243.jpg
meningioma,F:\brain tumor detection\data\raw\primary\meningioma\meningioma_Tr-me_1244.jpg
meningioma,F:\brain tumor detection\data\raw\primary\meningioma\meningioma_Tr-me_1245.jpg
meningioma,F:\brain tumor detection\data\raw\primary\meningioma\meningioma_Tr-me_1246.jpg
meningioma,F:\brain tumor detection\data\raw\primary\meningioma\meningioma_Tr-me_1247.jpg
meningioma,F:\brain tumor detection\data\raw\primary\meningioma\meningioma_Tr-me_1248.jpg
meningioma,F:\brain tumor detection\data\raw\primary\meningioma\meningioma_Tr-me_1249.jpg
meningioma,F:\brain tumor detection\data\raw\primary\meningioma\meningioma_Tr-me_125.jpg
meningioma,F:\brain tumor detection\data\raw\primary\meningioma\meningioma_Tr-me_1250.jpg
meningioma,F:\brain tumor detection\data\raw\primary\meningioma\meningioma_Tr-me_1251.jpg
meningioma,F:\brain tumor detection\data\raw\primary\meningioma\meningioma_Tr-me_1252.jpg
meningioma,F:\brain tumor detection\data\raw\primary\meningioma\meningioma_Tr-me_1253.jpg
meningioma,F:\brain tumor detection\data\raw\primary\meningioma\meningioma_Tr-me_1254.jpg
meningioma,F:\brain tumor detection\data\raw\primary\meningioma\meningioma_Tr-me_1255.jpg
meningioma,F:\brain tumor detection\data\raw\primary\meningioma\meningioma_Tr-me_1256.jpg
meningioma,F:\brain tumor detection\data\raw\primary\meningioma\meningioma_Tr-me_1257.jpg
meningioma,F:\brain tumor detection\data\raw\primary\meningioma\meningioma_Tr-me_1258.jpg
meningioma,F:\brain tumor detection\data\raw\primary\meningioma\meningioma_Tr-me_1259.jpg
meningioma,F:\brain tumor detection\data\raw\primary\meningioma\meningioma_Tr-me_126.jpg
meningioma,F:\brain tumor detection\data\raw\primary\meningioma\meningioma_Tr-me_1260.jpg
meningioma,F:\brain tumor detection\data\raw\primary\meningioma\meningioma_Tr-me_1261.jpg
meningioma,F:\brain tumor detection\data\raw\primary\meningioma\meningioma_Tr-me_1262.jpg
meningioma,F:\brain tumor detection\data\raw\primary\meningioma\meningioma_Tr-me_1263.jpg
meningioma,F:\brain tumor detection\data\raw\primary\meningioma\meningioma_Tr-me_1264.jpg
meningioma,F:\brain tumor detection\data\raw\primary\meningioma\meningioma_Tr-me_1265.jpg
meningioma,F:\brain tumor detection\data\raw\primary\meningioma\meningioma_Tr-me_1266.jpg
meningioma,F:\brain tumor detection\data\raw\primary\meningioma\meningioma_Tr-me_1267.jpg
meningioma,F:\brain tumor detection\data\raw\primary\meningioma\meningioma_Tr-me_1268.jpg
meningioma,F:\brain tumor detection\data\raw\primary\meningioma\meningioma_Tr-me_1269.jpg
meningioma,F:\brain tumor detection\data\raw\primary\meningioma\meningioma_Tr-me_127.jpg
meningioma,F:\brain tumor detection\data\raw\primary\meningioma\meningioma_Tr-me_1270.jpg
meningioma,F:\brain tumor detection\data\raw\primary\meningioma\meningioma_Tr-me_1271.jpg
meningioma,F:\brain tumor detection\data\raw\primary\meningioma\meningioma_Tr-me_1272.jpg
meningioma,F:\brain tumor detection\data\raw\primary\meningioma\meningioma_Tr-me_1273.jpg
meningioma,F:\brain tumor detection\data\raw\primary\meningioma\meningioma_Tr-me_1274.jpg
meningioma,F:\brain tumor detection\data\raw\primary\meningioma\meningioma_Tr-me_1275.jpg
meningioma,F:\brain tumor detection\data\raw\primary\meningioma\meningioma_Tr-me_1276.jpg
meningioma,F:\brain tumor detection\data\raw\primary\meningioma\meningioma_Tr-me_1277.jpg
meningioma,F:\brain tumor detection\data\raw\primary\meningioma\meningioma_Tr-me_1278.jpg
meningioma,F:\brain tumor detection\data\raw\primary\meningioma\meningioma_Tr-me_1279.jpg
meningioma,F:\brain tumor detection\data\raw\primary\meningioma\meningioma_Tr-me_128.jpg
meningioma,F:\brain tumor detection\data\raw\primary\meningioma\meningioma_Tr-me_1280.jpg
meningioma,F:\brain tumor detection\data\raw\primary\meningioma\meningioma_Tr-me_1281.jpg
meningioma,F:\brain tumor detection\data\raw\primary\meningioma\meningioma_Tr-me_1282.jpg
meningioma,F:\brain tumor detection\data\raw\primary\meningioma\meningioma_Tr-me_1283.jpg
meningioma,F:\brain tumor detection\data\raw\primary\meningioma\meningioma_Tr-me_1284.jpg
meningioma,F:\brain tumor detection\data\raw\primary\meningioma\meningioma_Tr-me_1285.jpg
meningioma,F:\brain tumor detection\data\raw\primary\meningioma\meningioma_Tr-me_1286.jpg
meningioma,F:\brain tumor detection\data\raw\primary\meningioma\meningioma_Tr-me_1287.jpg
meningioma,F:\brain tumor detection\data\raw\primary\meningioma\meningioma_Tr-me_1288.jpg
meningioma,F:\brain tumor detection\data\raw\primary\meningioma\meningioma_Tr-me_1289.jpg
meningioma,F:\brain tumor detection\data\raw\primary\meningioma\meningioma_Tr-me_129.jpg
meningioma,F:\brain tumor detection\data\raw\primary\meningioma\meningioma_Tr-me_1290.jpg
meningioma,F:\brain tumor detection\data\raw\primary\meningioma\meningioma_Tr-me_1291.jpg
meningioma,F:\brain tumor detection\data\raw\primary\meningioma\meningioma_Tr-me_1292.jpg
meningioma,F:\brain tumor detection\data\raw\primary\meningioma\meningioma_Tr-me_1293.jpg
meningioma,F:\brain tumor detection\data\raw\primary\meningioma\meningioma_Tr-me_1294.jpg
meningioma,F:\brain tumor detection\data\raw\primary\meningioma\meningioma_Tr-me_1295.jpg
meningioma,F:\brain tumor detection\data\raw\primary\meningioma\meningioma_Tr-me_1296.jpg
meningioma,F:\brain tumor detection\data\raw\primary\meningioma\meningioma_Tr-me_1297.jpg
meningioma,F:\brain tumor detection\data\raw\primary\meningioma\meningioma_Tr-me_1298.jpg
meningioma,F:\brain tumor detection\data\raw\primary\meningioma\meningioma_Tr-me_1299.jpg
meningioma,F:\brain tumor detection\data\raw\primary\meningioma\meningioma_Tr-me_13.jpg
meningioma,F:\brain tumor detection\data\raw\primary\meningioma\meningioma_Tr-me_130.jpg
meningioma,F:\brain tumor detection\data\raw\primary\meningioma\meningioma_Tr-me_1300.jpg
meningioma,F:\brain tumor detection\data\raw\primary\meningioma\meningioma_Tr-me_131.jpg
meningioma,F:\brain tumor detection\data\raw\primary\meningioma\meningioma_Tr-me_132.jpg
meningioma,F:\brain tumor detection\data\raw\primary\meningioma\meningioma_Tr-me_133.jpg
meningioma,F:\brain tumor detection\data\raw\primary\meningioma\meningioma_Tr-me_134.jpg
meningioma,F:\brain tumor detection\data\raw\primary\meningioma\meningioma_Tr-me_135.jpg
meningioma,F:\brain tumor detection\data\raw\primary\meningioma\meningioma_Tr-me_136.jpg
meningioma,F:\brain tumor detection\data\raw\primary\meningioma\meningioma_Tr-me_137.jpg
meningioma,F:\brain tumor detection\data\raw\primary\meningioma\meningioma_Tr-me_138.jpg
meningioma,F:\brain tumor detection\data\raw\primary\meningioma\meningioma_Tr-me_139.jpg
meningioma,F:\brain tumor detection\data\raw\primary\meningioma\meningioma_Tr-me_14.jpg
meningioma,F:\brain tumor detection\data\raw\primary\meningioma\meningioma_Tr-me_140.jpg
meningioma,F:\brain tumor detection\data\raw\primary\meningioma\meningioma_Tr-me_141.jpg
meningioma,F:\brain tumor detection\data\raw\primary\meningioma\meningioma_Tr-me_142.jpg
meningioma,F:\brain tumor detection\data\raw\primary\meningioma\meningioma_Tr-me_143.jpg
meningioma,F:\brain tumor detection\data\raw\primary\meningioma\meningioma_Tr-me_144.jpg
meningioma,F:\brain tumor detection\data\raw\primary\meningioma\meningioma_Tr-me_145.jpg
meningioma,F:\brain tumor detection\data\raw\primary\meningioma\meningioma_Tr-me_146.jpg
meningioma,F:\brain tumor detection\data\raw\primary\meningioma\meningioma_Tr-me_147.jpg
meningioma,F:\brain tumor detection\data\raw\primary\meningioma\meningioma_Tr-me_148.jpg
meningioma,F:\brain tumor detection\data\raw\primary\meningioma\meningioma_Tr-me_149.jpg
meningioma,F:\brain tumor detection\data\raw\primary\meningioma\meningioma_Tr-me_15.jpg
meningioma,F:\brain tumor detection\data\raw\primary\meningioma\meningioma_Tr-me_150.jpg
meningioma,F:\brain tumor detection\data\raw\primary\meningioma\meningioma_Tr-me_151.jpg
meningioma,F:\brain tumor detection\data\raw\primary\meningioma\meningioma_Tr-me_152.jpg
meningioma,F:\brain tumor detection\data\raw\primary\meningioma\meningioma_Tr-me_153.jpg
meningioma,F:\brain tumor detection\data\raw\primary\meningioma\meningioma_Tr-me_154.jpg
meningioma,F:\brain tumor detection\data\raw\primary\meningioma\meningioma_Tr-me_155.jpg
meningioma,F:\brain tumor detection\data\raw\primary\meningioma\meningioma_Tr-me_156.jpg
meningioma,F:\brain tumor detection\data\raw\primary\meningioma\meningioma_Tr-me_157.jpg
meningioma,F:\brain tumor detection\data\raw\primary\meningioma\meningioma_Tr-me_158.jpg
meningioma,F:\brain tumor detection\data\raw\primary\meningioma\meningioma_Tr-me_159.jpg
meningioma,F:\brain tumor detection\data\raw\primary\meningioma\meningioma_Tr-me_16.jpg
meningioma,F:\brain tumor detection\data\raw\primary\meningioma\meningioma_Tr-me_160.jpg
meningioma,F:\brain tumor detection\data\raw\primary\meningioma\meningioma_Tr-me_161.jpg
meningioma,F:\brain tumor detection\data\raw\primary\meningioma\meningioma_Tr-me_162.jpg
meningioma,F:\brain tumor detection\data\raw\primary\meningioma\meningioma_Tr-me_163.jpg
meningioma,F:\brain tumor detection\data\raw\primary\meningioma\meningioma_Tr-me_164.jpg
meningioma,F:\brain tumor detection\data\raw\primary\meningioma\meningioma_Tr-me_165.jpg
meningioma,F:\brain tumor detection\data\raw\primary\meningioma\meningioma_Tr-me_166.jpg
meningioma,F:\brain tumor detection\data\raw\primary\meningioma\meningioma_Tr-me_167.jpg
meningioma,F:\brain tumor detection\data\raw\primary\meningioma\meningioma_Tr-me_168.jpg
meningioma,F:\brain tumor detection\data\raw\primary\meningioma\meningioma_Tr-me_169.jpg
meningioma,F:\brain tumor detection\data\raw\primary\meningioma\meningioma_Tr-me_17.jpg
meningioma,F:\brain tumor detection\data\raw\primary\meningioma\meningioma_Tr-me_170.jpg
meningioma,F:\brain tumor detection\data\raw\primary\meningioma\meningioma_Tr-me_171.jpg
meningioma,F:\brain tumor detection\data\raw\primary\meningioma\meningioma_Tr-me_172.jpg
meningioma,F:\brain tumor detection\data\raw\primary\meningioma\meningioma_Tr-me_173.jpg
meningioma,F:\brain tumor detection\data\raw\primary\meningioma\meningioma_Tr-me_174.jpg
meningioma,F:\brain tumor detection\data\raw\primary\meningioma\meningioma_Tr-me_175.jpg
meningioma,F:\brain tumor detection\data\raw\primary\meningioma\meningioma_Tr-me_176.jpg
meningioma,F:\brain tumor detection\data\raw\primary\meningioma\meningioma_Tr-me_177.jpg
meningioma,F:\brain tumor detection\data\raw\primary\meningioma\meningioma_Tr-me_178.jpg
meningioma,F:\brain tumor detection\data\raw\primary\meningioma\meningioma_Tr-me_179.jpg
meningioma,F:\brain tumor detection\data\raw\primary\meningioma\meningioma_Tr-me_18.jpg
meningioma,F:\brain tumor detection\data\raw\primary\meningioma\meningioma_Tr-me_180.jpg
meningioma,F:\brain tumor detection\data\raw\primary\meningioma\meningioma_Tr-me_181.jpg
meningioma,F:\brain tumor detection\data\raw\primary\meningioma\meningioma_Tr-me_182.jpg
meningioma,F:\brain tumor detection\data\raw\primary\meningioma\meningioma_Tr-me_183.jpg
meningioma,F:\brain tumor detection\data\raw\primary\meningioma\meningioma_Tr-me_184.jpg
meningioma,F:\brain tumor detection\data\raw\primary\meningioma\meningioma_Tr-me_185.jpg
meningioma,F:\brain tumor detection\data\raw\primary\meningioma\meningioma_Tr-me_186.jpg
meningioma,F:\brain tumor detection\data\raw\primary\meningioma\meningioma_Tr-me_187.jpg
meningioma,F:\brain tumor detection\data\raw\primary\meningioma\meningioma_Tr-me_188.jpg
meningioma,F:\brain tumor detection\data\raw\primary\meningioma\meningioma_Tr-me_189.jpg
meningioma,F:\brain tumor detection\data\raw\primary\meningioma\meningioma_Tr-me_19.jpg
meningioma,F:\brain tumor detection\data\raw\primary\meningioma\meningioma_Tr-me_190.jpg
meningioma,F:\brain tumor detection\data\raw\primary\meningioma\meningioma_Tr-me_191.jpg
meningioma,F:\brain tumor detection\data\raw\primary\meningioma\meningioma_Tr-me_192.jpg
meningioma,F:\brain tumor detection\data\raw\primary\meningioma\meningioma_Tr-me_193.jpg
meningioma,F:\brain tumor detection\data\raw\primary\meningioma\meningioma_Tr-me_194.jpg
meningioma,F:\brain tumor detection\data\raw\primary\meningioma\meningioma_Tr-me_195.jpg
meningioma,F:\brain tumor detection\data\raw\primary\meningioma\meningioma_Tr-me_196.jpg
meningioma,F:\brain tumor detection\data\raw\primary\meningioma\meningioma_Tr-me_197.jpg
meningioma,F:\brain tumor detection\data\raw\primary\meningioma\meningioma_Tr-me_198.jpg
meningioma,F:\brain tumor detection\data\raw\primary\meningioma\meningioma_Tr-me_199.jpg
meningioma,F:\brain tumor detection\data\raw\primary\meningioma\meningioma_Tr-me_2.jpg
meningioma,F:\brain tumor detection\data\raw\primary\meningioma\meningioma_Tr-me_20.jpg
meningioma,F:\brain tumor detection\data\raw\primary\meningioma\meningioma_Tr-me_200.jpg
meningioma,F:\brain tumor detection\data\raw\primary\meningioma\meningioma_Tr-me_201.jpg
meningioma,F:\brain tumor detection\data\raw\primary\meningioma\meningioma_Tr-me_202.jpg
meningioma,F:\brain tumor detection\data\raw\primary\meningioma\meningioma_Tr-me_203.jpg
meningioma,F:\brain tumor detection\data\raw\primary\meningioma\meningioma_Tr-me_204.jpg
meningioma,F:\brain tumor detection\data\raw\primary\meningioma\meningioma_Tr-me_205.jpg
meningioma,F:\brain tumor detection\data\raw\primary\meningioma\meningioma_Tr-me_206.jpg
meningioma,F:\brain tumor detection\data\raw\primary\meningioma\meningioma_Tr-me_207.jpg
meningioma,F:\brain tumor detection\data\raw\primary\meningioma\meningioma_Tr-me_208.jpg
meningioma,F:\brain tumor detection\data\raw\primary\meningioma\meningioma_Tr-me_209.jpg
meningioma,F:\brain tumor detection\data\raw\primary\meningioma\meningioma_Tr-me_21.jpg
meningioma,F:\brain tumor detection\data\raw\primary\meningioma\meningioma_Tr-me_210.jpg
meningioma,F:\brain tumor detection\data\raw\primary\meningioma\meningioma_Tr-me_211.jpg
meningioma,F:\brain tumor detection\data\raw\primary\meningioma\meningioma_Tr-me_212.jpg
meningioma,F:\brain tumor detection\data\raw\primary\meningioma\meningioma_Tr-me_213.jpg
meningioma,F:\brain tumor detection\data\raw\primary\meningioma\meningioma_Tr-me_214.jpg
meningioma,F:\brain tumor detection\data\raw\primary\meningioma\meningioma_Tr-me_215.jpg
meningioma,F:\brain tumor detection\data\raw\primary\meningioma\meningioma_Tr-me_216.jpg
meningioma,F:\brain tumor detection\data\raw\primary\meningioma\meningioma_Tr-me_217.jpg
meningioma,F:\brain tumor detection\data\raw\primary\meningioma\meningioma_Tr-me_218.jpg
meningioma,F:\brain tumor detection\data\raw\primary\meningioma\meningioma_Tr-me_219.jpg
meningioma,F:\brain tumor detection\data\raw\primary\meningioma\meningioma_Tr-me_22.jpg
meningioma,F:\brain tumor detection\data\raw\primary\meningioma\meningioma_Tr-me_220.jpg
meningioma,F:\brain tumor detection\data\raw\primary\meningioma\meningioma_Tr-me_221.jpg
meningioma,F:\brain tumor detection\data\raw\primary\meningioma\meningioma_Tr-me_222.jpg
meningioma,F:\brain tumor detection\data\raw\primary\meningioma\meningioma_Tr-me_223.jpg
meningioma,F:\brain tumor detection\data\raw\primary\meningioma\meningioma_Tr-me_224.jpg
meningioma,F:\brain tumor detection\data\raw\primary\meningioma\meningioma_Tr-me_225.jpg
meningioma,F:\brain tumor detection\data\raw\primary\meningioma\meningioma_Tr-me_226.jpg
meningioma,F:\brain tumor detection\data\raw\primary\meningioma\meningioma_Tr-me_227.jpg
meningioma,F:\brain tumor detection\data\raw\primary\meningioma\meningioma_Tr-me_228.jpg
meningioma,F:\brain tumor detection\data\raw\primary\meningioma\meningioma_Tr-me_229.jpg
meningioma,F:\brain tumor detection\data\raw\primary\meningioma\meningioma_Tr-me_23.jpg
meningioma,F:\brain tumor detection\data\raw\primary\meningioma\meningioma_Tr-me_230.jpg
meningioma,F:\brain tumor detection\data\raw\primary\meningioma\meningioma_Tr-me_231.jpg
meningioma,F:\brain tumor detection\data\raw\primary\meningioma\meningioma_Tr-me_232.jpg
meningioma,F:\brain tumor detection\data\raw\primary\meningioma\meningioma_Tr-me_233.jpg
meningioma,F:\brain tumor detection\data\raw\primary\meningioma\meningioma_Tr-me_234.jpg
meningioma,F:\brain tumor detection\data\raw\primary\meningioma\meningioma_Tr-me_235.jpg
meningioma,F:\brain tumor detection\data\raw\primary\meningioma\meningioma_Tr-me_236.jpg
meningioma,F:\brain tumor detection\data\raw\primary\meningioma\meningioma_Tr-me_237.jpg
meningioma,F:\brain tumor detection\data\raw\primary\meningioma\meningioma_Tr-me_238.jpg
meningioma,F:\brain tumor detection\data\raw\primary\meningioma\meningioma_Tr-me_239.jpg
meningioma,F:\brain tumor detection\data\raw\primary\meningioma\meningioma_Tr-me_24.jpg
meningioma,F:\brain tumor detection\data\raw\primary\meningioma\meningioma_Tr-me_240.jpg
meningioma,F:\brain tumor detection\data\raw\primary\meningioma\meningioma_Tr-me_241.jpg
meningioma,F:\brain tumor detection\data\raw\primary\meningioma\meningioma_Tr-me_242.jpg
meningioma,F:\brain tumor detection\data\raw\primary\meningioma\meningioma_Tr-me_243.jpg
meningioma,F:\brain tumor detection\data\raw\primary\meningioma\meningioma_Tr-me_244.jpg
meningioma,F:\brain tumor detection\data\raw\primary\meningioma\meningioma_Tr-me_245.jpg
meningioma,F:\brain tumor detection\data\raw\primary\meningioma\meningioma_Tr-me_246.jpg
meningioma,F:\brain tumor detection\data\raw\primary\meningioma\meningioma_Tr-me_247.jpg
meningioma,F:\brain tumor detection\data\raw\primary\meningioma\meningioma_Tr-me_248.jpg
meningioma,F:\brain tumor detection\data\raw\primary\meningioma\meningioma_Tr-me_249.jpg
meningioma,F:\brain tumor detection\data\raw\primary\meningioma\meningioma_Tr-me_25.jpg
meningioma,F:\brain tumor detection\data\raw\primary\meningioma\meningioma_Tr-me_250.jpg
meningioma,F:\brain tumor detection\data\raw\primary\meningioma\meningioma_Tr-me_251.jpg
meningioma,F:\brain tumor detection\data\raw\primary\meningioma\meningioma_Tr-me_252.jpg
meningioma,F:\brain tumor detection\data\raw\primary\meningioma\meningioma_Tr-me_253.jpg
meningioma,F:\brain tumor detection\data\raw\primary\meningioma\meningioma_Tr-me_254.jpg
meningioma,F:\brain tumor detection\data\raw\primary\meningioma\meningioma_Tr-me_255.jpg
meningioma,F:\brain tumor detection\data\raw\primary\meningioma\meningioma_Tr-me_256.jpg
meningioma,F:\brain tumor detection\data\raw\primary\meningioma\meningioma_Tr-me_257.jpg
meningioma,F:\brain tumor detection\data\raw\primary\meningioma\meningioma_Tr-me_258.jpg
meningioma,F:\brain tumor detection\data\raw\primary\meningioma\meningioma_Tr-me_259.jpg
meningioma,F:\brain tumor detection\data\raw\primary\meningioma\meningioma_Tr-me_26.jpg
meningioma,F:\brain tumor detection\data\raw\primary\meningioma\meningioma_Tr-me_260.jpg
meningioma,F:\brain tumor detection\data\raw\primary\meningioma\meningioma_Tr-me_261.jpg
meningioma,F:\brain tumor detection\data\raw\primary\meningioma\meningioma_Tr-me_262.jpg
meningioma,F:\brain tumor detection\data\raw\primary\meningioma\meningioma_Tr-me_263.jpg
meningioma,F:\brain tumor detection\data\raw\primary\meningioma\meningioma_Tr-me_264.jpg
meningioma,F:\brain tumor detection\data\raw\primary\meningioma\meningioma_Tr-me_265.jpg
meningioma,F:\brain tumor detection\data\raw\primary\meningioma\meningioma_Tr-me_266.jpg
meningioma,F:\brain tumor detection\data\raw\primary\meningioma\meningioma_Tr-me_267.jpg
meningioma,F:\brain tumor detection\data\raw\primary\meningioma\meningioma_Tr-me_268.jpg
meningioma,F:\brain tumor detection\data\raw\primary\meningioma\meningioma_Tr-me_269.jpg
meningioma,F:\brain tumor detection\data\raw\primary\meningioma\meningioma_Tr-me_27.jpg
meningioma,F:\brain tumor detection\data\raw\primary\meningioma\meningioma_Tr-me_270.jpg
meningioma,F:\brain tumor detection\data\raw\primary\meningioma\meningioma_Tr-me_271.jpg
meningioma,F:\brain tumor detection\data\raw\primary\meningioma\meningioma_Tr-me_272.jpg
meningioma,F:\brain tumor detection\data\raw\primary\meningioma\meningioma_Tr-me_273.jpg
meningioma,F:\brain tumor detection\data\raw\primary\meningioma\meningioma_Tr-me_274.jpg
meningioma,F:\brain tumor detection\data\raw\primary\meningioma\meningioma_Tr-me_275.jpg
meningioma,F:\brain tumor detection\data\raw\primary\meningioma\meningioma_Tr-me_276.jpg
meningioma,F:\brain tumor detection\data\raw\primary\meningioma\meningioma_Tr-me_277.jpg
meningioma,F:\brain tumor detection\data\raw\primary\meningioma\meningioma_Tr-me_278.jpg
meningioma,F:\brain tumor detection\data\raw\primary\meningioma\meningioma_Tr-me_279.jpg
meningioma,F:\brain tumor detection\data\raw\primary\meningioma\meningioma_Tr-me_28.jpg
meningioma,F:\brain tumor detection\data\raw\primary\meningioma\meningioma_Tr-me_280.jpg
meningioma,F:\brain tumor detection\data\raw\primary\meningioma\meningioma_Tr-me_281.jpg
meningioma,F:\brain tumor detection\data\raw\primary\meningioma\meningioma_Tr-me_282.jpg
meningioma,F:\brain tumor detection\data\raw\primary\meningioma\meningioma_Tr-me_283.jpg
meningioma,F:\brain tumor detection\data\raw\primary\meningioma\meningioma_Tr-me_284.jpg
meningioma,F:\brain tumor detection\data\raw\primary\meningioma\meningioma_Tr-me_285.jpg
meningioma,F:\brain tumor detection\data\raw\primary\meningioma\meningioma_Tr-me_286.jpg
meningioma,F:\brain tumor detection\data\raw\primary\meningioma\meningioma_Tr-me_287.jpg
meningioma,F:\brain tumor detection\data\raw\primary\meningioma\meningioma_Tr-me_288.jpg
meningioma,F:\brain tumor detection\data\raw\primary\meningioma\meningioma_Tr-me_289.jpg
meningioma,F:\brain tumor detection\data\raw\primary\meningioma\meningioma_Tr-me_29.jpg
meningioma,F:\brain tumor detection\data\raw\primary\meningioma\meningioma_Tr-me_290.jpg
meningioma,F:\brain tumor detection\data\raw\primary\meningioma\meningioma_Tr-me_291.jpg
meningioma,F:\brain tumor detection\data\raw\primary\meningioma\meningioma_Tr-me_292.jpg
meningioma,F:\brain tumor detection\data\raw\primary\meningioma\meningioma_Tr-me_293.jpg
meningioma,F:\brain tumor detection\data\raw\primary\meningioma\meningioma_Tr-me_294.jpg
meningioma,F:\brain tumor detection\data\raw\primary\meningioma\meningioma_Tr-me_295.jpg
meningioma,F:\brain tumor detection\data\raw\primary\meningioma\meningioma_Tr-me_296.jpg
meningioma,F:\brain tumor detection\data\raw\primary\meningioma\meningioma_Tr-me_297.jpg
meningioma,F:\brain tumor detection\data\raw\primary\meningioma\meningioma_Tr-me_298.jpg
meningioma,F:\brain tumor detection\data\raw\primary\meningioma\meningioma_Tr-me_299.jpg
meningioma,F:\brain tumor detection\data\raw\primary\meningioma\meningioma_Tr-me_3.jpg
meningioma,F:\brain tumor detection\data\raw\primary\meningioma\meningioma_Tr-me_30.jpg
meningioma,F:\brain tumor detection\data\raw\primary\meningioma\meningioma_Tr-me_300.jpg
meningioma,F:\brain tumor detection\data\raw\primary\meningioma\meningioma_Tr-me_301.jpg
meningioma,F:\brain tumor detection\data\raw\primary\meningioma\meningioma_Tr-me_302.jpg
meningioma,F:\brain tumor detection\data\raw\primary\meningioma\meningioma_Tr-me_303.jpg
meningioma,F:\brain tumor detection\data\raw\primary\meningioma\meningioma_Tr-me_304.jpg
meningioma,F:\brain tumor detection\data\raw\primary\meningioma\meningioma_Tr-me_305.jpg
meningioma,F:\brain tumor detection\data\raw\primary\meningioma\meningioma_Tr-me_306.jpg
meningioma,F:\brain tumor detection\data\raw\primary\meningioma\meningioma_Tr-me_307.jpg
meningioma,F:\brain tumor detection\data\raw\primary\meningioma\meningioma_Tr-me_308.jpg
meningioma,F:\brain tumor detection\data\raw\primary\meningioma\meningioma_Tr-me_309.jpg
meningioma,F:\brain tumor detection\data\raw\primary\meningioma\meningioma_Tr-me_31.jpg
meningioma,F:\brain tumor detection\data\raw\primary\meningioma\meningioma_Tr-me_310.jpg
meningioma,F:\brain tumor detection\data\raw\primary\meningioma\meningioma_Tr-me_311.jpg
meningioma,F:\brain tumor detection\data\raw\primary\meningioma\meningioma_Tr-me_312.jpg
meningioma,F:\brain tumor detection\data\raw\primary\meningioma\meningioma_Tr-me_313.jpg
meningioma,F:\brain tumor detection\data\raw\primary\meningioma\meningioma_Tr-me_314.jpg
meningioma,F:\brain tumor detection\data\raw\primary\meningioma\meningioma_Tr-me_315.jpg
meningioma,F:\brain tumor detection\data\raw\primary\meningioma\meningioma_Tr-me_316.jpg
meningioma,F:\brain tumor detection\data\raw\primary\meningioma\meningioma_Tr-me_317.jpg
meningioma,F:\brain tumor detection\data\raw\primary\meningioma\meningioma_Tr-me_318.jpg
meningioma,F:\brain tumor detection\data\raw\primary\meningioma\meningioma_Tr-me_319.jpg
meningioma,F:\brain tumor detection\data\raw\primary\meningioma\meningioma_Tr-me_32.jpg
meningioma,F:\brain tumor detection\data\raw\primary\meningioma\meningioma_Tr-me_320.jpg
meningioma,F:\brain tumor detection\data\raw\primary\meningioma\meningioma_Tr-me_321.jpg
meningioma,F:\brain tumor detection\data\raw\primary\meningioma\meningioma_Tr-me_322.jpg
meningioma,F:\brain tumor detection\data\raw\primary\meningioma\meningioma_Tr-me_323.jpg
meningioma,F:\brain tumor detection\data\raw\primary\meningioma\meningioma_Tr-me_324.jpg
meningioma,F:\brain tumor detection\data\raw\primary\meningioma\meningioma_Tr-me_325.jpg
meningioma,F:\brain tumor detection\data\raw\primary\meningioma\meningioma_Tr-me_326.jpg
meningioma,F:\brain tumor detection\data\raw\primary\meningioma\meningioma_Tr-me_327.jpg
meningioma,F:\brain tumor detection\data\raw\primary\meningioma\meningioma_Tr-me_328.jpg
meningioma,F:\brain tumor detection\data\raw\primary\meningioma\meningioma_Tr-me_329.jpg
meningioma,F:\brain tumor detection\data\raw\primary\meningioma\meningioma_Tr-me_33.jpg
meningioma,F:\brain tumor detection\data\raw\primary\meningioma\meningioma_Tr-me_330.jpg
meningioma,F:\brain tumor detection\data\raw\primary\meningioma\meningioma_Tr-me_331.jpg
meningioma,F:\brain tumor detection\data\raw\primary\meningioma\meningioma_Tr-me_332.jpg
meningioma,F:\brain tumor detection\data\raw\primary\meningioma\meningioma_Tr-me_333.jpg
meningioma,F:\brain tumor detection\data\raw\primary\meningioma\meningioma_Tr-me_334.jpg
meningioma,F:\brain tumor detection\data\raw\primary\meningioma\meningioma_Tr-me_335.jpg
meningioma,F:\brain tumor detection\data\raw\primary\meningioma\meningioma_Tr-me_336.jpg
meningioma,F:\brain tumor detection\data\raw\primary\meningioma\meningioma_Tr-me_337.jpg
meningioma,F:\brain tumor detection\data\raw\primary\meningioma\meningioma_Tr-me_338.jpg
meningioma,F:\brain tumor detection\data\raw\primary\meningioma\meningioma_Tr-me_339.jpg
meningioma,F:\brain tumor detection\data\raw\primary\meningioma\meningioma_Tr-me_34.jpg
meningioma,F:\brain tumor detection\data\raw\primary\meningioma\meningioma_Tr-me_340.jpg
meningioma,F:\brain tumor detection\data\raw\primary\meningioma\meningioma_Tr-me_341.jpg
meningioma,F:\brain tumor detection\data\raw\primary\meningioma\meningioma_Tr-me_342.jpg
meningioma,F:\brain tumor detection\data\raw\primary\meningioma\meningioma_Tr-me_343.jpg
meningioma,F:\brain tumor detection\data\raw\primary\meningioma\meningioma_Tr-me_344.jpg
meningioma,F:\brain tumor detection\data\raw\primary\meningioma\meningioma_Tr-me_345.jpg
meningioma,F:\brain tumor detection\data\raw\primary\meningioma\meningioma_Tr-me_346.jpg
meningioma,F:\brain tumor detection\data\raw\primary\meningioma\meningioma_Tr-me_347.jpg
meningioma,F:\brain tumor detection\data\raw\primary\meningioma\meningioma_Tr-me_348.jpg
meningioma,F:\brain tumor detection\data\raw\primary\meningioma\meningioma_Tr-me_349.jpg
meningioma,F:\brain tumor detection\data\raw\primary\meningioma\meningioma_Tr-me_35.jpg
meningioma,F:\brain tumor detection\data\raw\primary\meningioma\meningioma_Tr-me_350.jpg
meningioma,F:\brain tumor detection\data\raw\primary\meningioma\meningioma_Tr-me_351.jpg
meningioma,F:\brain tumor detection\data\raw\primary\meningioma\meningioma_Tr-me_352.jpg
meningioma,F:\brain tumor detection\data\raw\primary\meningioma\meningioma_Tr-me_353.jpg
meningioma,F:\brain tumor detection\data\raw\primary\meningioma\meningioma_Tr-me_354.jpg
meningioma,F:\brain tumor detection\data\raw\primary\meningioma\meningioma_Tr-me_355.jpg
meningioma,F:\brain tumor detection\data\raw\primary\meningioma\meningioma_Tr-me_356.jpg
meningioma,F:\brain tumor detection\data\raw\primary\meningioma\meningioma_Tr-me_357.jpg
meningioma,F:\brain tumor detection\data\raw\primary\meningioma\meningioma_Tr-me_358.jpg
meningioma,F:\brain tumor detection\data\raw\primary\meningioma\meningioma_Tr-me_359.jpg
meningioma,F:\brain tumor detection\data\raw\primary\meningioma\meningioma_Tr-me_36.jpg
meningioma,F:\brain tumor detection\data\raw\primary\meningioma\meningioma_Tr-me_360.jpg
meningioma,F:\brain tumor detection\data\raw\primary\meningioma\meningioma_Tr-me_361.jpg
meningioma,F:\brain tumor detection\data\raw\primary\meningioma\meningioma_Tr-me_362.jpg
meningioma,F:\brain tumor detection\data\raw\primary\meningioma\meningioma_Tr-me_363.jpg
meningioma,F:\brain tumor detection\data\raw\primary\meningioma\meningioma_Tr-me_364.jpg
meningioma,F:\brain tumor detection\data\raw\primary\meningioma\meningioma_Tr-me_365.jpg
meningioma,F:\brain tumor detection\data\raw\primary\meningioma\meningioma_Tr-me_366.jpg
meningioma,F:\brain tumor detection\data\raw\primary\meningioma\meningioma_Tr-me_367.jpg
meningioma,F:\brain tumor detection\data\raw\primary\meningioma\meningioma_Tr-me_368.jpg
meningioma,F:\brain tumor detection\data\raw\primary\meningioma\meningioma_Tr-me_369.jpg
meningioma,F:\brain tumor detection\data\raw\primary\meningioma\meningioma_Tr-me_37.jpg
meningioma,F:\brain tumor detection\data\raw\primary\meningioma\meningioma_Tr-me_370.jpg
meningioma,F:\brain tumor detection\data\raw\primary\meningioma\meningioma_Tr-me_371.jpg
meningioma,F:\brain tumor detection\data\raw\primary\meningioma\meningioma_Tr-me_372.jpg
meningioma,F:\brain tumor detection\data\raw\primary\meningioma\meningioma_Tr-me_373.jpg
meningioma,F:\brain tumor detection\data\raw\primary\meningioma\meningioma_Tr-me_374.jpg
meningioma,F:\brain tumor detection\data\raw\primary\meningioma\meningioma_Tr-me_375.jpg
meningioma,F:\brain tumor detection\data\raw\primary\meningioma\meningioma_Tr-me_376.jpg
meningioma,F:\brain tumor detection\data\raw\primary\meningioma\meningioma_Tr-me_377.jpg
meningioma,F:\brain tumor detection\data\raw\primary\meningioma\meningioma_Tr-me_378.jpg
meningioma,F:\brain tumor detection\data\raw\primary\meningioma\meningioma_Tr-me_379.jpg
meningioma,F:\brain tumor detection\data\raw\primary\meningioma\meningioma_Tr-me_38.jpg
meningioma,F:\brain tumor detection\data\raw\primary\meningioma\meningioma_Tr-me_380.jpg
meningioma,F:\brain tumor detection\data\raw\primary\meningioma\meningioma_Tr-me_381.jpg
meningioma,F:\brain tumor detection\data\raw\primary\meningioma\meningioma_Tr-me_382.jpg
meningioma,F:\brain tumor detection\data\raw\primary\meningioma\meningioma_Tr-me_383.jpg
meningioma,F:\brain tumor detection\data\raw\primary\meningioma\meningioma_Tr-me_384.jpg
meningioma,F:\brain tumor detection\data\raw\primary\meningioma\meningioma_Tr-me_385.jpg
meningioma,F:\brain tumor detection\data\raw\primary\meningioma\meningioma_Tr-me_386.jpg
meningioma,F:\brain tumor detection\data\raw\primary\meningioma\meningioma_Tr-me_387.jpg
meningioma,F:\brain tumor detection\data\raw\primary\meningioma\meningioma_Tr-me_388.jpg
meningioma,F:\brain tumor detection\data\raw\primary\meningioma\meningioma_Tr-me_389.jpg
meningioma,F:\brain tumor detection\data\raw\primary\meningioma\meningioma_Tr-me_39.jpg
meningioma,F:\brain tumor detection\data\raw\primary\meningioma\meningioma_Tr-me_390.jpg
meningioma,F:\brain tumor detection\data\raw\primary\meningioma\meningioma_Tr-me_391.jpg
meningioma,F:\brain tumor detection\data\raw\primary\meningioma\meningioma_Tr-me_392.jpg
meningioma,F:\brain tumor detection\data\raw\primary\meningioma\meningioma_Tr-me_393.jpg
meningioma,F:\brain tumor detection\data\raw\primary\meningioma\meningioma_Tr-me_394.jpg
meningioma,F:\brain tumor detection\data\raw\primary\meningioma\meningioma_Tr-me_395.jpg
meningioma,F:\brain tumor detection\data\raw\primary\meningioma\meningioma_Tr-me_396.jpg
meningioma,F:\brain tumor detection\data\raw\primary\meningioma\meningioma_Tr-me_397.jpg
meningioma,F:\brain tumor detection\data\raw\primary\meningioma\meningioma_Tr-me_398.jpg
meningioma,F:\brain tumor detection\data\raw\primary\meningioma\meningioma_Tr-me_399.jpg
meningioma,F:\brain tumor detection\data\raw\primary\meningioma\meningioma_Tr-me_4.jpg
meningioma,F:\brain tumor detection\data\raw\primary\meningioma\meningioma_Tr-me_40.jpg
meningioma,F:\brain tumor detection\data\raw\primary\meningioma\meningioma_Tr-me_400.jpg
meningioma,F:\brain tumor detection\data\raw\primary\meningioma\meningioma_Tr-me_401.jpg
meningioma,F:\brain tumor detection\data\raw\primary\meningioma\meningioma_Tr-me_402.jpg
meningioma,F:\brain tumor detection\data\raw\primary\meningioma\meningioma_Tr-me_403.jpg
meningioma,F:\brain tumor detection\data\raw\primary\meningioma\meningioma_Tr-me_404.jpg
meningioma,F:\brain tumor detection\data\raw\primary\meningioma\meningioma_Tr-me_405.jpg
meningioma,F:\brain tumor detection\data\raw\primary\meningioma\meningioma_Tr-me_406.jpg
meningioma,F:\brain tumor detection\data\raw\primary\meningioma\meningioma_Tr-me_407.jpg
meningioma,F:\brain tumor detection\data\raw\primary\meningioma\meningioma_Tr-me_408.jpg
meningioma,F:\brain tumor detection\data\raw\primary\meningioma\meningioma_Tr-me_409.jpg
meningioma,F:\brain tumor detection\data\raw\primary\meningioma\meningioma_Tr-me_41.jpg
meningioma,F:\brain tumor detection\data\raw\primary\meningioma\meningioma_Tr-me_410.jpg
meningioma,F:\brain tumor detection\data\raw\primary\meningioma\meningioma_Tr-me_411.jpg
meningioma,F:\brain tumor detection\data\raw\primary\meningioma\meningioma_Tr-me_412.jpg
meningioma,F:\brain tumor detection\data\raw\primary\meningioma\meningioma_Tr-me_413.jpg
meningioma,F:\brain tumor detection\data\raw\primary\meningioma\meningioma_Tr-me_414.jpg
meningioma,F:\brain tumor detection\data\raw\primary\meningioma\meningioma_Tr-me_415.jpg
meningioma,F:\brain tumor detection\data\raw\primary\meningioma\meningioma_Tr-me_416.jpg
meningioma,F:\brain tumor detection\data\raw\primary\meningioma\meningioma_Tr-me_417.jpg
meningioma,F:\brain tumor detection\data\raw\primary\meningioma\meningioma_Tr-me_418.jpg
meningioma,F:\brain tumor detection\data\raw\primary\meningioma\meningioma_Tr-me_419.jpg
meningioma,F:\brain tumor detection\data\raw\primary\meningioma\meningioma_Tr-me_42.jpg
meningioma,F:\brain tumor detection\data\raw\primary\meningioma\meningioma_Tr-me_420.jpg
meningioma,F:\brain tumor detection\data\raw\primary\meningioma\meningioma_Tr-me_421.jpg
meningioma,F:\brain tumor detection\data\raw\primary\meningioma\meningioma_Tr-me_422.jpg
meningioma,F:\brain tumor detection\data\raw\primary\meningioma\meningioma_Tr-me_423.jpg
meningioma,F:\brain tumor detection\data\raw\primary\meningioma\meningioma_Tr-me_424.jpg
meningioma,F:\brain tumor detection\data\raw\primary\meningioma\meningioma_Tr-me_425.jpg
meningioma,F:\brain tumor detection\data\raw\primary\meningioma\meningioma_Tr-me_426.jpg
meningioma,F:\brain tumor detection\data\raw\primary\meningioma\meningioma_Tr-me_427.jpg
meningioma,F:\brain tumor detection\data\raw\primary\meningioma\meningioma_Tr-me_428.jpg
meningioma,F:\brain tumor detection\data\raw\primary\meningioma\meningioma_Tr-me_429.jpg
meningioma,F:\brain tumor detection\data\raw\primary\meningioma\meningioma_Tr-me_43.jpg
meningioma,F:\brain tumor detection\data\raw\primary\meningioma\meningioma_Tr-me_430.jpg
meningioma,F:\brain tumor detection\data\raw\primary\meningioma\meningioma_Tr-me_431.jpg
meningioma,F:\brain tumor detection\data\raw\primary\meningioma\meningioma_Tr-me_432.jpg
meningioma,F:\brain tumor detection\data\raw\primary\meningioma\meningioma_Tr-me_433.jpg
meningioma,F:\brain tumor detection\data\raw\primary\meningioma\meningioma_Tr-me_434.jpg
meningioma,F:\brain tumor detection\data\raw\primary\meningioma\meningioma_Tr-me_435.jpg
meningioma,F:\brain tumor detection\data\raw\primary\meningioma\meningioma_Tr-me_436.jpg
meningioma,F:\brain tumor detection\data\raw\primary\meningioma\meningioma_Tr-me_437.jpg
meningioma,F:\brain tumor detection\data\raw\primary\meningioma\meningioma_Tr-me_438.jpg
meningioma,F:\brain tumor detection\data\raw\primary\meningioma\meningioma_Tr-me_439.jpg
meningioma,F:\brain tumor detection\data\raw\primary\meningioma\meningioma_Tr-me_44.jpg
meningioma,F:\brain tumor detection\data\raw\primary\meningioma\meningioma_Tr-me_440.jpg
meningioma,F:\brain tumor detection\data\raw\primary\meningioma\meningioma_Tr-me_441.jpg
meningioma,F:\brain tumor detection\data\raw\primary\meningioma\meningioma_Tr-me_442.jpg
meningioma,F:\brain tumor detection\data\raw\primary\meningioma\meningioma_Tr-me_443.jpg
meningioma,F:\brain tumor detection\data\raw\primary\meningioma\meningioma_Tr-me_444.jpg
meningioma,F:\brain tumor detection\data\raw\primary\meningioma\meningioma_Tr-me_445.jpg
meningioma,F:\brain tumor detection\data\raw\primary\meningioma\meningioma_Tr-me_446.jpg
meningioma,F:\brain tumor detection\data\raw\primary\meningioma\meningioma_Tr-me_447.jpg
meningioma,F:\brain tumor detection\data\raw\primary\meningioma\meningioma_Tr-me_448.jpg
meningioma,F:\brain tumor detection\data\raw\primary\meningioma\meningioma_Tr-me_449.jpg
meningioma,F:\brain tumor detection\data\raw\primary\meningioma\meningioma_Tr-me_45.jpg
meningioma,F:\brain tumor detection\data\raw\primary\meningioma\meningioma_Tr-me_450.jpg
meningioma,F:\brain tumor detection\data\raw\primary\meningioma\meningioma_Tr-me_451.jpg
meningioma,F:\brain tumor detection\data\raw\primary\meningioma\meningioma_Tr-me_452.jpg
meningioma,F:\brain tumor detection\data\raw\primary\meningioma\meningioma_Tr-me_453.jpg
meningioma,F:\brain tumor detection\data\raw\primary\meningioma\meningioma_Tr-me_454.jpg
meningioma,F:\brain tumor detection\data\raw\primary\meningioma\meningioma_Tr-me_455.jpg
meningioma,F:\brain tumor detection\data\raw\primary\meningioma\meningioma_Tr-me_456.jpg
meningioma,F:\brain tumor detection\data\raw\primary\meningioma\meningioma_Tr-me_457.jpg
meningioma,F:\brain tumor detection\data\raw\primary\meningioma\meningioma_Tr-me_458.jpg
meningioma,F:\brain tumor detection\data\raw\primary\meningioma\meningioma_Tr-me_459.jpg
meningioma,F:\brain tumor detection\data\raw\primary\meningioma\meningioma_Tr-me_46.jpg
meningioma,F:\brain tumor detection\data\raw\primary\meningioma\meningioma_Tr-me_460.jpg
meningioma,F:\brain tumor detection\data\raw\primary\meningioma\meningioma_Tr-me_461.jpg
meningioma,F:\brain tumor detection\data\raw\primary\meningioma\meningioma_Tr-me_462.jpg
meningioma,F:\brain tumor detection\data\raw\primary\meningioma\meningioma_Tr-me_463.jpg
meningioma,F:\brain tumor detection\data\raw\primary\meningioma\meningioma_Tr-me_464.jpg
meningioma,F:\brain tumor detection\data\raw\primary\meningioma\meningioma_Tr-me_465.jpg
meningioma,F:\brain tumor detection\data\raw\primary\meningioma\meningioma_Tr-me_466.jpg
meningioma,F:\brain tumor detection\data\raw\primary\meningioma\meningioma_Tr-me_467.jpg
meningioma,F:\brain tumor detection\data\raw\primary\meningioma\meningioma_Tr-me_468.jpg
meningioma,F:\brain tumor detection\data\raw\primary\meningioma\meningioma_Tr-me_469.jpg
meningioma,F:\brain tumor detection\data\raw\primary\meningioma\meningioma_Tr-me_47.jpg
meningioma,F:\brain tumor detection\data\raw\primary\meningioma\meningioma_Tr-me_470.jpg
meningioma,F:\brain tumor detection\data\raw\primary\meningioma\meningioma_Tr-me_471.jpg
meningioma,F:\brain tumor detection\data\raw\primary\meningioma\meningioma_Tr-me_472.jpg
meningioma,F:\brain tumor detection\data\raw\primary\meningioma\meningioma_Tr-me_473.jpg
meningioma,F:\brain tumor detection\data\raw\primary\meningioma\meningioma_Tr-me_474.jpg
meningioma,F:\brain tumor detection\data\raw\primary\meningioma\meningioma_Tr-me_475.jpg
meningioma,F:\brain tumor detection\data\raw\primary\meningioma\meningioma_Tr-me_476.jpg
meningioma,F:\brain tumor detection\data\raw\primary\meningioma\meningioma_Tr-me_477.jpg
meningioma,F:\brain tumor detection\data\raw\primary\meningioma\meningioma_Tr-me_478.jpg
meningioma,F:\brain tumor detection\data\raw\primary\meningioma\meningioma_Tr-me_479.jpg
meningioma,F:\brain tumor detection\data\raw\primary\meningioma\meningioma_Tr-me_48.jpg
meningioma,F:\brain tumor detection\data\raw\primary\meningioma\meningioma_Tr-me_480.jpg
meningioma,F:\brain tumor detection\data\raw\primary\meningioma\meningioma_Tr-me_481.jpg
meningioma,F:\brain tumor detection\data\raw\primary\meningioma\meningioma_Tr-me_482.jpg
meningioma,F:\brain tumor detection\data\raw\primary\meningioma\meningioma_Tr-me_483.jpg
meningioma,F:\brain tumor detection\data\raw\primary\meningioma\meningioma_Tr-me_484.jpg
meningioma,F:\brain tumor detection\data\raw\primary\meningioma\meningioma_Tr-me_485.jpg
meningioma,F:\brain tumor detection\data\raw\primary\meningioma\meningioma_Tr-me_486.jpg
meningioma,F:\brain tumor detection\data\raw\primary\meningioma\meningioma_Tr-me_487.jpg
meningioma,F:\brain tumor detection\data\raw\primary\meningioma\meningioma_Tr-me_488.jpg
meningioma,F:\brain tumor detection\data\raw\primary\meningioma\meningioma_Tr-me_489.jpg
meningioma,F:\brain tumor detection\data\raw\primary\meningioma\meningioma_Tr-me_49.jpg
meningioma,F:\brain tumor detection\data\raw\primary\meningioma\meningioma_Tr-me_490.jpg
meningioma,F:\brain tumor detection\data\raw\primary\meningioma\meningioma_Tr-me_491.jpg
meningioma,F:\brain tumor detection\data\raw\primary\meningioma\meningioma_Tr-me_492.jpg
meningioma,F:\brain tumor detection\data\raw\primary\meningioma\meningioma_Tr-me_493.jpg
meningioma,F:\brain tumor detection\data\raw\primary\meningioma\meningioma_Tr-me_494.jpg
meningioma,F:\brain tumor detection\data\raw\primary\meningioma\meningioma_Tr-me_495.jpg
meningioma,F:\brain tumor detection\data\raw\primary\meningioma\meningioma_Tr-me_496.jpg
meningioma,F:\brain tumor detection\data\raw\primary\meningioma\meningioma_Tr-me_497.jpg
meningioma,F:\brain tumor detection\data\raw\primary\meningioma\meningioma_Tr-me_498.jpg
meningioma,F:\brain tumor detection\data\raw\primary\meningioma\meningioma_Tr-me_499.jpg
meningioma,F:\brain tumor detection\data\raw\primary\meningioma\meningioma_Tr-me_5.jpg
meningioma,F:\brain tumor detection\data\raw\primary\meningioma\meningioma_Tr-me_50.jpg
meningioma,F:\brain tumor detection\data\raw\primary\meningioma\meningioma_Tr-me_500.jpg
meningioma,F:\brain tumor detection\data\raw\primary\meningioma\meningioma_Tr-me_501.jpg
meningioma,F:\brain tumor detection\data\raw\primary\meningioma\meningioma_Tr-me_502.jpg
meningioma,F:\brain tumor detection\data\raw\primary\meningioma\meningioma_Tr-me_503.jpg
meningioma,F:\brain tumor detection\data\raw\primary\meningioma\meningioma_Tr-me_504.jpg
meningioma,F:\brain tumor detection\data\raw\primary\meningioma\meningioma_Tr-me_505.jpg
meningioma,F:\brain tumor detection\data\raw\primary\meningioma\meningioma_Tr-me_506.jpg
meningioma,F:\brain tumor detection\data\raw\primary\meningioma\meningioma_Tr-me_507.jpg
meningioma,F:\brain tumor detection\data\raw\primary\meningioma\meningioma_Tr-me_508.jpg
meningioma,F:\brain tumor detection\data\raw\primary\meningioma\meningioma_Tr-me_509.jpg
meningioma,F:\brain tumor detection\data\raw\primary\meningioma\meningioma_Tr-me_51.jpg
meningioma,F:\brain tumor detection\data\raw\primary\meningioma\meningioma_Tr-me_510.jpg
meningioma,F:\brain tumor detection\data\raw\primary\meningioma\meningioma_Tr-me_511.jpg
meningioma,F:\brain tumor detection\data\raw\primary\meningioma\meningioma_Tr-me_512.jpg
meningioma,F:\brain tumor detection\data\raw\primary\meningioma\meningioma_Tr-me_513.jpg
meningioma,F:\brain tumor detection\data\raw\primary\meningioma\meningioma_Tr-me_514.jpg
meningioma,F:\brain tumor detection\data\raw\primary\meningioma\meningioma_Tr-me_515.jpg
meningioma,F:\brain tumor detection\data\raw\primary\meningioma\meningioma_Tr-me_516.jpg
meningioma,F:\brain tumor detection\data\raw\primary\meningioma\meningioma_Tr-me_517.jpg
meningioma,F:\brain tumor detection\data\raw\primary\meningioma\meningioma_Tr-me_518.jpg
meningioma,F:\brain tumor detection\data\raw\primary\meningioma\meningioma_Tr-me_519.jpg
meningioma,F:\brain tumor detection\data\raw\primary\meningioma\meningioma_Tr-me_52.jpg
meningioma,F:\brain tumor detection\data\raw\primary\meningioma\meningioma_Tr-me_520.jpg
meningioma,F:\brain tumor detection\data\raw\primary\meningioma\meningioma_Tr-me_521.jpg
meningioma,F:\brain tumor detection\data\raw\primary\meningioma\meningioma_Tr-me_522.jpg
meningioma,F:\brain tumor detection\data\raw\primary\meningioma\meningioma_Tr-me_523.jpg
meningioma,F:\brain tumor detection\data\raw\primary\meningioma\meningioma_Tr-me_524.jpg
meningioma,F:\brain tumor detection\data\raw\primary\meningioma\meningioma_Tr-me_525.jpg
meningioma,F:\brain tumor detection\data\raw\primary\meningioma\meningioma_Tr-me_526.jpg
meningioma,F:\brain tumor detection\data\raw\primary\meningioma\meningioma_Tr-me_527.jpg
meningioma,F:\brain tumor detection\data\raw\primary\meningioma\meningioma_Tr-me_528.jpg
meningioma,F:\brain tumor detection\data\raw\primary\meningioma\meningioma_Tr-me_529.jpg
meningioma,F:\brain tumor detection\data\raw\primary\meningioma\meningioma_Tr-me_53.jpg
meningioma,F:\brain tumor detection\data\raw\primary\meningioma\meningioma_Tr-me_530.jpg
meningioma,F:\brain tumor detection\data\raw\primary\meningioma\meningioma_Tr-me_531.jpg
meningioma,F:\brain tumor detection\data\raw\primary\meningioma\meningioma_Tr-me_532.jpg
meningioma,F:\brain tumor detection\data\raw\primary\meningioma\meningioma_Tr-me_533.jpg
meningioma,F:\brain tumor detection\data\raw\primary\meningioma\meningioma_Tr-me_534.jpg
meningioma,F:\brain tumor detection\data\raw\primary\meningioma\meningioma_Tr-me_535.jpg
meningioma,F:\brain tumor detection\data\raw\primary\meningioma\meningioma_Tr-me_536.jpg
meningioma,F:\brain tumor detection\data\raw\primary\meningioma\meningioma_Tr-me_537.jpg
meningioma,F:\brain tumor detection\data\raw\primary\meningioma\meningioma_Tr-me_538.jpg
meningioma,F:\brain tumor detection\data\raw\primary\meningioma\meningioma_Tr-me_539.jpg
meningioma,F:\brain tumor detection\data\raw\primary\meningioma\meningioma_Tr-me_54.jpg
meningioma,F:\brain tumor detection\data\raw\primary\meningioma\meningioma_Tr-me_540.jpg
meningioma,F:\brain tumor detection\data\raw\primary\meningioma\meningioma_Tr-me_541.jpg
meningioma,F:\brain tumor detection\data\raw\primary\meningioma\meningioma_Tr-me_542.jpg
meningioma,F:\brain tumor detection\data\raw\primary\meningioma\meningioma_Tr-me_543.jpg
meningioma,F:\brain tumor detection\data\raw\primary\meningioma\meningioma_Tr-me_544.jpg
meningioma,F:\brain tumor detection\data\raw\primary\meningioma\meningioma_Tr-me_545.jpg
meningioma,F:\brain tumor detection\data\raw\primary\meningioma\meningioma_Tr-me_546.jpg
meningioma,F:\brain tumor detection\data\raw\primary\meningioma\meningioma_Tr-me_547.jpg
meningioma,F:\brain tumor detection\data\raw\primary\meningioma\meningioma_Tr-me_548.jpg
meningioma,F:\brain tumor detection\data\raw\primary\meningioma\meningioma_Tr-me_549.jpg
meningioma,F:\brain tumor detection\data\raw\primary\meningioma\meningioma_Tr-me_55.jpg
meningioma,F:\brain tumor detection\data\raw\primary\meningioma\meningioma_Tr-me_550.jpg
meningioma,F:\brain tumor detection\data\raw\primary\meningioma\meningioma_Tr-me_551.jpg
meningioma,F:\brain tumor detection\data\raw\primary\meningioma\meningioma_Tr-me_552.jpg
meningioma,F:\brain tumor detection\data\raw\primary\meningioma\meningioma_Tr-me_553.jpg
meningioma,F:\brain tumor detection\data\raw\primary\meningioma\meningioma_Tr-me_554.jpg
meningioma,F:\brain tumor detection\data\raw\primary\meningioma\meningioma_Tr-me_555.jpg
meningioma,F:\brain tumor detection\data\raw\primary\meningioma\meningioma_Tr-me_556.jpg
meningioma,F:\brain tumor detection\data\raw\primary\meningioma\meningioma_Tr-me_557.jpg
meningioma,F:\brain tumor detection\data\raw\primary\meningioma\meningioma_Tr-me_558.jpg
meningioma,F:\brain tumor detection\data\raw\primary\meningioma\meningioma_Tr-me_559.jpg
meningioma,F:\brain tumor detection\data\raw\primary\meningioma\meningioma_Tr-me_56.jpg
meningioma,F:\brain tumor detection\data\raw\primary\meningioma\meningioma_Tr-me_560.jpg
meningioma,F:\brain tumor detection\data\raw\primary\meningioma\meningioma_Tr-me_561.jpg
meningioma,F:\brain tumor detection\data\raw\primary\meningioma\meningioma_Tr-me_562.jpg
meningioma,F:\brain tumor detection\data\raw\primary\meningioma\meningioma_Tr-me_563.jpg
meningioma,F:\brain tumor detection\data\raw\primary\meningioma\meningioma_Tr-me_564.jpg
meningioma,F:\brain tumor detection\data\raw\primary\meningioma\meningioma_Tr-me_565.jpg
meningioma,F:\brain tumor detection\data\raw\primary\meningioma\meningioma_Tr-me_566.jpg
meningioma,F:\brain tumor detection\data\raw\primary\meningioma\meningioma_Tr-me_567.jpg
meningioma,F:\brain tumor detection\data\raw\primary\meningioma\meningioma_Tr-me_568.jpg
meningioma,F:\brain tumor detection\data\raw\primary\meningioma\meningioma_Tr-me_569.jpg
meningioma,F:\brain tumor detection\data\raw\primary\meningioma\meningioma_Tr-me_57.jpg
meningioma,F:\brain tumor detection\data\raw\primary\meningioma\meningioma_Tr-me_570.jpg
meningioma,F:\brain tumor detection\data\raw\primary\meningioma\meningioma_Tr-me_571.jpg
meningioma,F:\brain tumor detection\data\raw\primary\meningioma\meningioma_Tr-me_572.jpg
meningioma,F:\brain tumor detection\data\raw\primary\meningioma\meningioma_Tr-me_573.jpg
meningioma,F:\brain tumor detection\data\raw\primary\meningioma\meningioma_Tr-me_574.jpg
meningioma,F:\brain tumor detection\data\raw\primary\meningioma\meningioma_Tr-me_575.jpg
meningioma,F:\brain tumor detection\data\raw\primary\meningioma\meningioma_Tr-me_576.jpg
meningioma,F:\brain tumor detection\data\raw\primary\meningioma\meningioma_Tr-me_577.jpg
meningioma,F:\brain tumor detection\data\raw\primary\meningioma\meningioma_Tr-me_578.jpg
meningioma,F:\brain tumor detection\data\raw\primary\meningioma\meningioma_Tr-me_579.jpg
meningioma,F:\brain tumor detection\data\raw\primary\meningioma\meningioma_Tr-me_58.jpg
meningioma,F:\brain tumor detection\data\raw\primary\meningioma\meningioma_Tr-me_580.jpg
meningioma,F:\brain tumor detection\data\raw\primary\meningioma\meningioma_Tr-me_581.jpg
meningioma,F:\brain tumor detection\data\raw\primary\meningioma\meningioma_Tr-me_582.jpg
meningioma,F:\brain tumor detection\data\raw\primary\meningioma\meningioma_Tr-me_583.jpg
meningioma,F:\brain tumor detection\data\raw\primary\meningioma\meningioma_Tr-me_584.jpg
meningioma,F:\brain tumor detection\data\raw\primary\meningioma\meningioma_Tr-me_585.jpg
meningioma,F:\brain tumor detection\data\raw\primary\meningioma\meningioma_Tr-me_586.jpg
meningioma,F:\brain tumor detection\data\raw\primary\meningioma\meningioma_Tr-me_587.jpg
meningioma,F:\brain tumor detection\data\raw\primary\meningioma\meningioma_Tr-me_588.jpg
meningioma,F:\brain tumor detection\data\raw\primary\meningioma\meningioma_Tr-me_589.jpg
meningioma,F:\brain tumor detection\data\raw\primary\meningioma\meningioma_Tr-me_59.jpg
meningioma,F:\brain tumor detection\data\raw\primary\meningioma\meningioma_Tr-me_590.jpg
meningioma,F:\brain tumor detection\data\raw\primary\meningioma\meningioma_Tr-me_591.jpg
meningioma,F:\brain tumor detection\data\raw\primary\meningioma\meningioma_Tr-me_592.jpg
meningioma,F:\brain tumor detection\data\raw\primary\meningioma\meningioma_Tr-me_593.jpg
meningioma,F:\brain tumor detection\data\raw\primary\meningioma\meningioma_Tr-me_594.jpg
meningioma,F:\brain tumor detection\data\raw\primary\meningioma\meningioma_Tr-me_595.jpg
meningioma,F:\brain tumor detection\data\raw\primary\meningioma\meningioma_Tr-me_596.jpg
meningioma,F:\brain tumor detection\data\raw\primary\meningioma\meningioma_Tr-me_597.jpg
meningioma,F:\brain tumor detection\data\raw\primary\meningioma\meningioma_Tr-me_598.jpg
meningioma,F:\brain tumor detection\data\raw\primary\meningioma\meningioma_Tr-me_599.jpg
meningioma,F:\brain tumor detection\data\raw\primary\meningioma\meningioma_Tr-me_6.jpg
meningioma,F:\brain tumor detection\data\raw\primary\meningioma\meningioma_Tr-me_60.jpg
meningioma,F:\brain tumor detection\data\raw\primary\meningioma\meningioma_Tr-me_600.jpg
meningioma,F:\brain tumor detection\data\raw\primary\meningioma\meningioma_Tr-me_601.jpg
meningioma,F:\brain tumor detection\data\raw\primary\meningioma\meningioma_Tr-me_602.jpg
meningioma,F:\brain tumor detection\data\raw\primary\meningioma\meningioma_Tr-me_603.jpg
meningioma,F:\brain tumor detection\data\raw\primary\meningioma\meningioma_Tr-me_604.jpg
meningioma,F:\brain tumor detection\data\raw\primary\meningioma\meningioma_Tr-me_605.jpg
meningioma,F:\brain tumor detection\data\raw\primary\meningioma\meningioma_Tr-me_606.jpg
meningioma,F:\brain tumor detection\data\raw\primary\meningioma\meningioma_Tr-me_607.jpg
meningioma,F:\brain tumor detection\data\raw\primary\meningioma\meningioma_Tr-me_608.jpg
meningioma,F:\brain tumor detection\data\raw\primary\meningioma\meningioma_Tr-me_609.jpg
meningioma,F:\brain tumor detection\data\raw\primary\meningioma\meningioma_Tr-me_61.jpg
meningioma,F:\brain tumor detection\data\raw\primary\meningioma\meningioma_Tr-me_610.jpg
meningioma,F:\brain tumor detection\data\raw\primary\meningioma\meningioma_Tr-me_611.jpg
meningioma,F:\brain tumor detection\data\raw\primary\meningioma\meningioma_Tr-me_612.jpg
meningioma,F:\brain tumor detection\data\raw\primary\meningioma\meningioma_Tr-me_613.jpg
meningioma,F:\brain tumor detection\data\raw\primary\meningioma\meningioma_Tr-me_614.jpg
meningioma,F:\brain tumor detection\data\raw\primary\meningioma\meningioma_Tr-me_615.jpg
meningioma,F:\brain tumor detection\data\raw\primary\meningioma\meningioma_Tr-me_616.jpg
meningioma,F:\brain tumor detection\data\raw\primary\meningioma\meningioma_Tr-me_617.jpg
meningioma,F:\brain tumor detection\data\raw\primary\meningioma\meningioma_Tr-me_618.jpg
meningioma,F:\brain tumor detection\data\raw\primary\meningioma\meningioma_Tr-me_619.jpg
meningioma,F:\brain tumor detection\data\raw\primary\meningioma\meningioma_Tr-me_62.jpg
meningioma,F:\brain tumor detection\data\raw\primary\meningioma\meningioma_Tr-me_620.jpg
meningioma,F:\brain tumor detection\data\raw\primary\meningioma\meningioma_Tr-me_621.jpg
meningioma,F:\brain tumor detection\data\raw\primary\meningioma\meningioma_Tr-me_622.jpg
meningioma,F:\brain tumor detection\data\raw\primary\meningioma\meningioma_Tr-me_623.jpg
meningioma,F:\brain tumor detection\data\raw\primary\meningioma\meningioma_Tr-me_624.jpg
meningioma,F:\brain tumor detection\data\raw\primary\meningioma\meningioma_Tr-me_625.jpg
meningioma,F:\brain tumor detection\data\raw\primary\meningioma\meningioma_Tr-me_626.jpg
meningioma,F:\brain tumor detection\data\raw\primary\meningioma\meningioma_Tr-me_627.jpg
meningioma,F:\brain tumor detection\data\raw\primary\meningioma\meningioma_Tr-me_628.jpg
meningioma,F:\brain tumor detection\data\raw\primary\meningioma\meningioma_Tr-me_629.jpg
meningioma,F:\brain tumor detection\data\raw\primary\meningioma\meningioma_Tr-me_63.jpg
meningioma,F:\brain tumor detection\data\raw\primary\meningioma\meningioma_Tr-me_630.jpg
meningioma,F:\brain tumor detection\data\raw\primary\meningioma\meningioma_Tr-me_631.jpg
meningioma,F:\brain tumor detection\data\raw\primary\meningioma\meningioma_Tr-me_632.jpg
meningioma,F:\brain tumor detection\data\raw\primary\meningioma\meningioma_Tr-me_633.jpg
meningioma,F:\brain tumor detection\data\raw\primary\meningioma\meningioma_Tr-me_634.jpg
meningioma,F:\brain tumor detection\data\raw\primary\meningioma\meningioma_Tr-me_635.jpg
meningioma,F:\brain tumor detection\data\raw\primary\meningioma\meningioma_Tr-me_636.jpg
meningioma,F:\brain tumor detection\data\raw\primary\meningioma\meningioma_Tr-me_637.jpg
meningioma,F:\brain tumor detection\data\raw\primary\meningioma\meningioma_Tr-me_638.jpg
meningioma,F:\brain tumor detection\data\raw\primary\meningioma\meningioma_Tr-me_639.jpg
meningioma,F:\brain tumor detection\data\raw\primary\meningioma\meningioma_Tr-me_64.jpg
meningioma,F:\brain tumor detection\data\raw\primary\meningioma\meningioma_Tr-me_640.jpg
meningioma,F:\brain tumor detection\data\raw\primary\meningioma\meningioma_Tr-me_641.jpg
meningioma,F:\brain tumor detection\data\raw\primary\meningioma\meningioma_Tr-me_642.jpg
meningioma,F:\brain tumor detection\data\raw\primary\meningioma\meningioma_Tr-me_643.jpg
meningioma,F:\brain tumor detection\data\raw\primary\meningioma\meningioma_Tr-me_644.jpg
meningioma,F:\brain tumor detection\data\raw\primary\meningioma\meningioma_Tr-me_645.jpg
meningioma,F:\brain tumor detection\data\raw\primary\meningioma\meningioma_Tr-me_646.jpg
meningioma,F:\brain tumor detection\data\raw\primary\meningioma\meningioma_Tr-me_647.jpg
meningioma,F:\brain tumor detection\data\raw\primary\meningioma\meningioma_Tr-me_648.jpg
meningioma,F:\brain tumor detection\data\raw\primary\meningioma\meningioma_Tr-me_649.jpg
meningioma,F:\brain tumor detection\data\raw\primary\meningioma\meningioma_Tr-me_65.jpg
meningioma,F:\brain tumor detection\data\raw\primary\meningioma\meningioma_Tr-me_650.jpg
meningioma,F:\brain tumor detection\data\raw\primary\meningioma\meningioma_Tr-me_651.jpg
meningioma,F:\brain tumor detection\data\raw\primary\meningioma\meningioma_Tr-me_652.jpg
meningioma,F:\brain tumor detection\data\raw\primary\meningioma\meningioma_Tr-me_653.jpg
meningioma,F:\brain tumor detection\data\raw\primary\meningioma\meningioma_Tr-me_654.jpg
meningioma,F:\brain tumor detection\data\raw\primary\meningioma\meningioma_Tr-me_655.jpg
meningioma,F:\brain tumor detection\data\raw\primary\meningioma\meningioma_Tr-me_656.jpg
meningioma,F:\brain tumor detection\data\raw\primary\meningioma\meningioma_Tr-me_657.jpg
meningioma,F:\brain tumor detection\data\raw\primary\meningioma\meningioma_Tr-me_658.jpg
meningioma,F:\brain tumor detection\data\raw\primary\meningioma\meningioma_Tr-me_659.jpg
meningioma,F:\brain tumor detection\data\raw\primary\meningioma\meningioma_Tr-me_66.jpg
meningioma,F:\brain tumor detection\data\raw\primary\meningioma\meningioma_Tr-me_660.jpg
meningioma,F:\brain tumor detection\data\raw\primary\meningioma\meningioma_Tr-me_661.jpg
meningioma,F:\brain tumor detection\data\raw\primary\meningioma\meningioma_Tr-me_662.jpg
meningioma,F:\brain tumor detection\data\raw\primary\meningioma\meningioma_Tr-me_663.jpg
meningioma,F:\brain tumor detection\data\raw\primary\meningioma\meningioma_Tr-me_664.jpg
meningioma,F:\brain tumor detection\data\raw\primary\meningioma\meningioma_Tr-me_665.jpg
meningioma,F:\brain tumor detection\data\raw\primary\meningioma\meningioma_Tr-me_666.jpg
meningioma,F:\brain tumor detection\data\raw\primary\meningioma\meningioma_Tr-me_667.jpg
meningioma,F:\brain tumor detection\data\raw\primary\meningioma\meningioma_Tr-me_668.jpg
meningioma,F:\brain tumor detection\data\raw\primary\meningioma\meningioma_Tr-me_669.jpg
meningioma,F:\brain tumor detection\data\raw\primary\meningioma\meningioma_Tr-me_67.jpg
meningioma,F:\brain tumor detection\data\raw\primary\meningioma\meningioma_Tr-me_670.jpg
meningioma,F:\brain tumor detection\data\raw\primary\meningioma\meningioma_Tr-me_671.jpg
meningioma,F:\brain tumor detection\data\raw\primary\meningioma\meningioma_Tr-me_672.jpg
meningioma,F:\brain tumor detection\data\raw\primary\meningioma\meningioma_Tr-me_673.jpg
meningioma,F:\brain tumor detection\data\raw\primary\meningioma\meningioma_Tr-me_674.jpg
meningioma,F:\brain tumor detection\data\raw\primary\meningioma\meningioma_Tr-me_675.jpg
meningioma,F:\brain tumor detection\data\raw\primary\meningioma\meningioma_Tr-me_676.jpg
meningioma,F:\brain tumor detection\data\raw\primary\meningioma\meningioma_Tr-me_677.jpg
meningioma,F:\brain tumor detection\data\raw\primary\meningioma\meningioma_Tr-me_678.jpg
meningioma,F:\brain tumor detection\data\raw\primary\meningioma\meningioma_Tr-me_679.jpg
meningioma,F:\brain tumor detection\data\raw\primary\meningioma\meningioma_Tr-me_68.jpg
meningioma,F:\brain tumor detection\data\raw\primary\meningioma\meningioma_Tr-me_680.jpg
meningioma,F:\brain tumor detection\data\raw\primary\meningioma\meningioma_Tr-me_681.jpg
meningioma,F:\brain tumor detection\data\raw\primary\meningioma\meningioma_Tr-me_682.jpg
meningioma,F:\brain tumor detection\data\raw\primary\meningioma\meningioma_Tr-me_683.jpg
meningioma,F:\brain tumor detection\data\raw\primary\meningioma\meningioma_Tr-me_684.jpg
meningioma,F:\brain tumor detection\data\raw\primary\meningioma\meningioma_Tr-me_685.jpg
meningioma,F:\brain tumor detection\data\raw\primary\meningioma\meningioma_Tr-me_686.jpg
meningioma,F:\brain tumor detection\data\raw\primary\meningioma\meningioma_Tr-me_687.jpg
meningioma,F:\brain tumor detection\data\raw\primary\meningioma\meningioma_Tr-me_688.jpg
meningioma,F:\brain tumor detection\data\raw\primary\meningioma\meningioma_Tr-me_689.jpg
meningioma,F:\brain tumor detection\data\raw\primary\meningioma\meningioma_Tr-me_69.jpg
meningioma,F:\brain tumor detection\data\raw\primary\meningioma\meningioma_Tr-me_690.jpg
meningioma,F:\brain tumor detection\data\raw\primary\meningioma\meningioma_Tr-me_691.jpg
meningioma,F:\brain tumor detection\data\raw\primary\meningioma\meningioma_Tr-me_692.jpg
meningioma,F:\brain tumor detection\data\raw\primary\meningioma\meningioma_Tr-me_693.jpg
meningioma,F:\brain tumor detection\data\raw\primary\meningioma\meningioma_Tr-me_694.jpg
meningioma,F:\brain tumor detection\data\raw\primary\meningioma\meningioma_Tr-me_695.jpg
meningioma,F:\brain tumor detection\data\raw\primary\meningioma\meningioma_Tr-me_696.jpg
meningioma,F:\brain tumor detection\data\raw\primary\meningioma\meningioma_Tr-me_697.jpg
meningioma,F:\brain tumor detection\data\raw\primary\meningioma\meningioma_Tr-me_698.jpg
meningioma,F:\brain tumor detection\data\raw\primary\meningioma\meningioma_Tr-me_699.jpg
meningioma,F:\brain tumor detection\data\raw\primary\meningioma\meningioma_Tr-me_7.jpg
meningioma,F:\brain tumor detection\data\raw\primary\meningioma\meningioma_Tr-me_70.jpg
meningioma,F:\brain tumor detection\data\raw\primary\meningioma\meningioma_Tr-me_700.jpg
meningioma,F:\brain tumor detection\data\raw\primary\meningioma\meningioma_Tr-me_701.jpg
meningioma,F:\brain tumor detection\data\raw\primary\meningioma\meningioma_Tr-me_702.jpg
meningioma,F:\brain tumor detection\data\raw\primary\meningioma\meningioma_Tr-me_703.jpg
meningioma,F:\brain tumor detection\data\raw\primary\meningioma\meningioma_Tr-me_704.jpg
meningioma,F:\brain tumor detection\data\raw\primary\meningioma\meningioma_Tr-me_705.jpg
meningioma,F:\brain tumor detection\data\raw\primary\meningioma\meningioma_Tr-me_706.jpg
meningioma,F:\brain tumor detection\data\raw\primary\meningioma\meningioma_Tr-me_707.jpg
meningioma,F:\brain tumor detection\data\raw\primary\meningioma\meningioma_Tr-me_708.jpg
meningioma,F:\brain tumor detection\data\raw\primary\meningioma\meningioma_Tr-me_709.jpg
meningioma,F:\brain tumor detection\data\raw\primary\meningioma\meningioma_Tr-me_71.jpg
meningioma,F:\brain tumor detection\data\raw\primary\meningioma\meningioma_Tr-me_710.jpg
meningioma,F:\brain tumor detection\data\raw\primary\meningioma\meningioma_Tr-me_711.jpg
meningioma,F:\brain tumor detection\data\raw\primary\meningioma\meningioma_Tr-me_712.jpg
meningioma,F:\brain tumor detection\data\raw\primary\meningioma\meningioma_Tr-me_713.jpg
meningioma,F:\brain tumor detection\data\raw\primary\meningioma\meningioma_Tr-me_714.jpg
meningioma,F:\brain tumor detection\data\raw\primary\meningioma\meningioma_Tr-me_715.jpg
meningioma,F:\brain tumor detection\data\raw\primary\meningioma\meningioma_Tr-me_716.jpg
meningioma,F:\brain tumor detection\data\raw\primary\meningioma\meningioma_Tr-me_717.jpg
meningioma,F:\brain tumor detection\data\raw\primary\meningioma\meningioma_Tr-me_718.jpg
meningioma,F:\brain tumor detection\data\raw\primary\meningioma\meningioma_Tr-me_719.jpg
meningioma,F:\brain tumor detection\data\raw\primary\meningioma\meningioma_Tr-me_72.jpg
meningioma,F:\brain tumor detection\data\raw\primary\meningioma\meningioma_Tr-me_720.jpg
meningioma,F:\brain tumor detection\data\raw\primary\meningioma\meningioma_Tr-me_721.jpg
meningioma,F:\brain tumor detection\data\raw\primary\meningioma\meningioma_Tr-me_722.jpg
meningioma,F:\brain tumor detection\data\raw\primary\meningioma\meningioma_Tr-me_723.jpg
meningioma,F:\brain tumor detection\data\raw\primary\meningioma\meningioma_Tr-me_724.jpg
meningioma,F:\brain tumor detection\data\raw\primary\meningioma\meningioma_Tr-me_725.jpg
meningioma,F:\brain tumor detection\data\raw\primary\meningioma\meningioma_Tr-me_726.jpg
meningioma,F:\brain tumor detection\data\raw\primary\meningioma\meningioma_Tr-me_727.jpg
meningioma,F:\brain tumor detection\data\raw\primary\meningioma\meningioma_Tr-me_728.jpg
meningioma,F:\brain tumor detection\data\raw\primary\meningioma\meningioma_Tr-me_729.jpg
meningioma,F:\brain tumor detection\data\raw\primary\meningioma\meningioma_Tr-me_73.jpg
meningioma,F:\brain tumor detection\data\raw\primary\meningioma\meningioma_Tr-me_730.jpg
meningioma,F:\brain tumor detection\data\raw\primary\meningioma\meningioma_Tr-me_731.jpg
meningioma,F:\brain tumor detection\data\raw\primary\meningioma\meningioma_Tr-me_732.jpg
meningioma,F:\brain tumor detection\data\raw\primary\meningioma\meningioma_Tr-me_733.jpg
meningioma,F:\brain tumor detection\data\raw\primary\meningioma\meningioma_Tr-me_734.jpg
meningioma,F:\brain tumor detection\data\raw\primary\meningioma\meningioma_Tr-me_735.jpg
meningioma,F:\brain tumor detection\data\raw\primary\meningioma\meningioma_Tr-me_736.jpg
meningioma,F:\brain tumor detection\data\raw\primary\meningioma\meningioma_Tr-me_737.jpg
meningioma,F:\brain tumor detection\data\raw\primary\meningioma\meningioma_Tr-me_738.jpg
meningioma,F:\brain tumor detection\data\raw\primary\meningioma\meningioma_Tr-me_739.jpg
meningioma,F:\brain tumor detection\data\raw\primary\meningioma\meningioma_Tr-me_74.jpg
meningioma,F:\brain tumor detection\data\raw\primary\meningioma\meningioma_Tr-me_740.jpg
meningioma,F:\brain tumor detection\data\raw\primary\meningioma\meningioma_Tr-me_741.jpg
meningioma,F:\brain tumor detection\data\raw\primary\meningioma\meningioma_Tr-me_742.jpg
meningioma,F:\brain tumor detection\data\raw\primary\meningioma\meningioma_Tr-me_743.jpg
meningioma,F:\brain tumor detection\data\raw\primary\meningioma\meningioma_Tr-me_744.jpg
meningioma,F:\brain tumor detection\data\raw\primary\meningioma\meningioma_Tr-me_745.jpg
meningioma,F:\brain tumor detection\data\raw\primary\meningioma\meningioma_Tr-me_746.jpg
meningioma,F:\brain tumor detection\data\raw\primary\meningioma\meningioma_Tr-me_747.jpg
meningioma,F:\brain tumor detection\data\raw\primary\meningioma\meningioma_Tr-me_748.jpg
meningioma,F:\brain tumor detection\data\raw\primary\meningioma\meningioma_Tr-me_749.jpg
meningioma,F:\brain tumor detection\data\raw\primary\meningioma\meningioma_Tr-me_75.jpg
meningioma,F:\brain tumor detection\data\raw\primary\meningioma\meningioma_Tr-me_750.jpg
meningioma,F:\brain tumor detection\data\raw\primary\meningioma\meningioma_Tr-me_751.jpg
meningioma,F:\brain tumor detection\data\raw\primary\meningioma\meningioma_Tr-me_752.jpg
meningioma,F:\brain tumor detection\data\raw\primary\meningioma\meningioma_Tr-me_753.jpg
meningioma,F:\brain tumor detection\data\raw\primary\meningioma\meningioma_Tr-me_754.jpg
meningioma,F:\brain tumor detection\data\raw\primary\meningioma\meningioma_Tr-me_755.jpg
meningioma,F:\brain tumor detection\data\raw\primary\meningioma\meningioma_Tr-me_756.jpg
meningioma,F:\brain tumor detection\data\raw\primary\meningioma\meningioma_Tr-me_757.jpg
meningioma,F:\brain tumor detection\data\raw\primary\meningioma\meningioma_Tr-me_758.jpg
meningioma,F:\brain tumor detection\data\raw\primary\meningioma\meningioma_Tr-me_759.jpg
meningioma,F:\brain tumor detection\data\raw\primary\meningioma\meningioma_Tr-me_76.jpg
meningioma,F:\brain tumor detection\data\raw\primary\meningioma\meningioma_Tr-me_760.jpg
meningioma,F:\brain tumor detection\data\raw\primary\meningioma\meningioma_Tr-me_761.jpg
meningioma,F:\brain tumor detection\data\raw\primary\meningioma\meningioma_Tr-me_762.jpg
meningioma,F:\brain tumor detection\data\raw\primary\meningioma\meningioma_Tr-me_763.jpg
meningioma,F:\brain tumor detection\data\raw\primary\meningioma\meningioma_Tr-me_764.jpg
meningioma,F:\brain tumor detection\data\raw\primary\meningioma\meningioma_Tr-me_765.jpg
meningioma,F:\brain tumor detection\data\raw\primary\meningioma\meningioma_Tr-me_766.jpg
meningioma,F:\brain tumor detection\data\raw\primary\meningioma\meningioma_Tr-me_767.jpg
meningioma,F:\brain tumor detection\data\raw\primary\meningioma\meningioma_Tr-me_768.jpg
meningioma,F:\brain tumor detection\data\raw\primary\meningioma\meningioma_Tr-me_769.jpg
meningioma,F:\brain tumor detection\data\raw\primary\meningioma\meningioma_Tr-me_77.jpg
meningioma,F:\brain tumor detection\data\raw\primary\meningioma\meningioma_Tr-me_770.jpg
meningioma,F:\brain tumor detection\data\raw\primary\meningioma\meningioma_Tr-me_771.jpg
meningioma,F:\brain tumor detection\data\raw\primary\meningioma\meningioma_Tr-me_772.jpg
meningioma,F:\brain tumor detection\data\raw\primary\meningioma\meningioma_Tr-me_773.jpg
meningioma,F:\brain tumor detection\data\raw\primary\meningioma\meningioma_Tr-me_774.jpg
meningioma,F:\brain tumor detection\data\raw\primary\meningioma\meningioma_Tr-me_775.jpg
meningioma,F:\brain tumor detection\data\raw\primary\meningioma\meningioma_Tr-me_776.jpg
meningioma,F:\brain tumor detection\data\raw\primary\meningioma\meningioma_Tr-me_777.jpg
meningioma,F:\brain tumor detection\data\raw\primary\meningioma\meningioma_Tr-me_778.jpg
meningioma,F:\brain tumor detection\data\raw\primary\meningioma\meningioma_Tr-me_779.jpg
meningioma,F:\brain tumor detection\data\raw\primary\meningioma\meningioma_Tr-me_78.jpg
meningioma,F:\brain tumor detection\data\raw\primary\meningioma\meningioma_Tr-me_780.jpg
meningioma,F:\brain tumor detection\data\raw\primary\meningioma\meningioma_Tr-me_781.jpg
meningioma,F:\brain tumor detection\data\raw\primary\meningioma\meningioma_Tr-me_782.jpg
meningioma,F:\brain tumor detection\data\raw\primary\meningioma\meningioma_Tr-me_783.jpg
meningioma,F:\brain tumor detection\data\raw\primary\meningioma\meningioma_Tr-me_784.jpg
meningioma,F:\brain tumor detection\data\raw\primary\meningioma\meningioma_Tr-me_785.jpg
meningioma,F:\brain tumor detection\data\raw\primary\meningioma\meningioma_Tr-me_786.jpg
meningioma,F:\brain tumor detection\data\raw\primary\meningioma\meningioma_Tr-me_787.jpg
meningioma,F:\brain tumor detection\data\raw\primary\meningioma\meningioma_Tr-me_788.jpg
meningioma,F:\brain tumor detection\data\raw\primary\meningioma\meningioma_Tr-me_789.jpg
meningioma,F:\brain tumor detection\data\raw\primary\meningioma\meningioma_Tr-me_79.jpg
meningioma,F:\brain tumor detection\data\raw\primary\meningioma\meningioma_Tr-me_790.jpg
meningioma,F:\brain tumor detection\data\raw\primary\meningioma\meningioma_Tr-me_791.jpg
meningioma,F:\brain tumor detection\data\raw\primary\meningioma\meningioma_Tr-me_792.jpg
meningioma,F:\brain tumor detection\data\raw\primary\meningioma\meningioma_Tr-me_793.jpg
meningioma,F:\brain tumor detection\data\raw\primary\meningioma\meningioma_Tr-me_794.jpg
meningioma,F:\brain tumor detection\data\raw\primary\meningioma\meningioma_Tr-me_795.jpg
meningioma,F:\brain tumor detection\data\raw\primary\meningioma\meningioma_Tr-me_796.jpg
meningioma,F:\brain tumor detection\data\raw\primary\meningioma\meningioma_Tr-me_797.jpg
meningioma,F:\brain tumor detection\data\raw\primary\meningioma\meningioma_Tr-me_798.jpg
meningioma,F:\brain tumor detection\data\raw\primary\meningioma\meningioma_Tr-me_799.jpg
meningioma,F:\brain tumor detection\data\raw\primary\meningioma\meningioma_Tr-me_8.jpg
meningioma,F:\brain tumor detection\data\raw\primary\meningioma\meningioma_Tr-me_80.jpg
meningioma,F:\brain tumor detection\data\raw\primary\meningioma\meningioma_Tr-me_800.jpg
meningioma,F:\brain tumor detection\data\raw\primary\meningioma\meningioma_Tr-me_801.jpg
meningioma,F:\brain tumor detection\data\raw\primary\meningioma\meningioma_Tr-me_802.jpg
meningioma,F:\brain tumor detection\data\raw\primary\meningioma\meningioma_Tr-me_803.jpg
meningioma,F:\brain tumor detection\data\raw\primary\meningioma\meningioma_Tr-me_804.jpg
meningioma,F:\brain tumor detection\data\raw\primary\meningioma\meningioma_Tr-me_805.jpg
meningioma,F:\brain tumor detection\data\raw\primary\meningioma\meningioma_Tr-me_806.jpg
meningioma,F:\brain tumor detection\data\raw\primary\meningioma\meningioma_Tr-me_807.jpg
meningioma,F:\brain tumor detection\data\raw\primary\meningioma\meningioma_Tr-me_808.jpg
meningioma,F:\brain tumor detection\data\raw\primary\meningioma\meningioma_Tr-me_809.jpg
meningioma,F:\brain tumor detection\data\raw\primary\meningioma\meningioma_Tr-me_81.jpg
meningioma,F:\brain tumor detection\data\raw\primary\meningioma\meningioma_Tr-me_810.jpg
meningioma,F:\brain tumor detection\data\raw\primary\meningioma\meningioma_Tr-me_811.jpg
meningioma,F:\brain tumor detection\data\raw\primary\meningioma\meningioma_Tr-me_812.jpg
meningioma,F:\brain tumor detection\data\raw\primary\meningioma\meningioma_Tr-me_813.jpg
meningioma,F:\brain tumor detection\data\raw\primary\meningioma\meningioma_Tr-me_814.jpg
meningioma,F:\brain tumor detection\data\raw\primary\meningioma\meningioma_Tr-me_815.jpg
meningioma,F:\brain tumor detection\data\raw\primary\meningioma\meningioma_Tr-me_816.jpg
meningioma,F:\brain tumor detection\data\raw\primary\meningioma\meningioma_Tr-me_817.jpg
meningioma,F:\brain tumor detection\data\raw\primary\meningioma\meningioma_Tr-me_818.jpg
meningioma,F:\brain tumor detection\data\raw\primary\meningioma\meningioma_Tr-me_819.jpg
meningioma,F:\brain tumor detection\data\raw\primary\meningioma\meningioma_Tr-me_82.jpg
meningioma,F:\brain tumor detection\data\raw\primary\meningioma\meningioma_Tr-me_820.jpg
meningioma,F:\brain tumor detection\data\raw\primary\meningioma\meningioma_Tr-me_821.jpg
meningioma,F:\brain tumor detection\data\raw\primary\meningioma\meningioma_Tr-me_822.jpg
meningioma,F:\brain tumor detection\data\raw\primary\meningioma\meningioma_Tr-me_823.jpg
meningioma,F:\brain tumor detection\data\raw\primary\meningioma\meningioma_Tr-me_824.jpg
meningioma,F:\brain tumor detection\data\raw\primary\meningioma\meningioma_Tr-me_825.jpg
meningioma,F:\brain tumor detection\data\raw\primary\meningioma\meningioma_Tr-me_826.jpg
meningioma,F:\brain tumor detection\data\raw\primary\meningioma\meningioma_Tr-me_827.jpg
meningioma,F:\brain tumor detection\data\raw\primary\meningioma\meningioma_Tr-me_828.jpg
meningioma,F:\brain tumor detection\data\raw\primary\meningioma\meningioma_Tr-me_829.jpg
meningioma,F:\brain tumor detection\data\raw\primary\meningioma\meningioma_Tr-me_83.jpg
meningioma,F:\brain tumor detection\data\raw\primary\meningioma\meningioma_Tr-me_830.jpg
meningioma,F:\brain tumor detection\data\raw\primary\meningioma\meningioma_Tr-me_831.jpg
meningioma,F:\brain tumor detection\data\raw\primary\meningioma\meningioma_Tr-me_832.jpg
meningioma,F:\brain tumor detection\data\raw\primary\meningioma\meningioma_Tr-me_833.jpg
meningioma,F:\brain tumor detection\data\raw\primary\meningioma\meningioma_Tr-me_834.jpg
meningioma,F:\brain tumor detection\data\raw\primary\meningioma\meningioma_Tr-me_835.jpg
meningioma,F:\brain tumor detection\data\raw\primary\meningioma\meningioma_Tr-me_836.jpg
meningioma,F:\brain tumor detection\data\raw\primary\meningioma\meningioma_Tr-me_837.jpg
meningioma,F:\brain tumor detection\data\raw\primary\meningioma\meningioma_Tr-me_838.jpg
meningioma,F:\brain tumor detection\data\raw\primary\meningioma\meningioma_Tr-me_839.jpg
meningioma,F:\brain tumor detection\data\raw\primary\meningioma\meningioma_Tr-me_84.jpg
meningioma,F:\brain tumor detection\data\raw\primary\meningioma\meningioma_Tr-me_840.jpg
meningioma,F:\brain tumor detection\data\raw\primary\meningioma\meningioma_Tr-me_841.jpg
meningioma,F:\brain tumor detection\data\raw\primary\meningioma\meningioma_Tr-me_842.jpg
meningioma,F:\brain tumor detection\data\raw\primary\meningioma\meningioma_Tr-me_843.jpg
meningioma,F:\brain tumor detection\data\raw\primary\meningioma\meningioma_Tr-me_844.jpg
meningioma,F:\brain tumor detection\data\raw\primary\meningioma\meningioma_Tr-me_845.jpg
meningioma,F:\brain tumor detection\data\raw\primary\meningioma\meningioma_Tr-me_846.jpg
meningioma,F:\brain tumor detection\data\raw\primary\meningioma\meningioma_Tr-me_847.jpg
meningioma,F:\brain tumor detection\data\raw\primary\meningioma\meningioma_Tr-me_848.jpg
meningioma,F:\brain tumor detection\data\raw\primary\meningioma\meningioma_Tr-me_849.jpg
meningioma,F:\brain tumor detection\data\raw\primary\meningioma\meningioma_Tr-me_85.jpg
meningioma,F:\brain tumor detection\data\raw\primary\meningioma\meningioma_Tr-me_850.jpg
meningioma,F:\brain tumor detection\data\raw\primary\meningioma\meningioma_Tr-me_851.jpg
meningioma,F:\brain tumor detection\data\raw\primary\meningioma\meningioma_Tr-me_852.jpg
meningioma,F:\brain tumor detection\data\raw\primary\meningioma\meningioma_Tr-me_853.jpg
meningioma,F:\brain tumor detection\data\raw\primary\meningioma\meningioma_Tr-me_854.jpg
meningioma,F:\brain tumor detection\data\raw\primary\meningioma\meningioma_Tr-me_855.jpg
meningioma,F:\brain tumor detection\data\raw\primary\meningioma\meningioma_Tr-me_856.jpg
meningioma,F:\brain tumor detection\data\raw\primary\meningioma\meningioma_Tr-me_857.jpg
meningioma,F:\brain tumor detection\data\raw\primary\meningioma\meningioma_Tr-me_858.jpg
meningioma,F:\brain tumor detection\data\raw\primary\meningioma\meningioma_Tr-me_859.jpg
meningioma,F:\brain tumor detection\data\raw\primary\meningioma\meningioma_Tr-me_86.jpg
meningioma,F:\brain tumor detection\data\raw\primary\meningioma\meningioma_Tr-me_860.jpg
meningioma,F:\brain tumor detection\data\raw\primary\meningioma\meningioma_Tr-me_861.jpg
meningioma,F:\brain tumor detection\data\raw\primary\meningioma\meningioma_Tr-me_862.jpg
meningioma,F:\brain tumor detection\data\raw\primary\meningioma\meningioma_Tr-me_863.jpg
meningioma,F:\brain tumor detection\data\raw\primary\meningioma\meningioma_Tr-me_864.jpg
meningioma,F:\brain tumor detection\data\raw\primary\meningioma\meningioma_Tr-me_865.jpg
meningioma,F:\brain tumor detection\data\raw\primary\meningioma\meningioma_Tr-me_866.jpg
meningioma,F:\brain tumor detection\data\raw\primary\meningioma\meningioma_Tr-me_867.jpg
meningioma,F:\brain tumor detection\data\raw\primary\meningioma\meningioma_Tr-me_868.jpg
meningioma,F:\brain tumor detection\data\raw\primary\meningioma\meningioma_Tr-me_869.jpg
meningioma,F:\brain tumor detection\data\raw\primary\meningioma\meningioma_Tr-me_87.jpg
meningioma,F:\brain tumor detection\data\raw\primary\meningioma\meningioma_Tr-me_870.jpg
meningioma,F:\brain tumor detection\data\raw\primary\meningioma\meningioma_Tr-me_871.jpg
meningioma,F:\brain tumor detection\data\raw\primary\meningioma\meningioma_Tr-me_872.jpg
meningioma,F:\brain tumor detection\data\raw\primary\meningioma\meningioma_Tr-me_873.jpg
meningioma,F:\brain tumor detection\data\raw\primary\meningioma\meningioma_Tr-me_874.jpg
meningioma,F:\brain tumor detection\data\raw\primary\meningioma\meningioma_Tr-me_875.jpg
meningioma,F:\brain tumor detection\data\raw\primary\meningioma\meningioma_Tr-me_876.jpg
meningioma,F:\brain tumor detection\data\raw\primary\meningioma\meningioma_Tr-me_877.jpg
meningioma,F:\brain tumor detection\data\raw\primary\meningioma\meningioma_Tr-me_878.jpg
meningioma,F:\brain tumor detection\data\raw\primary\meningioma\meningioma_Tr-me_879.jpg
meningioma,F:\brain tumor detection\data\raw\primary\meningioma\meningioma_Tr-me_88.jpg
meningioma,F:\brain tumor detection\data\raw\primary\meningioma\meningioma_Tr-me_880.jpg
meningioma,F:\brain tumor detection\data\raw\primary\meningioma\meningioma_Tr-me_881.jpg
meningioma,F:\brain tumor detection\data\raw\primary\meningioma\meningioma_Tr-me_882.jpg
meningioma,F:\brain tumor detection\data\raw\primary\meningioma\meningioma_Tr-me_883.jpg
meningioma,F:\brain tumor detection\data\raw\primary\meningioma\meningioma_Tr-me_884.jpg
meningioma,F:\brain tumor detection\data\raw\primary\meningioma\meningioma_Tr-me_885.jpg
meningioma,F:\brain tumor detection\data\raw\primary\meningioma\meningioma_Tr-me_886.jpg
meningioma,F:\brain tumor detection\data\raw\primary\meningioma\meningioma_Tr-me_887.jpg
meningioma,F:\brain tumor detection\data\raw\primary\meningioma\meningioma_Tr-me_888.jpg
meningioma,F:\brain tumor detection\data\raw\primary\meningioma\meningioma_Tr-me_889.jpg
meningioma,F:\brain tumor detection\data\raw\primary\meningioma\meningioma_Tr-me_89.jpg
meningioma,F:\brain tumor detection\data\raw\primary\meningioma\meningioma_Tr-me_890.jpg
meningioma,F:\brain tumor detection\data\raw\primary\meningioma\meningioma_Tr-me_891.jpg
meningioma,F:\brain tumor detection\data\raw\primary\meningioma\meningioma_Tr-me_892.jpg
meningioma,F:\brain tumor detection\data\raw\primary\meningioma\meningioma_Tr-me_893.jpg
meningioma,F:\brain tumor detection\data\raw\primary\meningioma\meningioma_Tr-me_894.jpg
meningioma,F:\brain tumor detection\data\raw\primary\meningioma\meningioma_Tr-me_895.jpg
meningioma,F:\brain tumor detection\data\raw\primary\meningioma\meningioma_Tr-me_896.jpg
meningioma,F:\brain tumor detection\data\raw\primary\meningioma\meningioma_Tr-me_897.jpg
meningioma,F:\brain tumor detection\data\raw\primary\meningioma\meningioma_Tr-me_898.jpg
meningioma,F:\brain tumor detection\data\raw\primary\meningioma\meningioma_Tr-me_899.jpg
meningioma,F:\brain tumor detection\data\raw\primary\meningioma\meningioma_Tr-me_9.jpg
meningioma,F:\brain tumor detection\data\raw\primary\meningioma\meningioma_Tr-me_90.jpg
meningioma,F:\brain tumor detection\data\raw\primary\meningioma\meningioma_Tr-me_900.jpg
meningioma,F:\brain tumor detection\data\raw\primary\meningioma\meningioma_Tr-me_901.jpg
meningioma,F:\brain tumor detection\data\raw\primary\meningioma\meningioma_Tr-me_902.jpg
meningioma,F:\brain tumor detection\data\raw\primary\meningioma\meningioma_Tr-me_903.jpg
meningioma,F:\brain tumor detection\data\raw\primary\meningioma\meningioma_Tr-me_904.jpg
meningioma,F:\brain tumor detection\data\raw\primary\meningioma\meningioma_Tr-me_905.jpg
meningioma,F:\brain tumor detection\data\raw\primary\meningioma\meningioma_Tr-me_906.jpg
meningioma,F:\brain tumor detection\data\raw\primary\meningioma\meningioma_Tr-me_907.jpg
meningioma,F:\brain tumor detection\data\raw\primary\meningioma\meningioma_Tr-me_908.jpg
meningioma,F:\brain tumor detection\data\raw\primary\meningioma\meningioma_Tr-me_909.jpg
meningioma,F:\brain tumor detection\data\raw\primary\meningioma\meningioma_Tr-me_91.jpg
meningioma,F:\brain tumor detection\data\raw\primary\meningioma\meningioma_Tr-me_910.jpg
meningioma,F:\brain tumor detection\data\raw\primary\meningioma\meningioma_Tr-me_911.jpg
meningioma,F:\brain tumor detection\data\raw\primary\meningioma\meningioma_Tr-me_912.jpg
meningioma,F:\brain tumor detection\data\raw\primary\meningioma\meningioma_Tr-me_913.jpg
meningioma,F:\brain tumor detection\data\raw\primary\meningioma\meningioma_Tr-me_914.jpg
meningioma,F:\brain tumor detection\data\raw\primary\meningioma\meningioma_Tr-me_915.jpg
meningioma,F:\brain tumor detection\data\raw\primary\meningioma\meningioma_Tr-me_916.jpg
meningioma,F:\brain tumor detection\data\raw\primary\meningioma\meningioma_Tr-me_917.jpg
meningioma,F:\brain tumor detection\data\raw\primary\meningioma\meningioma_Tr-me_918.jpg
meningioma,F:\brain tumor detection\data\raw\primary\meningioma\meningioma_Tr-me_919.jpg
meningioma,F:\brain tumor detection\data\raw\primary\meningioma\meningioma_Tr-me_92.jpg
meningioma,F:\brain tumor detection\data\raw\primary\meningioma\meningioma_Tr-me_920.jpg
meningioma,F:\brain tumor detection\data\raw\primary\meningioma\meningioma_Tr-me_921.jpg
meningioma,F:\brain tumor detection\data\raw\primary\meningioma\meningioma_Tr-me_922.jpg
meningioma,F:\brain tumor detection\data\raw\primary\meningioma\meningioma_Tr-me_923.jpg
meningioma,F:\brain tumor detection\data\raw\primary\meningioma\meningioma_Tr-me_924.jpg
meningioma,F:\brain tumor detection\data\raw\primary\meningioma\meningioma_Tr-me_925.jpg
meningioma,F:\brain tumor detection\data\raw\primary\meningioma\meningioma_Tr-me_926.jpg
meningioma,F:\brain tumor detection\data\raw\primary\meningioma\meningioma_Tr-me_927.jpg
meningioma,F:\brain tumor detection\data\raw\primary\meningioma\meningioma_Tr-me_928.jpg
meningioma,F:\brain tumor detection\data\raw\primary\meningioma\meningioma_Tr-me_929.jpg
meningioma,F:\brain tumor detection\data\raw\primary\meningioma\meningioma_Tr-me_93.jpg
meningioma,F:\brain tumor detection\data\raw\primary\meningioma\meningioma_Tr-me_930.jpg
meningioma,F:\brain tumor detection\data\raw\primary\meningioma\meningioma_Tr-me_931.jpg
meningioma,F:\brain tumor detection\data\raw\primary\meningioma\meningioma_Tr-me_932.jpg
meningioma,F:\brain tumor detection\data\raw\primary\meningioma\meningioma_Tr-me_933.jpg
meningioma,F:\brain tumor detection\data\raw\primary\meningioma\meningioma_Tr-me_934.jpg
meningioma,F:\brain tumor detection\data\raw\primary\meningioma\meningioma_Tr-me_935.jpg
meningioma,F:\brain tumor detection\data\raw\primary\meningioma\meningioma_Tr-me_936.jpg
meningioma,F:\brain tumor detection\data\raw\primary\meningioma\meningioma_Tr-me_937.jpg
meningioma,F:\brain tumor detection\data\raw\primary\meningioma\meningioma_Tr-me_938.jpg
meningioma,F:\brain tumor detection\data\raw\primary\meningioma\meningioma_Tr-me_939.jpg
meningioma,F:\brain tumor detection\data\raw\primary\meningioma\meningioma_Tr-me_94.jpg
meningioma,F:\brain tumor detection\data\raw\primary\meningioma\meningioma_Tr-me_940.jpg
meningioma,F:\brain tumor detection\data\raw\primary\meningioma\meningioma_Tr-me_941.jpg
meningioma,F:\brain tumor detection\data\raw\primary\meningioma\meningioma_Tr-me_942.jpg
meningioma,F:\brain tumor detection\data\raw\primary\meningioma\meningioma_Tr-me_943.jpg
meningioma,F:\brain tumor detection\data\raw\primary\meningioma\meningioma_Tr-me_944.jpg
meningioma,F:\brain tumor detection\data\raw\primary\meningioma\meningioma_Tr-me_945.jpg
meningioma,F:\brain tumor detection\data\raw\primary\meningioma\meningioma_Tr-me_946.jpg
meningioma,F:\brain tumor detection\data\raw\primary\meningioma\meningioma_Tr-me_947.jpg
meningioma,F:\brain tumor detection\data\raw\primary\meningioma\meningioma_Tr-me_948.jpg
meningioma,F:\brain tumor detection\data\raw\primary\meningioma\meningioma_Tr-me_949.jpg
meningioma,F:\brain tumor detection\data\raw\primary\meningioma\meningioma_Tr-me_95.jpg
meningioma,F:\brain tumor detection\data\raw\primary\meningioma\meningioma_Tr-me_950.jpg
meningioma,F:\brain tumor detection\data\raw\primary\meningioma\meningioma_Tr-me_951.jpg
meningioma,F:\brain tumor detection\data\raw\primary\meningioma\meningioma_Tr-me_952.jpg
meningioma,F:\brain tumor detection\data\raw\primary\meningioma\meningioma_Tr-me_953.jpg
meningioma,F:\brain tumor detection\data\raw\primary\meningioma\meningioma_Tr-me_954.jpg
meningioma,F:\brain tumor detection\data\raw\primary\meningioma\meningioma_Tr-me_955.jpg
meningioma,F:\brain tumor detection\data\raw\primary\meningioma\meningioma_Tr-me_956.jpg
meningioma,F:\brain tumor detection\data\raw\primary\meningioma\meningioma_Tr-me_957.jpg
meningioma,F:\brain tumor detection\data\raw\primary\meningioma\meningioma_Tr-me_958.jpg
meningioma,F:\brain tumor detection\data\raw\primary\meningioma\meningioma_Tr-me_959.jpg
meningioma,F:\brain tumor detection\data\raw\primary\meningioma\meningioma_Tr-me_96.jpg
meningioma,F:\brain tumor detection\data\raw\primary\meningioma\meningioma_Tr-me_960.jpg
meningioma,F:\brain tumor detection\data\raw\primary\meningioma\meningioma_Tr-me_961.jpg
meningioma,F:\brain tumor detection\data\raw\primary\meningioma\meningioma_Tr-me_962.jpg
meningioma,F:\brain tumor detection\data\raw\primary\meningioma\meningioma_Tr-me_963.jpg
meningioma,F:\brain tumor detection\data\raw\primary\meningioma\meningioma_Tr-me_964.jpg
meningioma,F:\brain tumor detection\data\raw\primary\meningioma\meningioma_Tr-me_965.jpg
meningioma,F:\brain tumor detection\data\raw\primary\meningioma\meningioma_Tr-me_966.jpg
meningioma,F:\brain tumor detection\data\raw\primary\meningioma\meningioma_Tr-me_967.jpg
meningioma,F:\brain tumor detection\data\raw\primary\meningioma\meningioma_Tr-me_968.jpg
meningioma,F:\brain tumor detection\data\raw\primary\meningioma\meningioma_Tr-me_969.jpg
meningioma,F:\brain tumor detection\data\raw\primary\meningioma\meningioma_Tr-me_97.jpg
meningioma,F:\brain tumor detection\data\raw\primary\meningioma\meningioma_Tr-me_970.jpg
meningioma,F:\brain tumor detection\data\raw\primary\meningioma\meningioma_Tr-me_971.jpg
meningioma,F:\brain tumor detection\data\raw\primary\meningioma\meningioma_Tr-me_972.jpg
meningioma,F:\brain tumor detection\data\raw\primary\meningioma\meningioma_Tr-me_973.jpg
meningioma,F:\brain tumor detection\data\raw\primary\meningioma\meningioma_Tr-me_974.jpg
meningioma,F:\brain tumor detection\data\raw\primary\meningioma\meningioma_Tr-me_975.jpg
meningioma,F:\brain tumor detection\data\raw\primary\meningioma\meningioma_Tr-me_976.jpg
meningioma,F:\brain tumor detection\data\raw\primary\meningioma\meningioma_Tr-me_977.jpg
meningioma,F:\brain tumor detection\data\raw\primary\meningioma\meningioma_Tr-me_978.jpg
meningioma,F:\brain tumor detection\data\raw\primary\meningioma\meningioma_Tr-me_979.jpg
meningioma,F:\brain tumor detection\data\raw\primary\meningioma\meningioma_Tr-me_98.jpg
meningioma,F:\brain tumor detection\data\raw\primary\meningioma\meningioma_Tr-me_980.jpg
meningioma,F:\brain tumor detection\data\raw\primary\meningioma\meningioma_Tr-me_981.jpg
meningioma,F:\brain tumor detection\data\raw\primary\meningioma\meningioma_Tr-me_982.jpg
meningioma,F:\brain tumor detection\data\raw\primary\meningioma\meningioma_Tr-me_983.jpg
meningioma,F:\brain tumor detection\data\raw\primary\meningioma\meningioma_Tr-me_984.jpg
meningioma,F:\brain tumor detection\data\raw\primary\meningioma\meningioma_Tr-me_985.jpg
meningioma,F:\brain tumor detection\data\raw\primary\meningioma\meningioma_Tr-me_986.jpg
meningioma,F:\brain tumor detection\data\raw\primary\meningioma\meningioma_Tr-me_987.jpg
meningioma,F:\brain tumor detection\data\raw\primary\meningioma\meningioma_Tr-me_988.jpg
meningioma,F:\brain tumor detection\data\raw\primary\meningioma\meningioma_Tr-me_989.jpg
meningioma,F:\brain tumor detection\data\raw\primary\meningioma\meningioma_Tr-me_99.jpg
meningioma,F:\brain tumor detection\data\raw\primary\meningioma\meningioma_Tr-me_990.jpg
meningioma,F:\brain tumor detection\data\raw\primary\meningioma\meningioma_Tr-me_991.jpg
meningioma,F:\brain tumor detection\data\raw\primary\meningioma\meningioma_Tr-me_992.jpg
meningioma,F:\brain tumor detection\data\raw\primary\meningioma\meningioma_Tr-me_993.jpg
meningioma,F:\brain tumor detection\data\raw\primary\meningioma\meningioma_Tr-me_994.jpg
meningioma,F:\brain tumor detection\data\raw\primary\meningioma\meningioma_Tr-me_995.jpg
meningioma,F:\brain tumor detection\data\raw\primary\meningioma\meningioma_Tr-me_996.jpg
meningioma,F:\brain tumor detection\data\raw\primary\meningioma\meningioma_Tr-me_997.jpg
meningioma,F:\brain tumor detection\data\raw\primary\meningioma\meningioma_Tr-me_998.jpg
meningioma,F:\brain tumor detection\data\raw\primary\meningioma\meningioma_Tr-me_999.jpg
notumor,F:\brain tumor detection\data\raw\primary\notumor\notumor_Tr-no_1.jpg
notumor,F:\brain tumor detection\data\raw\primary\notumor\notumor_Tr-no_10.jpg
notumor,F:\brain tumor detection\data\raw\primary\notumor\notumor_Tr-no_100.jpg
notumor,F:\brain tumor detection\data\raw\primary\notumor\notumor_Tr-no_1000.jpg
notumor,F:\brain tumor detection\data\raw\primary\notumor\notumor_Tr-no_1001.jpg
notumor,F:\brain tumor detection\data\raw\primary\notumor\notumor_Tr-no_1002.jpg
notumor,F:\brain tumor detection\data\raw\primary\notumor\notumor_Tr-no_1003.jpg
notumor,F:\brain tumor detection\data\raw\primary\notumor\notumor_Tr-no_1004.jpg
notumor,F:\brain tumor detection\data\raw\primary\notumor\notumor_Tr-no_1005.jpg
notumor,F:\brain tumor detection\data\raw\primary\notumor\notumor_Tr-no_1006.jpg
notumor,F:\brain tumor detection\data\raw\primary\notumor\notumor_Tr-no_1007.jpg
notumor,F:\brain tumor detection\data\raw\primary\notumor\notumor_Tr-no_1008.jpg
notumor,F:\brain tumor detection\data\raw\primary\notumor\notumor_Tr-no_1009.jpg
notumor,F:\brain tumor detection\data\raw\primary\notumor\notumor_Tr-no_101.jpg
notumor,F:\brain tumor detection\data\raw\primary\notumor\notumor_Tr-no_1010.jpg
notumor,F:\brain tumor detection\data\raw\primary\notumor\notumor_Tr-no_1011.jpg
notumor,F:\brain tumor detection\data\raw\primary\notumor\notumor_Tr-no_1012.jpg
notumor,F:\brain tumor detection\data\raw\primary\notumor\notumor_Tr-no_1013.jpg
notumor,F:\brain tumor detection\data\raw\primary\notumor\notumor_Tr-no_1014.jpg
notumor,F:\brain tumor detection\data\raw\primary\notumor\notumor_Tr-no_1015.jpg
notumor,F:\brain tumor detection\data\raw\primary\notumor\notumor_Tr-no_1016.jpg
notumor,F:\brain tumor detection\data\raw\primary\notumor\notumor_Tr-no_1017.jpg
notumor,F:\brain tumor detection\data\raw\primary\notumor\notumor_Tr-no_1018.jpg
notumor,F:\brain tumor detection\data\raw\primary\notumor\notumor_Tr-no_1019.jpg
notumor,F:\brain tumor detection\data\raw\primary\notumor\notumor_Tr-no_102.jpg
notumor,F:\brain tumor detection\data\raw\primary\notumor\notumor_Tr-no_1020.jpg
notumor,F:\brain tumor detection\data\raw\primary\notumor\notumor_Tr-no_1021.jpg
notumor,F:\brain tumor detection\data\raw\primary\notumor\notumor_Tr-no_1022.jpg
notumor,F:\brain tumor detection\data\raw\primary\notumor\notumor_Tr-no_1023.jpg
notumor,F:\brain tumor detection\data\raw\primary\notumor\notumor_Tr-no_1024.jpg
notumor,F:\brain tumor detection\data\raw\primary\notumor\notumor_Tr-no_1025.jpg
notumor,F:\brain tumor detection\data\raw\primary\notumor\notumor_Tr-no_1026.jpg
notumor,F:\brain tumor detection\data\raw\primary\notumor\notumor_Tr-no_1027.jpg
notumor,F:\brain tumor detection\data\raw\primary\notumor\notumor_Tr-no_1028.jpg
notumor,F:\brain tumor detection\data\raw\primary\notumor\notumor_Tr-no_1029.jpg
notumor,F:\brain tumor detection\data\raw\primary\notumor\notumor_Tr-no_103.jpg
notumor,F:\brain tumor detection\data\raw\primary\notumor\notumor_Tr-no_1030.jpg
notumor,F:\brain tumor detection\data\raw\primary\notumor\notumor_Tr-no_1031.jpg
notumor,F:\brain tumor detection\data\raw\primary\notumor\notumor_Tr-no_1032.jpg
notumor,F:\brain tumor detection\data\raw\primary\notumor\notumor_Tr-no_1033.jpg
notumor,F:\brain tumor detection\data\raw\primary\notumor\notumor_Tr-no_1034.jpg
notumor,F:\brain tumor detection\data\raw\primary\notumor\notumor_Tr-no_1035.jpg
notumor,F:\brain tumor detection\data\raw\primary\notumor\notumor_Tr-no_1036.jpg
notumor,F:\brain tumor detection\data\raw\primary\notumor\notumor_Tr-no_1037.jpg
notumor,F:\brain tumor detection\data\raw\primary\notumor\notumor_Tr-no_1038.jpg
notumor,F:\brain tumor detection\data\raw\primary\notumor\notumor_Tr-no_1039.jpg
notumor,F:\brain tumor detection\data\raw\primary\notumor\notumor_Tr-no_104.jpg
notumor,F:\brain tumor detection\data\raw\primary\notumor\notumor_Tr-no_1040.jpg
notumor,F:\brain tumor detection\data\raw\primary\notumor\notumor_Tr-no_1041.jpg
notumor,F:\brain tumor detection\data\raw\primary\notumor\notumor_Tr-no_1042.jpg
notumor,F:\brain tumor detection\data\raw\primary\notumor\notumor_Tr-no_1043.jpg
notumor,F:\brain tumor detection\data\raw\primary\notumor\notumor_Tr-no_1044.jpg
notumor,F:\brain tumor detection\data\raw\primary\notumor\notumor_Tr-no_1045.jpg
notumor,F:\brain tumor detection\data\raw\primary\notumor\notumor_Tr-no_1046.jpg
notumor,F:\brain tumor detection\data\raw\primary\notumor\notumor_Tr-no_1047.jpg
notumor,F:\brain tumor detection\data\raw\primary\notumor\notumor_Tr-no_1048.jpg
notumor,F:\brain tumor detection\data\raw\primary\notumor\notumor_Tr-no_1049.jpg
notumor,F:\brain tumor detection\data\raw\primary\notumor\notumor_Tr-no_105.jpg
notumor,F:\brain tumor detection\data\raw\primary\notumor\notumor_Tr-no_1050.jpg
notumor,F:\brain tumor detection\data\raw\primary\notumor\notumor_Tr-no_1051.jpg
notumor,F:\brain tumor detection\data\raw\primary\notumor\notumor_Tr-no_1052.jpg
notumor,F:\brain tumor detection\data\raw\primary\notumor\notumor_Tr-no_1053.jpg
notumor,F:\brain tumor detection\data\raw\primary\notumor\notumor_Tr-no_1054.jpg
notumor,F:\brain tumor detection\data\raw\primary\notumor\notumor_Tr-no_1055.jpg
notumor,F:\brain tumor detection\data\raw\primary\notumor\notumor_Tr-no_1056.jpg
notumor,F:\brain tumor detection\data\raw\primary\notumor\notumor_Tr-no_1057.jpg
notumor,F:\brain tumor detection\data\raw\primary\notumor\notumor_Tr-no_1058.jpg
notumor,F:\brain tumor detection\data\raw\primary\notumor\notumor_Tr-no_1059.jpg
notumor,F:\brain tumor detection\data\raw\primary\notumor\notumor_Tr-no_106.jpg
notumor,F:\brain tumor detection\data\raw\primary\notumor\notumor_Tr-no_1060.jpg
notumor,F:\brain tumor detection\data\raw\primary\notumor\notumor_Tr-no_1061.jpg
notumor,F:\brain tumor detection\data\raw\primary\notumor\notumor_Tr-no_1062.jpg
notumor,F:\brain tumor detection\data\raw\primary\notumor\notumor_Tr-no_1063.jpg
notumor,F:\brain tumor detection\data\raw\primary\notumor\notumor_Tr-no_1064.jpg
notumor,F:\brain tumor detection\data\raw\primary\notumor\notumor_Tr-no_1065.jpg
notumor,F:\brain tumor detection\data\raw\primary\notumor\notumor_Tr-no_1066.jpg
notumor,F:\brain tumor detection\data\raw\primary\notumor\notumor_Tr-no_1067.jpg
notumor,F:\brain tumor detection\data\raw\primary\notumor\notumor_Tr-no_1068.jpg
notumor,F:\brain tumor detection\data\raw\primary\notumor\notumor_Tr-no_1069.jpg
notumor,F:\brain tumor detection\data\raw\primary\notumor\notumor_Tr-no_107.jpg
notumor,F:\brain tumor detection\data\raw\primary\notumor\notumor_Tr-no_1070.jpg
notumor,F:\brain tumor detection\data\raw\primary\notumor\notumor_Tr-no_1071.jpg
notumor,F:\brain tumor detection\data\raw\primary\notumor\notumor_Tr-no_1072.jpg
notumor,F:\brain tumor detection\data\raw\primary\notumor\notumor_Tr-no_1073.jpg
notumor,F:\brain tumor detection\data\raw\primary\notumor\notumor_Tr-no_1074.jpg
notumor,F:\brain tumor detection\data\raw\primary\notumor\notumor_Tr-no_1075.jpg
notumor,F:\brain tumor detection\data\raw\primary\notumor\notumor_Tr-no_1076.jpg
notumor,F:\brain tumor detection\data\raw\primary\notumor\notumor_Tr-no_1077.jpg
notumor,F:\brain tumor detection\data\raw\primary\notumor\notumor_Tr-no_1078.jpg
notumor,F:\brain tumor detection\data\raw\primary\notumor\notumor_Tr-no_1079.jpg
notumor,F:\brain tumor detection\data\raw\primary\notumor\notumor_Tr-no_108.jpg
notumor,F:\brain tumor detection\data\raw\primary\notumor\notumor_Tr-no_1080.jpg
notumor,F:\brain tumor detection\data\raw\primary\notumor\notumor_Tr-no_1081.jpg
notumor,F:\brain tumor detection\data\raw\primary\notumor\notumor_Tr-no_1082.jpg
notumor,F:\brain tumor detection\data\raw\primary\notumor\notumor_Tr-no_1083.jpg
notumor,F:\brain tumor detection\data\raw\primary\notumor\notumor_Tr-no_1084.jpg
notumor,F:\brain tumor detection\data\raw\primary\notumor\notumor_Tr-no_1085.jpg
notumor,F:\brain tumor detection\data\raw\primary\notumor\notumor_Tr-no_1086.jpg
notumor,F:\brain tumor detection\data\raw\primary\notumor\notumor_Tr-no_1087.jpg
notumor,F:\brain tumor detection\data\raw\primary\notumor\notumor_Tr-no_1088.jpg
notumor,F:\brain tumor detection\data\raw\primary\notumor\notumor_Tr-no_1089.jpg
notumor,F:\brain tumor detection\data\raw\primary\notumor\notumor_Tr-no_109.jpg
notumor,F:\brain tumor detection\data\raw\primary\notumor\notumor_Tr-no_1090.jpg
notumor,F:\brain tumor detection\data\raw\primary\notumor\notumor_Tr-no_1091.jpg
notumor,F:\brain tumor detection\data\raw\primary\notumor\notumor_Tr-no_1092.jpg
notumor,F:\brain tumor detection\data\raw\primary\notumor\notumor_Tr-no_1093.jpg
notumor,F:\brain tumor detection\data\raw\primary\notumor\notumor_Tr-no_1094.jpg
notumor,F:\brain tumor detection\data\raw\primary\notumor\notumor_Tr-no_1095.jpg
notumor,F:\brain tumor detection\data\raw\primary\notumor\notumor_Tr-no_1096.jpg
notumor,F:\brain tumor detection\data\raw\primary\notumor\notumor_Tr-no_1097.jpg
notumor,F:\brain tumor detection\data\raw\primary\notumor\notumor_Tr-no_1098.jpg
notumor,F:\brain tumor detection\data\raw\primary\notumor\notumor_Tr-no_1099.jpg
notumor,F:\brain tumor detection\data\raw\primary\notumor\notumor_Tr-no_11.jpg
notumor,F:\brain tumor detection\data\raw\primary\notumor\notumor_Tr-no_110.jpg
notumor,F:\brain tumor detection\data\raw\primary\notumor\notumor_Tr-no_1100.jpg
notumor,F:\brain tumor detection\data\raw\primary\notumor\notumor_Tr-no_1101.jpg
notumor,F:\brain tumor detection\data\raw\primary\notumor\notumor_Tr-no_1102.jpg
notumor,F:\brain tumor detection\data\raw\primary\notumor\notumor_Tr-no_1103.jpg
notumor,F:\brain tumor detection\data\raw\primary\notumor\notumor_Tr-no_1104.jpg
notumor,F:\brain tumor detection\data\raw\primary\notumor\notumor_Tr-no_1105.jpg
notumor,F:\brain tumor detection\data\raw\primary\notumor\notumor_Tr-no_1106.jpg
notumor,F:\brain tumor detection\data\raw\primary\notumor\notumor_Tr-no_1107.jpg
notumor,F:\brain tumor detection\data\raw\primary\notumor\notumor_Tr-no_1108.jpg
notumor,F:\brain tumor detection\data\raw\primary\notumor\notumor_Tr-no_1109.jpg
notumor,F:\brain tumor detection\data\raw\primary\notumor\notumor_Tr-no_111.jpg
notumor,F:\brain tumor detection\data\raw\primary\notumor\notumor_Tr-no_1110.jpg
notumor,F:\brain tumor detection\data\raw\primary\notumor\notumor_Tr-no_1111.jpg
notumor,F:\brain tumor detection\data\raw\primary\notumor\notumor_Tr-no_1112.jpg
notumor,F:\brain tumor detection\data\raw\primary\notumor\notumor_Tr-no_1113.jpg
notumor,F:\brain tumor detection\data\raw\primary\notumor\notumor_Tr-no_1114.jpg
notumor,F:\brain tumor detection\data\raw\primary\notumor\notumor_Tr-no_1115.jpg
notumor,F:\brain tumor detection\data\raw\primary\notumor\notumor_Tr-no_1116.jpg
notumor,F:\brain tumor detection\data\raw\primary\notumor\notumor_Tr-no_1117.jpg
notumor,F:\brain tumor detection\data\raw\primary\notumor\notumor_Tr-no_1118.jpg
notumor,F:\brain tumor detection\data\raw\primary\notumor\notumor_Tr-no_1119.jpg
notumor,F:\brain tumor detection\data\raw\primary\notumor\notumor_Tr-no_112.jpg
notumor,F:\brain tumor detection\data\raw\primary\notumor\notumor_Tr-no_1120.jpg
notumor,F:\brain tumor detection\data\raw\primary\notumor\notumor_Tr-no_1121.jpg
notumor,F:\brain tumor detection\data\raw\primary\notumor\notumor_Tr-no_1122.jpg
notumor,F:\brain tumor detection\data\raw\primary\notumor\notumor_Tr-no_1123.jpg
notumor,F:\brain tumor detection\data\raw\primary\notumor\notumor_Tr-no_1124.jpg
notumor,F:\brain tumor detection\data\raw\primary\notumor\notumor_Tr-no_1125.jpg
notumor,F:\brain tumor detection\data\raw\primary\notumor\notumor_Tr-no_1126.jpg
notumor,F:\brain tumor detection\data\raw\primary\notumor\notumor_Tr-no_1127.jpg
notumor,F:\brain tumor detection\data\raw\primary\notumor\notumor_Tr-no_1128.jpg
notumor,F:\brain tumor detection\data\raw\primary\notumor\notumor_Tr-no_1129.jpg
notumor,F:\brain tumor detection\data\raw\primary\notumor\notumor_Tr-no_113.jpg
notumor,F:\brain tumor detection\data\raw\primary\notumor\notumor_Tr-no_1130.jpg
notumor,F:\brain tumor detection\data\raw\primary\notumor\notumor_Tr-no_1131.jpg
notumor,F:\brain tumor detection\data\raw\primary\notumor\notumor_Tr-no_1132.jpg
notumor,F:\brain tumor detection\data\raw\primary\notumor\notumor_Tr-no_1133.jpg
notumor,F:\brain tumor detection\data\raw\primary\notumor\notumor_Tr-no_1134.jpg
notumor,F:\brain tumor detection\data\raw\primary\notumor\notumor_Tr-no_1135.jpg
notumor,F:\brain tumor detection\data\raw\primary\notumor\notumor_Tr-no_1136.jpg
notumor,F:\brain tumor detection\data\raw\primary\notumor\notumor_Tr-no_1137.jpg
notumor,F:\brain tumor detection\data\raw\primary\notumor\notumor_Tr-no_1138.jpg
notumor,F:\brain tumor detection\data\raw\primary\notumor\notumor_Tr-no_1139.jpg
notumor,F:\brain tumor detection\data\raw\primary\notumor\notumor_Tr-no_114.jpg
notumor,F:\brain tumor detection\data\raw\primary\notumor\notumor_Tr-no_1140.jpg
notumor,F:\brain tumor detection\data\raw\primary\notumor\notumor_Tr-no_1141.jpg
notumor,F:\brain tumor detection\data\raw\primary\notumor\notumor_Tr-no_1142.jpg
notumor,F:\brain tumor detection\data\raw\primary\notumor\notumor_Tr-no_1143.jpg
notumor,F:\brain tumor detection\data\raw\primary\notumor\notumor_Tr-no_1144.jpg
notumor,F:\brain tumor detection\data\raw\primary\notumor\notumor_Tr-no_1145.jpg
notumor,F:\brain tumor detection\data\raw\primary\notumor\notumor_Tr-no_1146.jpg
notumor,F:\brain tumor detection\data\raw\primary\notumor\notumor_Tr-no_1147.jpg
notumor,F:\brain tumor detection\data\raw\primary\notumor\notumor_Tr-no_1148.jpg
notumor,F:\brain tumor detection\data\raw\primary\notumor\notumor_Tr-no_1149.jpg
notumor,F:\brain tumor detection\data\raw\primary\notumor\notumor_Tr-no_115.jpg
notumor,F:\brain tumor detection\data\raw\primary\notumor\notumor_Tr-no_1150.jpg
notumor,F:\brain tumor detection\data\raw\primary\notumor\notumor_Tr-no_1151.jpg
notumor,F:\brain tumor detection\data\raw\primary\notumor\notumor_Tr-no_1152.jpg
notumor,F:\brain tumor detection\data\raw\primary\notumor\notumor_Tr-no_1153.jpg
notumor,F:\brain tumor detection\data\raw\primary\notumor\notumor_Tr-no_1154.jpg
notumor,F:\brain tumor detection\data\raw\primary\notumor\notumor_Tr-no_1155.jpg
notumor,F:\brain tumor detection\data\raw\primary\notumor\notumor_Tr-no_1156.jpg
notumor,F:\brain tumor detection\data\raw\primary\notumor\notumor_Tr-no_1157.jpg
notumor,F:\brain tumor detection\data\raw\primary\notumor\notumor_Tr-no_1158.jpg
notumor,F:\brain tumor detection\data\raw\primary\notumor\notumor_Tr-no_1159.jpg
notumor,F:\brain tumor detection\data\raw\primary\notumor\notumor_Tr-no_116.jpg
notumor,F:\brain tumor detection\data\raw\primary\notumor\notumor_Tr-no_1160.jpg
notumor,F:\brain tumor detection\data\raw\primary\notumor\notumor_Tr-no_1161.jpg
notumor,F:\brain tumor detection\data\raw\primary\notumor\notumor_Tr-no_1162.jpg
notumor,F:\brain tumor detection\data\raw\primary\notumor\notumor_Tr-no_1163.jpg
notumor,F:\brain tumor detection\data\raw\primary\notumor\notumor_Tr-no_1164.jpg
notumor,F:\brain tumor detection\data\raw\primary\notumor\notumor_Tr-no_1165.jpg
notumor,F:\brain tumor detection\data\raw\primary\notumor\notumor_Tr-no_1166.jpg
notumor,F:\brain tumor detection\data\raw\primary\notumor\notumor_Tr-no_1167.jpg
notumor,F:\brain tumor detection\data\raw\primary\notumor\notumor_Tr-no_1168.jpg
notumor,F:\brain tumor detection\data\raw\primary\notumor\notumor_Tr-no_1169.jpg
notumor,F:\brain tumor detection\data\raw\primary\notumor\notumor_Tr-no_117.jpg
notumor,F:\brain tumor detection\data\raw\primary\notumor\notumor_Tr-no_1170.jpg
notumor,F:\brain tumor detection\data\raw\primary\notumor\notumor_Tr-no_1171.jpg
notumor,F:\brain tumor detection\data\raw\primary\notumor\notumor_Tr-no_1172.jpg
notumor,F:\brain tumor detection\data\raw\primary\notumor\notumor_Tr-no_1173.jpg
notumor,F:\brain tumor detection\data\raw\primary\notumor\notumor_Tr-no_1174.jpg
notumor,F:\brain tumor detection\data\raw\primary\notumor\notumor_Tr-no_1175.jpg
notumor,F:\brain tumor detection\data\raw\primary\notumor\notumor_Tr-no_1176.jpg
notumor,F:\brain tumor detection\data\raw\primary\notumor\notumor_Tr-no_1177.jpg
notumor,F:\brain tumor detection\data\raw\primary\notumor\notumor_Tr-no_1178.jpg
notumor,F:\brain tumor detection\data\raw\primary\notumor\notumor_Tr-no_1179.jpg
notumor,F:\brain tumor detection\data\raw\primary\notumor\notumor_Tr-no_118.jpg
notumor,F:\brain tumor detection\data\raw\primary\notumor\notumor_Tr-no_1180.jpg
notumor,F:\brain tumor detection\data\raw\primary\notumor\notumor_Tr-no_1181.jpg
notumor,F:\brain tumor detection\data\raw\primary\notumor\notumor_Tr-no_1182.jpg
notumor,F:\brain tumor detection\data\raw\primary\notumor\notumor_Tr-no_1183.jpg
notumor,F:\brain tumor detection\data\raw\primary\notumor\notumor_Tr-no_1184.jpg
notumor,F:\brain tumor detection\data\raw\primary\notumor\notumor_Tr-no_1185.jpg
notumor,F:\brain tumor detection\data\raw\primary\notumor\notumor_Tr-no_1186.jpg
notumor,F:\brain tumor detection\data\raw\primary\notumor\notumor_Tr-no_1187.jpg
notumor,F:\brain tumor detection\data\raw\primary\notumor\notumor_Tr-no_1188.jpg
notumor,F:\brain tumor detection\data\raw\primary\notumor\notumor_Tr-no_1189.jpg
notumor,F:\brain tumor detection\data\raw\primary\notumor\notumor_Tr-no_119.jpg
notumor,F:\brain tumor detection\data\raw\primary\notumor\notumor_Tr-no_1190.jpg
notumor,F:\brain tumor detection\data\raw\primary\notumor\notumor_Tr-no_1191.jpg
notumor,F:\brain tumor detection\data\raw\primary\notumor\notumor_Tr-no_1192.jpg
notumor,F:\brain tumor detection\data\raw\primary\notumor\notumor_Tr-no_1193.jpg
notumor,F:\brain tumor detection\data\raw\primary\notumor\notumor_Tr-no_1194.jpg
notumor,F:\brain tumor detection\data\raw\primary\notumor\notumor_Tr-no_1195.jpg
notumor,F:\brain tumor detection\data\raw\primary\notumor\notumor_Tr-no_1196.jpg
notumor,F:\brain tumor detection\data\raw\primary\notumor\notumor_Tr-no_1197.jpg
notumor,F:\brain tumor detection\data\raw\primary\notumor\notumor_Tr-no_1198.jpg
notumor,F:\brain tumor detection\data\raw\primary\notumor\notumor_Tr-no_1199.jpg
notumor,F:\brain tumor detection\data\raw\primary\notumor\notumor_Tr-no_12.jpg
notumor,F:\brain tumor detection\data\raw\primary\notumor\notumor_Tr-no_120.jpg
notumor,F:\brain tumor detection\data\raw\primary\notumor\notumor_Tr-no_1200.jpg
notumor,F:\brain tumor detection\data\raw\primary\notumor\notumor_Tr-no_1201.jpg
notumor,F:\brain tumor detection\data\raw\primary\notumor\notumor_Tr-no_1202.jpg
notumor,F:\brain tumor detection\data\raw\primary\notumor\notumor_Tr-no_1203.jpg
notumor,F:\brain tumor detection\data\raw\primary\notumor\notumor_Tr-no_1204.jpg
notumor,F:\brain tumor detection\data\raw\primary\notumor\notumor_Tr-no_1205.jpg
notumor,F:\brain tumor detection\data\raw\primary\notumor\notumor_Tr-no_1206.jpg
notumor,F:\brain tumor detection\data\raw\primary\notumor\notumor_Tr-no_1207.jpg
notumor,F:\brain tumor detection\data\raw\primary\notumor\notumor_Tr-no_1208.jpg
notumor,F:\brain tumor detection\data\raw\primary\notumor\notumor_Tr-no_1209.jpg
notumor,F:\brain tumor detection\data\raw\primary\notumor\notumor_Tr-no_121.jpg
notumor,F:\brain tumor detection\data\raw\primary\notumor\notumor_Tr-no_1210.jpg
notumor,F:\brain tumor detection\data\raw\primary\notumor\notumor_Tr-no_1211.jpg
notumor,F:\brain tumor detection\data\raw\primary\notumor\notumor_Tr-no_1212.jpg
notumor,F:\brain tumor detection\data\raw\primary\notumor\notumor_Tr-no_1213.jpg
notumor,F:\brain tumor detection\data\raw\primary\notumor\notumor_Tr-no_1214.jpg
notumor,F:\brain tumor detection\data\raw\primary\notumor\notumor_Tr-no_1215.jpg
notumor,F:\brain tumor detection\data\raw\primary\notumor\notumor_Tr-no_1216.jpg
notumor,F:\brain tumor detection\data\raw\primary\notumor\notumor_Tr-no_1217.jpg
notumor,F:\brain tumor detection\data\raw\primary\notumor\notumor_Tr-no_1218.jpg
notumor,F:\brain tumor detection\data\raw\primary\notumor\notumor_Tr-no_1219.jpg
notumor,F:\brain tumor detection\data\raw\primary\notumor\notumor_Tr-no_122.jpg
notumor,F:\brain tumor detection\data\raw\primary\notumor\notumor_Tr-no_1220.jpg
notumor,F:\brain tumor detection\data\raw\primary\notumor\notumor_Tr-no_1221.jpg
notumor,F:\brain tumor detection\data\raw\primary\notumor\notumor_Tr-no_1222.jpg
notumor,F:\brain tumor detection\data\raw\primary\notumor\notumor_Tr-no_1223.jpg
notumor,F:\brain tumor detection\data\raw\primary\notumor\notumor_Tr-no_1224.jpg
notumor,F:\brain tumor detection\data\raw\primary\notumor\notumor_Tr-no_1225.jpg
notumor,F:\brain tumor detection\data\raw\primary\notumor\notumor_Tr-no_1226.jpg
notumor,F:\brain tumor detection\data\raw\primary\notumor\notumor_Tr-no_1227.jpg
notumor,F:\brain tumor detection\data\raw\primary\notumor\notumor_Tr-no_1228.jpg
notumor,F:\brain tumor detection\data\raw\primary\notumor\notumor_Tr-no_1229.jpg
notumor,F:\brain tumor detection\data\raw\primary\notumor\notumor_Tr-no_123.jpg
notumor,F:\brain tumor detection\data\raw\primary\notumor\notumor_Tr-no_1230.jpg
notumor,F:\brain tumor detection\data\raw\primary\notumor\notumor_Tr-no_1231.jpg
notumor,F:\brain tumor detection\data\raw\primary\notumor\notumor_Tr-no_1232.jpg
notumor,F:\brain tumor detection\data\raw\primary\notumor\notumor_Tr-no_1233.jpg
notumor,F:\brain tumor detection\data\raw\primary\notumor\notumor_Tr-no_1234.jpg
notumor,F:\brain tumor detection\data\raw\primary\notumor\notumor_Tr-no_1235.jpg
notumor,F:\brain tumor detection\data\raw\primary\notumor\notumor_Tr-no_1236.jpg
notumor,F:\brain tumor detection\data\raw\primary\notumor\notumor_Tr-no_1237.jpg
notumor,F:\brain tumor detection\data\raw\primary\notumor\notumor_Tr-no_1238.jpg
notumor,F:\brain tumor detection\data\raw\primary\notumor\notumor_Tr-no_1239.jpg
notumor,F:\brain tumor detection\data\raw\primary\notumor\notumor_Tr-no_124.jpg
notumor,F:\brain tumor detection\data\raw\primary\notumor\notumor_Tr-no_1240.jpg
notumor,F:\brain tumor detection\data\raw\primary\notumor\notumor_Tr-no_1241.jpg
notumor,F:\brain tumor detection\data\raw\primary\notumor\notumor_Tr-no_1242.jpg
notumor,F:\brain tumor detection\data\raw\primary\notumor\notumor_Tr-no_1243.jpg
notumor,F:\brain tumor detection\data\raw\primary\notumor\notumor_Tr-no_1244.jpg
notumor,F:\brain tumor detection\data\raw\primary\notumor\notumor_Tr-no_1245.jpg
notumor,F:\brain tumor detection\data\raw\primary\notumor\notumor_Tr-no_1246.jpg
notumor,F:\brain tumor detection\data\raw\primary\notumor\notumor_Tr-no_1247.jpg
notumor,F:\brain tumor detection\data\raw\primary\notumor\notumor_Tr-no_1248.jpg
notumor,F:\brain tumor detection\data\raw\primary\notumor\notumor_Tr-no_1249.jpg
notumor,F:\brain tumor detection\data\raw\primary\notumor\notumor_Tr-no_125.jpg
notumor,F:\brain tumor detection\data\raw\primary\notumor\notumor_Tr-no_1250.jpg
notumor,F:\brain tumor detection\data\raw\primary\notumor\notumor_Tr-no_1251.jpg
notumor,F:\brain tumor detection\data\raw\primary\notumor\notumor_Tr-no_1252.jpg
notumor,F:\brain tumor detection\data\raw\primary\notumor\notumor_Tr-no_1253.jpg
notumor,F:\brain tumor detection\data\raw\primary\notumor\notumor_Tr-no_1254.jpg
notumor,F:\brain tumor detection\data\raw\primary\notumor\notumor_Tr-no_1255.jpg
notumor,F:\brain tumor detection\data\raw\primary\notumor\notumor_Tr-no_1256.jpg
notumor,F:\brain tumor detection\data\raw\primary\notumor\notumor_Tr-no_1257.jpg
notumor,F:\brain tumor detection\data\raw\primary\notumor\notumor_Tr-no_1258.jpg
notumor,F:\brain tumor detection\data\raw\primary\notumor\notumor_Tr-no_1259.jpg
notumor,F:\brain tumor detection\data\raw\primary\notumor\notumor_Tr-no_126.jpg
notumor,F:\brain tumor detection\data\raw\primary\notumor\notumor_Tr-no_1260.jpg
notumor,F:\brain tumor detection\data\raw\primary\notumor\notumor_Tr-no_1261.jpg
notumor,F:\brain tumor detection\data\raw\primary\notumor\notumor_Tr-no_1262.jpg
notumor,F:\brain tumor detection\data\raw\primary\notumor\notumor_Tr-no_1263.jpg
notumor,F:\brain tumor detection\data\raw\primary\notumor\notumor_Tr-no_1264.jpg
notumor,F:\brain tumor detection\data\raw\primary\notumor\notumor_Tr-no_1265.jpg
notumor,F:\brain tumor detection\data\raw\primary\notumor\notumor_Tr-no_1266.jpg
notumor,F:\brain tumor detection\data\raw\primary\notumor\notumor_Tr-no_1267.jpg
notumor,F:\brain tumor detection\data\raw\primary\notumor\notumor_Tr-no_1268.jpg
notumor,F:\brain tumor detection\data\raw\primary\notumor\notumor_Tr-no_1269.jpg
notumor,F:\brain tumor detection\data\raw\primary\notumor\notumor_Tr-no_127.jpg
notumor,F:\brain tumor detection\data\raw\primary\notumor\notumor_Tr-no_1270.jpg
notumor,F:\brain tumor detection\data\raw\primary\notumor\notumor_Tr-no_1271.jpg
notumor,F:\brain tumor detection\data\raw\primary\notumor\notumor_Tr-no_1272.jpg
notumor,F:\brain tumor detection\data\raw\primary\notumor\notumor_Tr-no_1273.jpg
notumor,F:\brain tumor detection\data\raw\primary\notumor\notumor_Tr-no_1274.jpg
notumor,F:\brain tumor detection\data\raw\primary\notumor\notumor_Tr-no_1275.jpg
notumor,F:\brain tumor detection\data\raw\primary\notumor\notumor_Tr-no_1276.jpg
notumor,F:\brain tumor detection\data\raw\primary\notumor\notumor_Tr-no_1277.jpg
notumor,F:\brain tumor detection\data\raw\primary\notumor\notumor_Tr-no_1278.jpg
notumor,F:\brain tumor detection\data\raw\primary\notumor\notumor_Tr-no_1279.jpg
notumor,F:\brain tumor detection\data\raw\primary\notumor\notumor_Tr-no_128.jpg
notumor,F:\brain tumor detection\data\raw\primary\notumor\notumor_Tr-no_1280.jpg
notumor,F:\brain tumor detection\data\raw\primary\notumor\notumor_Tr-no_1281.jpg
notumor,F:\brain tumor detection\data\raw\primary\notumor\notumor_Tr-no_1282.jpg
notumor,F:\brain tumor detection\data\raw\primary\notumor\notumor_Tr-no_1283.jpg
notumor,F:\brain tumor detection\data\raw\primary\notumor\notumor_Tr-no_1284.jpg
notumor,F:\brain tumor detection\data\raw\primary\notumor\notumor_Tr-no_1285.jpg
notumor,F:\brain tumor detection\data\raw\primary\notumor\notumor_Tr-no_1286.jpg
notumor,F:\brain tumor detection\data\raw\primary\notumor\notumor_Tr-no_1287.jpg
notumor,F:\brain tumor detection\data\raw\primary\notumor\notumor_Tr-no_1288.jpg
notumor,F:\brain tumor detection\data\raw\primary\notumor\notumor_Tr-no_1289.jpg
notumor,F:\brain tumor detection\data\raw\primary\notumor\notumor_Tr-no_129.jpg
notumor,F:\brain tumor detection\data\raw\primary\notumor\notumor_Tr-no_1290.jpg
notumor,F:\brain tumor detection\data\raw\primary\notumor\notumor_Tr-no_1291.jpg
notumor,F:\brain tumor detection\data\raw\primary\notumor\notumor_Tr-no_1292.jpg
notumor,F:\brain tumor detection\data\raw\primary\notumor\notumor_Tr-no_1293.jpg
notumor,F:\brain tumor detection\data\raw\primary\notumor\notumor_Tr-no_1294.jpg
notumor,F:\brain tumor detection\data\raw\primary\notumor\notumor_Tr-no_1295.jpg
notumor,F:\brain tumor detection\data\raw\primary\notumor\notumor_Tr-no_1296.jpg
notumor,F:\brain tumor detection\data\raw\primary\notumor\notumor_Tr-no_1297.jpg
notumor,F:\brain tumor detection\data\raw\primary\notumor\notumor_Tr-no_1298.jpg
notumor,F:\brain tumor detection\data\raw\primary\notumor\notumor_Tr-no_1299.jpg
notumor,F:\brain tumor detection\data\raw\primary\notumor\notumor_Tr-no_13.jpg
notumor,F:\brain tumor detection\data\raw\primary\notumor\notumor_Tr-no_130.jpg
notumor,F:\brain tumor detection\data\raw\primary\notumor\notumor_Tr-no_1300.jpg
notumor,F:\brain tumor detection\data\raw\primary\notumor\notumor_Tr-no_1301.jpg
notumor,F:\brain tumor detection\data\raw\primary\notumor\notumor_Tr-no_1302.jpg
notumor,F:\brain tumor detection\data\raw\primary\notumor\notumor_Tr-no_1303.jpg
notumor,F:\brain tumor detection\data\raw\primary\notumor\notumor_Tr-no_1304.jpg
notumor,F:\brain tumor detection\data\raw\primary\notumor\notumor_Tr-no_1305.jpg
notumor,F:\brain tumor detection\data\raw\primary\notumor\notumor_Tr-no_1306.jpg
notumor,F:\brain tumor detection\data\raw\primary\notumor\notumor_Tr-no_1307.jpg
notumor,F:\brain tumor detection\data\raw\primary\notumor\notumor_Tr-no_1308.jpg
notumor,F:\brain tumor detection\data\raw\primary\notumor\notumor_Tr-no_1309.jpg
notumor,F:\brain tumor detection\data\raw\primary\notumor\notumor_Tr-no_131.jpg
notumor,F:\brain tumor detection\data\raw\primary\notumor\notumor_Tr-no_1310.jpg
notumor,F:\brain tumor detection\data\raw\primary\notumor\notumor_Tr-no_1311.jpg
notumor,F:\brain tumor detection\data\raw\primary\notumor\notumor_Tr-no_1312.jpg
notumor,F:\brain tumor detection\data\raw\primary\notumor\notumor_Tr-no_1313.jpg
notumor,F:\brain tumor detection\data\raw\primary\notumor\notumor_Tr-no_1314.jpg
notumor,F:\brain tumor detection\data\raw\primary\notumor\notumor_Tr-no_1315.jpg
notumor,F:\brain tumor detection\data\raw\primary\notumor\notumor_Tr-no_1316.jpg
notumor,F:\brain tumor detection\data\raw\primary\notumor\notumor_Tr-no_1317.jpg
notumor,F:\brain tumor detection\data\raw\primary\notumor\notumor_Tr-no_1318.jpg
notumor,F:\brain tumor detection\data\raw\primary\notumor\notumor_Tr-no_1319.jpg
notumor,F:\brain tumor detection\data\raw\primary\notumor\notumor_Tr-no_132.jpg
notumor,F:\brain tumor detection\data\raw\primary\notumor\notumor_Tr-no_1320.jpg
notumor,F:\brain tumor detection\data\raw\primary\notumor\notumor_Tr-no_1321.jpg
notumor,F:\brain tumor detection\data\raw\primary\notumor\notumor_Tr-no_1322.jpg
notumor,F:\brain tumor detection\data\raw\primary\notumor\notumor_Tr-no_1323.jpg
notumor,F:\brain tumor detection\data\raw\primary\notumor\notumor_Tr-no_1324.jpg
notumor,F:\brain tumor detection\data\raw\primary\notumor\notumor_Tr-no_1325.jpg
notumor,F:\brain tumor detection\data\raw\primary\notumor\notumor_Tr-no_1326.jpg
notumor,F:\brain tumor detection\data\raw\primary\notumor\notumor_Tr-no_1327.jpg
notumor,F:\brain tumor detection\data\raw\primary\notumor\notumor_Tr-no_1328.jpg
notumor,F:\brain tumor detection\data\raw\primary\notumor\notumor_Tr-no_1329.jpg
notumor,F:\brain tumor detection\data\raw\primary\notumor\notumor_Tr-no_133.jpg
notumor,F:\brain tumor detection\data\raw\primary\notumor\notumor_Tr-no_1330.jpg
notumor,F:\brain tumor detection\data\raw\primary\notumor\notumor_Tr-no_1331.jpg
notumor,F:\brain tumor detection\data\raw\primary\notumor\notumor_Tr-no_1332.jpg
notumor,F:\brain tumor detection\data\raw\primary\notumor\notumor_Tr-no_1333.jpg
notumor,F:\brain tumor detection\data\raw\primary\notumor\notumor_Tr-no_1334.jpg
notumor,F:\brain tumor detection\data\raw\primary\notumor\notumor_Tr-no_1335.jpg
notumor,F:\brain tumor detection\data\raw\primary\notumor\notumor_Tr-no_1336.jpg
notumor,F:\brain tumor detection\data\raw\primary\notumor\notumor_Tr-no_1337.jpg
notumor,F:\brain tumor detection\data\raw\primary\notumor\notumor_Tr-no_1338.jpg
notumor,F:\brain tumor detection\data\raw\primary\notumor\notumor_Tr-no_1339.jpg
notumor,F:\brain tumor detection\data\raw\primary\notumor\notumor_Tr-no_134.jpg
notumor,F:\brain tumor detection\data\raw\primary\notumor\notumor_Tr-no_1340.jpg
notumor,F:\brain tumor detection\data\raw\primary\notumor\notumor_Tr-no_1341.jpg
notumor,F:\brain tumor detection\data\raw\primary\notumor\notumor_Tr-no_1342.jpg
notumor,F:\brain tumor detection\data\raw\primary\notumor\notumor_Tr-no_1343.jpg
notumor,F:\brain tumor detection\data\raw\primary\notumor\notumor_Tr-no_1344.jpg
notumor,F:\brain tumor detection\data\raw\primary\notumor\notumor_Tr-no_1345.jpg
notumor,F:\brain tumor detection\data\raw\primary\notumor\notumor_Tr-no_1346.jpg
notumor,F:\brain tumor detection\data\raw\primary\notumor\notumor_Tr-no_1347.jpg
notumor,F:\brain tumor detection\data\raw\primary\notumor\notumor_Tr-no_1348.jpg
notumor,F:\brain tumor detection\data\raw\primary\notumor\notumor_Tr-no_1349.jpg
notumor,F:\brain tumor detection\data\raw\primary\notumor\notumor_Tr-no_135.jpg
notumor,F:\brain tumor detection\data\raw\primary\notumor\notumor_Tr-no_1350.jpg
notumor,F:\brain tumor detection\data\raw\primary\notumor\notumor_Tr-no_1351.jpg
notumor,F:\brain tumor detection\data\raw\primary\notumor\notumor_Tr-no_1352.jpg
notumor,F:\brain tumor detection\data\raw\primary\notumor\notumor_Tr-no_1353.jpg
notumor,F:\brain tumor detection\data\raw\primary\notumor\notumor_Tr-no_1354.jpg
notumor,F:\brain tumor detection\data\raw\primary\notumor\notumor_Tr-no_1355.jpg
notumor,F:\brain tumor detection\data\raw\primary\notumor\notumor_Tr-no_1356.jpg
notumor,F:\brain tumor detection\data\raw\primary\notumor\notumor_Tr-no_1357.jpg
notumor,F:\brain tumor detection\data\raw\primary\notumor\notumor_Tr-no_1358.jpg
notumor,F:\brain tumor detection\data\raw\primary\notumor\notumor_Tr-no_1359.jpg
notumor,F:\brain tumor detection\data\raw\primary\notumor\notumor_Tr-no_136.jpg
notumor,F:\brain tumor detection\data\raw\primary\notumor\notumor_Tr-no_1360.jpg
notumor,F:\brain tumor detection\data\raw\primary\notumor\notumor_Tr-no_1361.jpg
notumor,F:\brain tumor detection\data\raw\primary\notumor\notumor_Tr-no_1362.jpg
notumor,F:\brain tumor detection\data\raw\primary\notumor\notumor_Tr-no_1363.jpg
notumor,F:\brain tumor detection\data\raw\primary\notumor\notumor_Tr-no_1364.jpg
notumor,F:\brain tumor detection\data\raw\primary\notumor\notumor_Tr-no_1365.jpg
notumor,F:\brain tumor detection\data\raw\primary\notumor\notumor_Tr-no_1366.jpg
notumor,F:\brain tumor detection\data\raw\primary\notumor\notumor_Tr-no_1367.jpg
notumor,F:\brain tumor detection\data\raw\primary\notumor\notumor_Tr-no_1368.jpg
notumor,F:\brain tumor detection\data\raw\primary\notumor\notumor_Tr-no_1369.jpg
notumor,F:\brain tumor detection\data\raw\primary\notumor\notumor_Tr-no_137.jpg
notumor,F:\brain tumor detection\data\raw\primary\notumor\notumor_Tr-no_1370.jpg
notumor,F:\brain tumor detection\data\raw\primary\notumor\notumor_Tr-no_1371.jpg
notumor,F:\brain tumor detection\data\raw\primary\notumor\notumor_Tr-no_1372.jpg
notumor,F:\brain tumor detection\data\raw\primary\notumor\notumor_Tr-no_1373.jpg
notumor,F:\brain tumor detection\data\raw\primary\notumor\notumor_Tr-no_1374.jpg
notumor,F:\brain tumor detection\data\raw\primary\notumor\notumor_Tr-no_1375.jpg
notumor,F:\brain tumor detection\data\raw\primary\notumor\notumor_Tr-no_1376.jpg
notumor,F:\brain tumor detection\data\raw\primary\notumor\notumor_Tr-no_1377.jpg
notumor,F:\brain tumor detection\data\raw\primary\notumor\notumor_Tr-no_1378.jpg
notumor,F:\brain tumor detection\data\raw\primary\notumor\notumor_Tr-no_1379.jpg
notumor,F:\brain tumor detection\data\raw\primary\notumor\notumor_Tr-no_138.jpg
notumor,F:\brain tumor detection\data\raw\primary\notumor\notumor_Tr-no_1380.jpg
notumor,F:\brain tumor detection\data\raw\primary\notumor\notumor_Tr-no_1381.jpg
notumor,F:\brain tumor detection\data\raw\primary\notumor\notumor_Tr-no_1382.jpg
notumor,F:\brain tumor detection\data\raw\primary\notumor\notumor_Tr-no_1383.jpg
notumor,F:\brain tumor detection\data\raw\primary\notumor\notumor_Tr-no_1384.jpg
notumor,F:\brain tumor detection\data\raw\primary\notumor\notumor_Tr-no_1385.jpg
notumor,F:\brain tumor detection\data\raw\primary\notumor\notumor_Tr-no_1386.jpg
notumor,F:\brain tumor detection\data\raw\primary\notumor\notumor_Tr-no_1387.jpg
notumor,F:\brain tumor detection\data\raw\primary\notumor\notumor_Tr-no_1388.jpg
notumor,F:\brain tumor detection\data\raw\primary\notumor\notumor_Tr-no_1389.jpg
notumor,F:\brain tumor detection\data\raw\primary\notumor\notumor_Tr-no_139.jpg
notumor,F:\brain tumor detection\data\raw\primary\notumor\notumor_Tr-no_1390.jpg
notumor,F:\brain tumor detection\data\raw\primary\notumor\notumor_Tr-no_1391.jpg
notumor,F:\brain tumor detection\data\raw\primary\notumor\notumor_Tr-no_1392.jpg
notumor,F:\brain tumor detection\data\raw\primary\notumor\notumor_Tr-no_1393.jpg
notumor,F:\brain tumor detection\data\raw\primary\notumor\notumor_Tr-no_1394.jpg
notumor,F:\brain tumor detection\data\raw\primary\notumor\notumor_Tr-no_1395.jpg
notumor,F:\brain tumor detection\data\raw\primary\notumor\notumor_Tr-no_1396.jpg
notumor,F:\brain tumor detection\data\raw\primary\notumor\notumor_Tr-no_1397.jpg
notumor,F:\brain tumor detection\data\raw\primary\notumor\notumor_Tr-no_1398.jpg
notumor,F:\brain tumor detection\data\raw\primary\notumor\notumor_Tr-no_1399.jpg
notumor,F:\brain tumor detection\data\raw\primary\notumor\notumor_Tr-no_14.jpg
notumor,F:\brain tumor detection\data\raw\primary\notumor\notumor_Tr-no_140.jpg
notumor,F:\brain tumor detection\data\raw\primary\notumor\notumor_Tr-no_1400.jpg
notumor,F:\brain tumor detection\data\raw\primary\notumor\notumor_Tr-no_141.jpg
notumor,F:\brain tumor detection\data\raw\primary\notumor\notumor_Tr-no_142.jpg
notumor,F:\brain tumor detection\data\raw\primary\notumor\notumor_Tr-no_143.jpg
notumor,F:\brain tumor detection\data\raw\primary\notumor\notumor_Tr-no_144.jpg
notumor,F:\brain tumor detection\data\raw\primary\notumor\notumor_Tr-no_145.jpg
notumor,F:\brain tumor detection\data\raw\primary\notumor\notumor_Tr-no_146.jpg
notumor,F:\brain tumor detection\data\raw\primary\notumor\notumor_Tr-no_147.jpg
notumor,F:\brain tumor detection\data\raw\primary\notumor\notumor_Tr-no_148.jpg
notumor,F:\brain tumor detection\data\raw\primary\notumor\notumor_Tr-no_149.jpg
notumor,F:\brain tumor detection\data\raw\primary\notumor\notumor_Tr-no_15.jpg
notumor,F:\brain tumor detection\data\raw\primary\notumor\notumor_Tr-no_150.jpg
notumor,F:\brain tumor detection\data\raw\primary\notumor\notumor_Tr-no_151.jpg
notumor,F:\brain tumor detection\data\raw\primary\notumor\notumor_Tr-no_152.jpg
notumor,F:\brain tumor detection\data\raw\primary\notumor\notumor_Tr-no_153.jpg
notumor,F:\brain tumor detection\data\raw\primary\notumor\notumor_Tr-no_154.jpg
notumor,F:\brain tumor detection\data\raw\primary\notumor\notumor_Tr-no_155.jpg
notumor,F:\brain tumor detection\data\raw\primary\notumor\notumor_Tr-no_156.jpg
notumor,F:\brain tumor detection\data\raw\primary\notumor\notumor_Tr-no_157.jpg
notumor,F:\brain tumor detection\data\raw\primary\notumor\notumor_Tr-no_158.jpg
notumor,F:\brain tumor detection\data\raw\primary\notumor\notumor_Tr-no_159.jpg
notumor,F:\brain tumor detection\data\raw\primary\notumor\notumor_Tr-no_16.jpg
notumor,F:\brain tumor detection\data\raw\primary\notumor\notumor_Tr-no_160.jpg
notumor,F:\brain tumor detection\data\raw\primary\notumor\notumor_Tr-no_161.jpg
notumor,F:\brain tumor detection\data\raw\primary\notumor\notumor_Tr-no_162.jpg
notumor,F:\brain tumor detection\data\raw\primary\notumor\notumor_Tr-no_163.jpg
notumor,F:\brain tumor detection\data\raw\primary\notumor\notumor_Tr-no_164.jpg
notumor,F:\brain tumor detection\data\raw\primary\notumor\notumor_Tr-no_165.jpg
notumor,F:\brain tumor detection\data\raw\primary\notumor\notumor_Tr-no_166.jpg
notumor,F:\brain tumor detection\data\raw\primary\notumor\notumor_Tr-no_167.jpg
notumor,F:\brain tumor detection\data\raw\primary\notumor\notumor_Tr-no_168.jpg
notumor,F:\brain tumor detection\data\raw\primary\notumor\notumor_Tr-no_169.jpg
notumor,F:\brain tumor detection\data\raw\primary\notumor\notumor_Tr-no_17.jpg
notumor,F:\brain tumor detection\data\raw\primary\notumor\notumor_Tr-no_170.jpg
notumor,F:\brain tumor detection\data\raw\primary\notumor\notumor_Tr-no_171.jpg
notumor,F:\brain tumor detection\data\raw\primary\notumor\notumor_Tr-no_172.jpg
notumor,F:\brain tumor detection\data\raw\primary\notumor\notumor_Tr-no_173.jpg
notumor,F:\brain tumor detection\data\raw\primary\notumor\notumor_Tr-no_174.jpg
notumor,F:\brain tumor detection\data\raw\primary\notumor\notumor_Tr-no_175.jpg
notumor,F:\brain tumor detection\data\raw\primary\notumor\notumor_Tr-no_176.jpg
notumor,F:\brain tumor detection\data\raw\primary\notumor\notumor_Tr-no_177.jpg
notumor,F:\brain tumor detection\data\raw\primary\notumor\notumor_Tr-no_178.jpg
notumor,F:\brain tumor detection\data\raw\primary\notumor\notumor_Tr-no_179.jpg
notumor,F:\brain tumor detection\data\raw\primary\notumor\notumor_Tr-no_18.jpg
notumor,F:\brain tumor detection\data\raw\primary\notumor\notumor_Tr-no_180.jpg
notumor,F:\brain tumor detection\data\raw\primary\notumor\notumor_Tr-no_181.jpg
notumor,F:\brain tumor detection\data\raw\primary\notumor\notumor_Tr-no_182.jpg
notumor,F:\brain tumor detection\data\raw\primary\notumor\notumor_Tr-no_183.jpg
notumor,F:\brain tumor detection\data\raw\primary\notumor\notumor_Tr-no_184.jpg
notumor,F:\brain tumor detection\data\raw\primary\notumor\notumor_Tr-no_185.jpg
notumor,F:\brain tumor detection\data\raw\primary\notumor\notumor_Tr-no_186.jpg
notumor,F:\brain tumor detection\data\raw\primary\notumor\notumor_Tr-no_187.jpg
notumor,F:\brain tumor detection\data\raw\primary\notumor\notumor_Tr-no_188.jpg
notumor,F:\brain tumor detection\data\raw\primary\notumor\notumor_Tr-no_189.jpg
notumor,F:\brain tumor detection\data\raw\primary\notumor\notumor_Tr-no_19.jpg
notumor,F:\brain tumor detection\data\raw\primary\notumor\notumor_Tr-no_190.jpg
notumor,F:\brain tumor detection\data\raw\primary\notumor\notumor_Tr-no_191.jpg
notumor,F:\brain tumor detection\data\raw\primary\notumor\notumor_Tr-no_192.jpg
notumor,F:\brain tumor detection\data\raw\primary\notumor\notumor_Tr-no_193.jpg
notumor,F:\brain tumor detection\data\raw\primary\notumor\notumor_Tr-no_194.jpg
notumor,F:\brain tumor detection\data\raw\primary\notumor\notumor_Tr-no_195.jpg
notumor,F:\brain tumor detection\data\raw\primary\notumor\notumor_Tr-no_196.jpg
notumor,F:\brain tumor detection\data\raw\primary\notumor\notumor_Tr-no_197.jpg
notumor,F:\brain tumor detection\data\raw\primary\notumor\notumor_Tr-no_198.jpg
notumor,F:\brain tumor detection\data\raw\primary\notumor\notumor_Tr-no_199.jpg
notumor,F:\brain tumor detection\data\raw\primary\notumor\notumor_Tr-no_2.jpg
notumor,F:\brain tumor detection\data\raw\primary\notumor\notumor_Tr-no_20.jpg
notumor,F:\brain tumor detection\data\raw\primary\notumor\notumor_Tr-no_200.jpg
notumor,F:\brain tumor detection\data\raw\primary\notumor\notumor_Tr-no_201.jpg
notumor,F:\brain tumor detection\data\raw\primary\notumor\notumor_Tr-no_202.jpg
notumor,F:\brain tumor detection\data\raw\primary\notumor\notumor_Tr-no_203.jpg
notumor,F:\brain tumor detection\data\raw\primary\notumor\notumor_Tr-no_204.jpg
notumor,F:\brain tumor detection\data\raw\primary\notumor\notumor_Tr-no_205.jpg
notumor,F:\brain tumor detection\data\raw\primary\notumor\notumor_Tr-no_206.jpg
notumor,F:\brain tumor detection\data\raw\primary\notumor\notumor_Tr-no_207.jpg
notumor,F:\brain tumor detection\data\raw\primary\notumor\notumor_Tr-no_208.jpg
notumor,F:\brain tumor detection\data\raw\primary\notumor\notumor_Tr-no_209.jpg
notumor,F:\brain tumor detection\data\raw\primary\notumor\notumor_Tr-no_21.jpg
notumor,F:\brain tumor detection\data\raw\primary\notumor\notumor_Tr-no_210.jpg
notumor,F:\brain tumor detection\data\raw\primary\notumor\notumor_Tr-no_211.jpg
notumor,F:\brain tumor detection\data\raw\primary\notumor\notumor_Tr-no_212.jpg
notumor,F:\brain tumor detection\data\raw\primary\notumor\notumor_Tr-no_213.jpg
notumor,F:\brain tumor detection\data\raw\primary\notumor\notumor_Tr-no_214.jpg
notumor,F:\brain tumor detection\data\raw\primary\notumor\notumor_Tr-no_215.jpg
notumor,F:\brain tumor detection\data\raw\primary\notumor\notumor_Tr-no_216.jpg
notumor,F:\brain tumor detection\data\raw\primary\notumor\notumor_Tr-no_217.jpg
notumor,F:\brain tumor detection\data\raw\primary\notumor\notumor_Tr-no_218.jpg
notumor,F:\brain tumor detection\data\raw\primary\notumor\notumor_Tr-no_219.jpg
notumor,F:\brain tumor detection\data\raw\primary\notumor\notumor_Tr-no_22.jpg
notumor,F:\brain tumor detection\data\raw\primary\notumor\notumor_Tr-no_220.jpg
notumor,F:\brain tumor detection\data\raw\primary\notumor\notumor_Tr-no_221.jpg
notumor,F:\brain tumor detection\data\raw\primary\notumor\notumor_Tr-no_222.jpg
notumor,F:\brain tumor detection\data\raw\primary\notumor\notumor_Tr-no_223.jpg
notumor,F:\brain tumor detection\data\raw\primary\notumor\notumor_Tr-no_224.jpg
notumor,F:\brain tumor detection\data\raw\primary\notumor\notumor_Tr-no_225.jpg
notumor,F:\brain tumor detection\data\raw\primary\notumor\notumor_Tr-no_226.jpg
notumor,F:\brain tumor detection\data\raw\primary\notumor\notumor_Tr-no_227.jpg
notumor,F:\brain tumor detection\data\raw\primary\notumor\notumor_Tr-no_228.jpg
notumor,F:\brain tumor detection\data\raw\primary\notumor\notumor_Tr-no_229.jpg
notumor,F:\brain tumor detection\data\raw\primary\notumor\notumor_Tr-no_23.jpg
notumor,F:\brain tumor detection\data\raw\primary\notumor\notumor_Tr-no_230.jpg
notumor,F:\brain tumor detection\data\raw\primary\notumor\notumor_Tr-no_231.jpg
notumor,F:\brain tumor detection\data\raw\primary\notumor\notumor_Tr-no_232.jpg
notumor,F:\brain tumor detection\data\raw\primary\notumor\notumor_Tr-no_233.jpg
notumor,F:\brain tumor detection\data\raw\primary\notumor\notumor_Tr-no_234.jpg
notumor,F:\brain tumor detection\data\raw\primary\notumor\notumor_Tr-no_235.jpg
notumor,F:\brain tumor detection\data\raw\primary\notumor\notumor_Tr-no_236.jpg
notumor,F:\brain tumor detection\data\raw\primary\notumor\notumor_Tr-no_237.jpg
notumor,F:\brain tumor detection\data\raw\primary\notumor\notumor_Tr-no_238.jpg
notumor,F:\brain tumor detection\data\raw\primary\notumor\notumor_Tr-no_239.jpg
notumor,F:\brain tumor detection\data\raw\primary\notumor\notumor_Tr-no_24.jpg
notumor,F:\brain tumor detection\data\raw\primary\notumor\notumor_Tr-no_240.jpg
notumor,F:\brain tumor detection\data\raw\primary\notumor\notumor_Tr-no_241.jpg
notumor,F:\brain tumor detection\data\raw\primary\notumor\notumor_Tr-no_242.jpg
notumor,F:\brain tumor detection\data\raw\primary\notumor\notumor_Tr-no_243.jpg
notumor,F:\brain tumor detection\data\raw\primary\notumor\notumor_Tr-no_244.jpg
notumor,F:\brain tumor detection\data\raw\primary\notumor\notumor_Tr-no_245.jpg
notumor,F:\brain tumor detection\data\raw\primary\notumor\notumor_Tr-no_246.jpg
notumor,F:\brain tumor detection\data\raw\primary\notumor\notumor_Tr-no_247.jpg
notumor,F:\brain tumor detection\data\raw\primary\notumor\notumor_Tr-no_248.jpg
notumor,F:\brain tumor detection\data\raw\primary\notumor\notumor_Tr-no_249.jpg
notumor,F:\brain tumor detection\data\raw\primary\notumor\notumor_Tr-no_25.jpg
notumor,F:\brain tumor detection\data\raw\primary\notumor\notumor_Tr-no_250.jpg
notumor,F:\brain tumor detection\data\raw\primary\notumor\notumor_Tr-no_251.jpg
notumor,F:\brain tumor detection\data\raw\primary\notumor\notumor_Tr-no_252.jpg
notumor,F:\brain tumor detection\data\raw\primary\notumor\notumor_Tr-no_253.jpg
notumor,F:\brain tumor detection\data\raw\primary\notumor\notumor_Tr-no_254.jpg
notumor,F:\brain tumor detection\data\raw\primary\notumor\notumor_Tr-no_255.jpg
notumor,F:\brain tumor detection\data\raw\primary\notumor\notumor_Tr-no_256.jpg
notumor,F:\brain tumor detection\data\raw\primary\notumor\notumor_Tr-no_257.jpg
notumor,F:\brain tumor detection\data\raw\primary\notumor\notumor_Tr-no_258.jpg
notumor,F:\brain tumor detection\data\raw\primary\notumor\notumor_Tr-no_259.jpg
notumor,F:\brain tumor detection\data\raw\primary\notumor\notumor_Tr-no_26.jpg
notumor,F:\brain tumor detection\data\raw\primary\notumor\notumor_Tr-no_260.jpg
notumor,F:\brain tumor detection\data\raw\primary\notumor\notumor_Tr-no_261.jpg
notumor,F:\brain tumor detection\data\raw\primary\notumor\notumor_Tr-no_262.jpg
notumor,F:\brain tumor detection\data\raw\primary\notumor\notumor_Tr-no_263.jpg
notumor,F:\brain tumor detection\data\raw\primary\notumor\notumor_Tr-no_264.jpg
notumor,F:\brain tumor detection\data\raw\primary\notumor\notumor_Tr-no_265.jpg
notumor,F:\brain tumor detection\data\raw\primary\notumor\notumor_Tr-no_266.jpg
notumor,F:\brain tumor detection\data\raw\primary\notumor\notumor_Tr-no_267.jpg
notumor,F:\brain tumor detection\data\raw\primary\notumor\notumor_Tr-no_268.jpg
notumor,F:\brain tumor detection\data\raw\primary\notumor\notumor_Tr-no_269.jpg
notumor,F:\brain tumor detection\data\raw\primary\notumor\notumor_Tr-no_27.jpg
notumor,F:\brain tumor detection\data\raw\primary\notumor\notumor_Tr-no_270.jpg
notumor,F:\brain tumor detection\data\raw\primary\notumor\notumor_Tr-no_271.jpg
notumor,F:\brain tumor detection\data\raw\primary\notumor\notumor_Tr-no_272.jpg
notumor,F:\brain tumor detection\data\raw\primary\notumor\notumor_Tr-no_273.jpg
notumor,F:\brain tumor detection\data\raw\primary\notumor\notumor_Tr-no_274.jpg
notumor,F:\brain tumor detection\data\raw\primary\notumor\notumor_Tr-no_275.jpg
notumor,F:\brain tumor detection\data\raw\primary\notumor\notumor_Tr-no_276.jpg
notumor,F:\brain tumor detection\data\raw\primary\notumor\notumor_Tr-no_277.jpg
notumor,F:\brain tumor detection\data\raw\primary\notumor\notumor_Tr-no_278.jpg
notumor,F:\brain tumor detection\data\raw\primary\notumor\notumor_Tr-no_279.jpg
notumor,F:\brain tumor detection\data\raw\primary\notumor\notumor_Tr-no_28.jpg
notumor,F:\brain tumor detection\data\raw\primary\notumor\notumor_Tr-no_280.jpg
notumor,F:\brain tumor detection\data\raw\primary\notumor\notumor_Tr-no_281.jpg
notumor,F:\brain tumor detection\data\raw\primary\notumor\notumor_Tr-no_282.jpg
notumor,F:\brain tumor detection\data\raw\primary\notumor\notumor_Tr-no_283.jpg
notumor,F:\brain tumor detection\data\raw\primary\notumor\notumor_Tr-no_284.jpg
notumor,F:\brain tumor detection\data\raw\primary\notumor\notumor_Tr-no_285.jpg
notumor,F:\brain tumor detection\data\raw\primary\notumor\notumor_Tr-no_286.jpg
notumor,F:\brain tumor detection\data\raw\primary\notumor\notumor_Tr-no_287.jpg
notumor,F:\brain tumor detection\data\raw\primary\notumor\notumor_Tr-no_288.jpg
notumor,F:\brain tumor detection\data\raw\primary\notumor\notumor_Tr-no_289.jpg
notumor,F:\brain tumor detection\data\raw\primary\notumor\notumor_Tr-no_29.jpg
notumor,F:\brain tumor detection\data\raw\primary\notumor\notumor_Tr-no_290.jpg
notumor,F:\brain tumor detection\data\raw\primary\notumor\notumor_Tr-no_291.jpg
notumor,F:\brain tumor detection\data\raw\primary\notumor\notumor_Tr-no_292.jpg
notumor,F:\brain tumor detection\data\raw\primary\notumor\notumor_Tr-no_293.jpg
notumor,F:\brain tumor detection\data\raw\primary\notumor\notumor_Tr-no_294.jpg
notumor,F:\brain tumor detection\data\raw\primary\notumor\notumor_Tr-no_295.jpg
notumor,F:\brain tumor detection\data\raw\primary\notumor\notumor_Tr-no_296.jpg
notumor,F:\brain tumor detection\data\raw\primary\notumor\notumor_Tr-no_297.jpg
notumor,F:\brain tumor detection\data\raw\primary\notumor\notumor_Tr-no_298.jpg
notumor,F:\brain tumor detection\data\raw\primary\notumor\notumor_Tr-no_299.jpg
notumor,F:\brain tumor detection\data\raw\primary\notumor\notumor_Tr-no_3.jpg
notumor,F:\brain tumor detection\data\raw\primary\notumor\notumor_Tr-no_30.jpg
notumor,F:\brain tumor detection\data\raw\primary\notumor\notumor_Tr-no_300.jpg
notumor,F:\brain tumor detection\data\raw\primary\notumor\notumor_Tr-no_301.jpg
notumor,F:\brain tumor detection\data\raw\primary\notumor\notumor_Tr-no_302.jpg
notumor,F:\brain tumor detection\data\raw\primary\notumor\notumor_Tr-no_303.jpg
notumor,F:\brain tumor detection\data\raw\primary\notumor\notumor_Tr-no_304.jpg
notumor,F:\brain tumor detection\data\raw\primary\notumor\notumor_Tr-no_305.jpg
notumor,F:\brain tumor detection\data\raw\primary\notumor\notumor_Tr-no_306.jpg
notumor,F:\brain tumor detection\data\raw\primary\notumor\notumor_Tr-no_307.jpg
notumor,F:\brain tumor detection\data\raw\primary\notumor\notumor_Tr-no_308.jpg
notumor,F:\brain tumor detection\data\raw\primary\notumor\notumor_Tr-no_309.jpg
notumor,F:\brain tumor detection\data\raw\primary\notumor\notumor_Tr-no_31.jpg
notumor,F:\brain tumor detection\data\raw\primary\notumor\notumor_Tr-no_310.jpg
notumor,F:\brain tumor detection\data\raw\primary\notumor\notumor_Tr-no_311.jpg
notumor,F:\brain tumor detection\data\raw\primary\notumor\notumor_Tr-no_312.jpg
notumor,F:\brain tumor detection\data\raw\primary\notumor\notumor_Tr-no_313.jpg
notumor,F:\brain tumor detection\data\raw\primary\notumor\notumor_Tr-no_314.jpg
notumor,F:\brain tumor detection\data\raw\primary\notumor\notumor_Tr-no_315.jpg
notumor,F:\brain tumor detection\data\raw\primary\notumor\notumor_Tr-no_316.jpg
notumor,F:\brain tumor detection\data\raw\primary\notumor\notumor_Tr-no_317.jpg
notumor,F:\brain tumor detection\data\raw\primary\notumor\notumor_Tr-no_318.jpg
notumor,F:\brain tumor detection\data\raw\primary\notumor\notumor_Tr-no_319.jpg
notumor,F:\brain tumor detection\data\raw\primary\notumor\notumor_Tr-no_32.jpg
notumor,F:\brain tumor detection\data\raw\primary\notumor\notumor_Tr-no_320.jpg
notumor,F:\brain tumor detection\data\raw\primary\notumor\notumor_Tr-no_321.jpg
notumor,F:\brain tumor detection\data\raw\primary\notumor\notumor_Tr-no_322.jpg
notumor,F:\brain tumor detection\data\raw\primary\notumor\notumor_Tr-no_323.jpg
notumor,F:\brain tumor detection\data\raw\primary\notumor\notumor_Tr-no_324.jpg
notumor,F:\brain tumor detection\data\raw\primary\notumor\notumor_Tr-no_325.jpg
notumor,F:\brain tumor detection\data\raw\primary\notumor\notumor_Tr-no_326.jpg
notumor,F:\brain tumor detection\data\raw\primary\notumor\notumor_Tr-no_327.jpg
notumor,F:\brain tumor detection\data\raw\primary\notumor\notumor_Tr-no_328.jpg
notumor,F:\brain tumor detection\data\raw\primary\notumor\notumor_Tr-no_329.jpg
notumor,F:\brain tumor detection\data\raw\primary\notumor\notumor_Tr-no_33.jpg
notumor,F:\brain tumor detection\data\raw\primary\notumor\notumor_Tr-no_330.jpg
notumor,F:\brain tumor detection\data\raw\primary\notumor\notumor_Tr-no_331.jpg
notumor,F:\brain tumor detection\data\raw\primary\notumor\notumor_Tr-no_332.jpg
notumor,F:\brain tumor detection\data\raw\primary\notumor\notumor_Tr-no_333.jpg
notumor,F:\brain tumor detection\data\raw\primary\notumor\notumor_Tr-no_334.jpg
notumor,F:\brain tumor detection\data\raw\primary\notumor\notumor_Tr-no_335.jpg
notumor,F:\brain tumor detection\data\raw\primary\notumor\notumor_Tr-no_336.jpg
notumor,F:\brain tumor detection\data\raw\primary\notumor\notumor_Tr-no_337.jpg
notumor,F:\brain tumor detection\data\raw\primary\notumor\notumor_Tr-no_338.jpg
notumor,F:\brain tumor detection\data\raw\primary\notumor\notumor_Tr-no_339.jpg
notumor,F:\brain tumor detection\data\raw\primary\notumor\notumor_Tr-no_34.jpg
notumor,F:\brain tumor detection\data\raw\primary\notumor\notumor_Tr-no_340.jpg
notumor,F:\brain tumor detection\data\raw\primary\notumor\notumor_Tr-no_341.jpg
notumor,F:\brain tumor detection\data\raw\primary\notumor\notumor_Tr-no_342.jpg
notumor,F:\brain tumor detection\data\raw\primary\notumor\notumor_Tr-no_343.jpg
notumor,F:\brain tumor detection\data\raw\primary\notumor\notumor_Tr-no_344.jpg
notumor,F:\brain tumor detection\data\raw\primary\notumor\notumor_Tr-no_345.jpg
notumor,F:\brain tumor detection\data\raw\primary\notumor\notumor_Tr-no_346.jpg
notumor,F:\brain tumor detection\data\raw\primary\notumor\notumor_Tr-no_347.jpg
notumor,F:\brain tumor detection\data\raw\primary\notumor\notumor_Tr-no_348.jpg
notumor,F:\brain tumor detection\data\raw\primary\notumor\notumor_Tr-no_349.jpg
notumor,F:\brain tumor detection\data\raw\primary\notumor\notumor_Tr-no_35.jpg
notumor,F:\brain tumor detection\data\raw\primary\notumor\notumor_Tr-no_350.jpg
notumor,F:\brain tumor detection\data\raw\primary\notumor\notumor_Tr-no_351.jpg
notumor,F:\brain tumor detection\data\raw\primary\notumor\notumor_Tr-no_352.jpg
notumor,F:\brain tumor detection\data\raw\primary\notumor\notumor_Tr-no_353.jpg
notumor,F:\brain tumor detection\data\raw\primary\notumor\notumor_Tr-no_354.jpg
notumor,F:\brain tumor detection\data\raw\primary\notumor\notumor_Tr-no_355.jpg
notumor,F:\brain tumor detection\data\raw\primary\notumor\notumor_Tr-no_356.jpg
notumor,F:\brain tumor detection\data\raw\primary\notumor\notumor_Tr-no_357.jpg
notumor,F:\brain tumor detection\data\raw\primary\notumor\notumor_Tr-no_358.jpg
notumor,F:\brain tumor detection\data\raw\primary\notumor\notumor_Tr-no_359.jpg
notumor,F:\brain tumor detection\data\raw\primary\notumor\notumor_Tr-no_36.jpg
notumor,F:\brain tumor detection\data\raw\primary\notumor\notumor_Tr-no_360.jpg
notumor,F:\brain tumor detection\data\raw\primary\notumor\notumor_Tr-no_361.jpg
notumor,F:\brain tumor detection\data\raw\primary\notumor\notumor_Tr-no_362.jpg
notumor,F:\brain tumor detection\data\raw\primary\notumor\notumor_Tr-no_363.jpg
notumor,F:\brain tumor detection\data\raw\primary\notumor\notumor_Tr-no_364.jpg
notumor,F:\brain tumor detection\data\raw\primary\notumor\notumor_Tr-no_365.jpg
notumor,F:\brain tumor detection\data\raw\primary\notumor\notumor_Tr-no_366.jpg
notumor,F:\brain tumor detection\data\raw\primary\notumor\notumor_Tr-no_367.jpg
notumor,F:\brain tumor detection\data\raw\primary\notumor\notumor_Tr-no_368.jpg
notumor,F:\brain tumor detection\data\raw\primary\notumor\notumor_Tr-no_369.jpg
notumor,F:\brain tumor detection\data\raw\primary\notumor\notumor_Tr-no_37.jpg
notumor,F:\brain tumor detection\data\raw\primary\notumor\notumor_Tr-no_370.jpg
notumor,F:\brain tumor detection\data\raw\primary\notumor\notumor_Tr-no_371.jpg
notumor,F:\brain tumor detection\data\raw\primary\notumor\notumor_Tr-no_372.jpg
notumor,F:\brain tumor detection\data\raw\primary\notumor\notumor_Tr-no_373.jpg
notumor,F:\brain tumor detection\data\raw\primary\notumor\notumor_Tr-no_374.jpg
notumor,F:\brain tumor detection\data\raw\primary\notumor\notumor_Tr-no_375.jpg
notumor,F:\brain tumor detection\data\raw\primary\notumor\notumor_Tr-no_376.jpg
notumor,F:\brain tumor detection\data\raw\primary\notumor\notumor_Tr-no_377.jpg
notumor,F:\brain tumor detection\data\raw\primary\notumor\notumor_Tr-no_378.jpg
notumor,F:\brain tumor detection\data\raw\primary\notumor\notumor_Tr-no_379.jpg
notumor,F:\brain tumor detection\data\raw\primary\notumor\notumor_Tr-no_38.jpg
notumor,F:\brain tumor detection\data\raw\primary\notumor\notumor_Tr-no_380.jpg
notumor,F:\brain tumor detection\data\raw\primary\notumor\notumor_Tr-no_381.jpg
notumor,F:\brain tumor detection\data\raw\primary\notumor\notumor_Tr-no_382.jpg
notumor,F:\brain tumor detection\data\raw\primary\notumor\notumor_Tr-no_383.jpg
notumor,F:\brain tumor detection\data\raw\primary\notumor\notumor_Tr-no_384.jpg
notumor,F:\brain tumor detection\data\raw\primary\notumor\notumor_Tr-no_385.jpg
notumor,F:\brain tumor detection\data\raw\primary\notumor\notumor_Tr-no_386.jpg
notumor,F:\brain tumor detection\data\raw\primary\notumor\notumor_Tr-no_387.jpg
notumor,F:\brain tumor detection\data\raw\primary\notumor\notumor_Tr-no_388.jpg
notumor,F:\brain tumor detection\data\raw\primary\notumor\notumor_Tr-no_389.jpg
notumor,F:\brain tumor detection\data\raw\primary\notumor\notumor_Tr-no_39.jpg
notumor,F:\brain tumor detection\data\raw\primary\notumor\notumor_Tr-no_390.jpg
notumor,F:\brain tumor detection\data\raw\primary\notumor\notumor_Tr-no_391.jpg
notumor,F:\brain tumor detection\data\raw\primary\notumor\notumor_Tr-no_392.jpg
notumor,F:\brain tumor detection\data\raw\primary\notumor\notumor_Tr-no_393.jpg
notumor,F:\brain tumor detection\data\raw\primary\notumor\notumor_Tr-no_394.jpg
notumor,F:\brain tumor detection\data\raw\primary\notumor\notumor_Tr-no_395.jpg
notumor,F:\brain tumor detection\data\raw\primary\notumor\notumor_Tr-no_396.jpg
notumor,F:\brain tumor detection\data\raw\primary\notumor\notumor_Tr-no_397.jpg
notumor,F:\brain tumor detection\data\raw\primary\notumor\notumor_Tr-no_398.jpg
notumor,F:\brain tumor detection\data\raw\primary\notumor\notumor_Tr-no_399.jpg
notumor,F:\brain tumor detection\data\raw\primary\notumor\notumor_Tr-no_4.jpg
notumor,F:\brain tumor detection\data\raw\primary\notumor\notumor_Tr-no_40.jpg
notumor,F:\brain tumor detection\data\raw\primary\notumor\notumor_Tr-no_400.jpg
notumor,F:\brain tumor detection\data\raw\primary\notumor\notumor_Tr-no_401.jpg
notumor,F:\brain tumor detection\data\raw\primary\notumor\notumor_Tr-no_402.jpg
notumor,F:\brain tumor detection\data\raw\primary\notumor\notumor_Tr-no_403.jpg
notumor,F:\brain tumor detection\data\raw\primary\notumor\notumor_Tr-no_404.jpg
notumor,F:\brain tumor detection\data\raw\primary\notumor\notumor_Tr-no_405.jpg
notumor,F:\brain tumor detection\data\raw\primary\notumor\notumor_Tr-no_406.jpg
notumor,F:\brain tumor detection\data\raw\primary\notumor\notumor_Tr-no_407.jpg
notumor,F:\brain tumor detection\data\raw\primary\notumor\notumor_Tr-no_408.jpg
notumor,F:\brain tumor detection\data\raw\primary\notumor\notumor_Tr-no_409.jpg
notumor,F:\brain tumor detection\data\raw\primary\notumor\notumor_Tr-no_41.jpg
notumor,F:\brain tumor detection\data\raw\primary\notumor\notumor_Tr-no_410.jpg
notumor,F:\brain tumor detection\data\raw\primary\notumor\notumor_Tr-no_411.jpg
notumor,F:\brain tumor detection\data\raw\primary\notumor\notumor_Tr-no_412.jpg
notumor,F:\brain tumor detection\data\raw\primary\notumor\notumor_Tr-no_413.jpg
notumor,F:\brain tumor detection\data\raw\primary\notumor\notumor_Tr-no_414.jpg
notumor,F:\brain tumor detection\data\raw\primary\notumor\notumor_Tr-no_415.jpg
notumor,F:\brain tumor detection\data\raw\primary\notumor\notumor_Tr-no_416.jpg
notumor,F:\brain tumor detection\data\raw\primary\notumor\notumor_Tr-no_417.jpg
notumor,F:\brain tumor detection\data\raw\primary\notumor\notumor_Tr-no_418.jpg
notumor,F:\brain tumor detection\data\raw\primary\notumor\notumor_Tr-no_419.jpg
notumor,F:\brain tumor detection\data\raw\primary\notumor\notumor_Tr-no_42.jpg
notumor,F:\brain tumor detection\data\raw\primary\notumor\notumor_Tr-no_420.jpg
notumor,F:\brain tumor detection\data\raw\primary\notumor\notumor_Tr-no_421.jpg
notumor,F:\brain tumor detection\data\raw\primary\notumor\notumor_Tr-no_422.jpg
notumor,F:\brain tumor detection\data\raw\primary\notumor\notumor_Tr-no_423.jpg
notumor,F:\brain tumor detection\data\raw\primary\notumor\notumor_Tr-no_424.jpg
notumor,F:\brain tumor detection\data\raw\primary\notumor\notumor_Tr-no_425.jpg
notumor,F:\brain tumor detection\data\raw\primary\notumor\notumor_Tr-no_426.jpg
notumor,F:\brain tumor detection\data\raw\primary\notumor\notumor_Tr-no_427.jpg
notumor,F:\brain tumor detection\data\raw\primary\notumor\notumor_Tr-no_428.jpg
notumor,F:\brain tumor detection\data\raw\primary\notumor\notumor_Tr-no_429.jpg
notumor,F:\brain tumor detection\data\raw\primary\notumor\notumor_Tr-no_43.jpg
notumor,F:\brain tumor detection\data\raw\primary\notumor\notumor_Tr-no_430.jpg
notumor,F:\brain tumor detection\data\raw\primary\notumor\notumor_Tr-no_431.jpg
notumor,F:\brain tumor detection\data\raw\primary\notumor\notumor_Tr-no_432.jpg
notumor,F:\brain tumor detection\data\raw\primary\notumor\notumor_Tr-no_433.jpg
notumor,F:\brain tumor detection\data\raw\primary\notumor\notumor_Tr-no_434.jpg
notumor,F:\brain tumor detection\data\raw\primary\notumor\notumor_Tr-no_435.jpg
notumor,F:\brain tumor detection\data\raw\primary\notumor\notumor_Tr-no_436.jpg
notumor,F:\brain tumor detection\data\raw\primary\notumor\notumor_Tr-no_437.jpg
notumor,F:\brain tumor detection\data\raw\primary\notumor\notumor_Tr-no_438.jpg
notumor,F:\brain tumor detection\data\raw\primary\notumor\notumor_Tr-no_439.jpg
notumor,F:\brain tumor detection\data\raw\primary\notumor\notumor_Tr-no_44.jpg
notumor,F:\brain tumor detection\data\raw\primary\notumor\notumor_Tr-no_440.jpg
notumor,F:\brain tumor detection\data\raw\primary\notumor\notumor_Tr-no_441.jpg
notumor,F:\brain tumor detection\data\raw\primary\notumor\notumor_Tr-no_442.jpg
notumor,F:\brain tumor detection\data\raw\primary\notumor\notumor_Tr-no_443.jpg
notumor,F:\brain tumor detection\data\raw\primary\notumor\notumor_Tr-no_444.jpg
notumor,F:\brain tumor detection\data\raw\primary\notumor\notumor_Tr-no_445.jpg
notumor,F:\brain tumor detection\data\raw\primary\notumor\notumor_Tr-no_446.jpg
notumor,F:\brain tumor detection\data\raw\primary\notumor\notumor_Tr-no_447.jpg
notumor,F:\brain tumor detection\data\raw\primary\notumor\notumor_Tr-no_448.jpg
notumor,F:\brain tumor detection\data\raw\primary\notumor\notumor_Tr-no_449.jpg
notumor,F:\brain tumor detection\data\raw\primary\notumor\notumor_Tr-no_45.jpg
notumor,F:\brain tumor detection\data\raw\primary\notumor\notumor_Tr-no_450.jpg
notumor,F:\brain tumor detection\data\raw\primary\notumor\notumor_Tr-no_451.jpg
notumor,F:\brain tumor detection\data\raw\primary\notumor\notumor_Tr-no_452.jpg
notumor,F:\brain tumor detection\data\raw\primary\notumor\notumor_Tr-no_453.jpg
notumor,F:\brain tumor detection\data\raw\primary\notumor\notumor_Tr-no_454.jpg
notumor,F:\brain tumor detection\data\raw\primary\notumor\notumor_Tr-no_455.jpg
notumor,F:\brain tumor detection\data\raw\primary\notumor\notumor_Tr-no_456.jpg
notumor,F:\brain tumor detection\data\raw\primary\notumor\notumor_Tr-no_457.jpg
notumor,F:\brain tumor detection\data\raw\primary\notumor\notumor_Tr-no_458.jpg
notumor,F:\brain tumor detection\data\raw\primary\notumor\notumor_Tr-no_459.jpg
notumor,F:\brain tumor detection\data\raw\primary\notumor\notumor_Tr-no_46.jpg
notumor,F:\brain tumor detection\data\raw\primary\notumor\notumor_Tr-no_460.jpg
notumor,F:\brain tumor detection\data\raw\primary\notumor\notumor_Tr-no_461.jpg
notumor,F:\brain tumor detection\data\raw\primary\notumor\notumor_Tr-no_462.jpg
notumor,F:\brain tumor detection\data\raw\primary\notumor\notumor_Tr-no_463.jpg
notumor,F:\brain tumor detection\data\raw\primary\notumor\notumor_Tr-no_464.jpg
notumor,F:\brain tumor detection\data\raw\primary\notumor\notumor_Tr-no_465.jpg
notumor,F:\brain tumor detection\data\raw\primary\notumor\notumor_Tr-no_466.jpg
notumor,F:\brain tumor detection\data\raw\primary\notumor\notumor_Tr-no_467.jpg
notumor,F:\brain tumor detection\data\raw\primary\notumor\notumor_Tr-no_468.jpg
notumor,F:\brain tumor detection\data\raw\primary\notumor\notumor_Tr-no_469.jpg
notumor,F:\brain tumor detection\data\raw\primary\notumor\notumor_Tr-no_47.jpg
notumor,F:\brain tumor detection\data\raw\primary\notumor\notumor_Tr-no_470.jpg
notumor,F:\brain tumor detection\data\raw\primary\notumor\notumor_Tr-no_471.jpg
notumor,F:\brain tumor detection\data\raw\primary\notumor\notumor_Tr-no_472.jpg
notumor,F:\brain tumor detection\data\raw\primary\notumor\notumor_Tr-no_473.jpg
notumor,F:\brain tumor detection\data\raw\primary\notumor\notumor_Tr-no_474.jpg
notumor,F:\brain tumor detection\data\raw\primary\notumor\notumor_Tr-no_475.jpg
notumor,F:\brain tumor detection\data\raw\primary\notumor\notumor_Tr-no_476.jpg
notumor,F:\brain tumor detection\data\raw\primary\notumor\notumor_Tr-no_477.jpg
notumor,F:\brain tumor detection\data\raw\primary\notumor\notumor_Tr-no_478.jpg
notumor,F:\brain tumor detection\data\raw\primary\notumor\notumor_Tr-no_479.jpg
notumor,F:\brain tumor detection\data\raw\primary\notumor\notumor_Tr-no_48.jpg
notumor,F:\brain tumor detection\data\raw\primary\notumor\notumor_Tr-no_480.jpg
notumor,F:\brain tumor detection\data\raw\primary\notumor\notumor_Tr-no_481.jpg
notumor,F:\brain tumor detection\data\raw\primary\notumor\notumor_Tr-no_482.jpg
notumor,F:\brain tumor detection\data\raw\primary\notumor\notumor_Tr-no_483.jpg
notumor,F:\brain tumor detection\data\raw\primary\notumor\notumor_Tr-no_484.jpg
notumor,F:\brain tumor detection\data\raw\primary\notumor\notumor_Tr-no_485.jpg
notumor,F:\brain tumor detection\data\raw\primary\notumor\notumor_Tr-no_486.jpg
notumor,F:\brain tumor detection\data\raw\primary\notumor\notumor_Tr-no_487.jpg
notumor,F:\brain tumor detection\data\raw\primary\notumor\notumor_Tr-no_488.jpg
notumor,F:\brain tumor detection\data\raw\primary\notumor\notumor_Tr-no_489.jpg
notumor,F:\brain tumor detection\data\raw\primary\notumor\notumor_Tr-no_49.jpg
notumor,F:\brain tumor detection\data\raw\primary\notumor\notumor_Tr-no_490.jpg
notumor,F:\brain tumor detection\data\raw\primary\notumor\notumor_Tr-no_491.jpg
notumor,F:\brain tumor detection\data\raw\primary\notumor\notumor_Tr-no_492.jpg
notumor,F:\brain tumor detection\data\raw\primary\notumor\notumor_Tr-no_493.jpg
notumor,F:\brain tumor detection\data\raw\primary\notumor\notumor_Tr-no_494.jpg
notumor,F:\brain tumor detection\data\raw\primary\notumor\notumor_Tr-no_495.jpg
notumor,F:\brain tumor detection\data\raw\primary\notumor\notumor_Tr-no_496.jpg
notumor,F:\brain tumor detection\data\raw\primary\notumor\notumor_Tr-no_497.jpg
notumor,F:\brain tumor detection\data\raw\primary\notumor\notumor_Tr-no_498.jpg
notumor,F:\brain tumor detection\data\raw\primary\notumor\notumor_Tr-no_499.jpg
notumor,F:\brain tumor detection\data\raw\primary\notumor\notumor_Tr-no_5.jpg
notumor,F:\brain tumor detection\data\raw\primary\notumor\notumor_Tr-no_50.jpg
notumor,F:\brain tumor detection\data\raw\primary\notumor\notumor_Tr-no_500.jpg
notumor,F:\brain tumor detection\data\raw\primary\notumor\notumor_Tr-no_501.jpg
notumor,F:\brain tumor detection\data\raw\primary\notumor\notumor_Tr-no_502.jpg
notumor,F:\brain tumor detection\data\raw\primary\notumor\notumor_Tr-no_503.jpg
notumor,F:\brain tumor detection\data\raw\primary\notumor\notumor_Tr-no_504.jpg
notumor,F:\brain tumor detection\data\raw\primary\notumor\notumor_Tr-no_505.jpg
notumor,F:\brain tumor detection\data\raw\primary\notumor\notumor_Tr-no_506.jpg
notumor,F:\brain tumor detection\data\raw\primary\notumor\notumor_Tr-no_507.jpg
notumor,F:\brain tumor detection\data\raw\primary\notumor\notumor_Tr-no_508.jpg
notumor,F:\brain tumor detection\data\raw\primary\notumor\notumor_Tr-no_509.jpg
notumor,F:\brain tumor detection\data\raw\primary\notumor\notumor_Tr-no_51.jpg
notumor,F:\brain tumor detection\data\raw\primary\notumor\notumor_Tr-no_510.jpg
notumor,F:\brain tumor detection\data\raw\primary\notumor\notumor_Tr-no_511.jpg
notumor,F:\brain tumor detection\data\raw\primary\notumor\notumor_Tr-no_512.jpg
notumor,F:\brain tumor detection\data\raw\primary\notumor\notumor_Tr-no_513.jpg
notumor,F:\brain tumor detection\data\raw\primary\notumor\notumor_Tr-no_514.jpg
notumor,F:\brain tumor detection\data\raw\primary\notumor\notumor_Tr-no_515.jpg
notumor,F:\brain tumor detection\data\raw\primary\notumor\notumor_Tr-no_516.jpg
notumor,F:\brain tumor detection\data\raw\primary\notumor\notumor_Tr-no_517.jpg
notumor,F:\brain tumor detection\data\raw\primary\notumor\notumor_Tr-no_518.jpg
notumor,F:\brain tumor detection\data\raw\primary\notumor\notumor_Tr-no_519.jpg
notumor,F:\brain tumor detection\data\raw\primary\notumor\notumor_Tr-no_52.jpg
notumor,F:\brain tumor detection\data\raw\primary\notumor\notumor_Tr-no_520.jpg
notumor,F:\brain tumor detection\data\raw\primary\notumor\notumor_Tr-no_521.jpg
notumor,F:\brain tumor detection\data\raw\primary\notumor\notumor_Tr-no_522.jpg
notumor,F:\brain tumor detection\data\raw\primary\notumor\notumor_Tr-no_523.jpg
notumor,F:\brain tumor detection\data\raw\primary\notumor\notumor_Tr-no_524.jpg
notumor,F:\brain tumor detection\data\raw\primary\notumor\notumor_Tr-no_525.jpg
notumor,F:\brain tumor detection\data\raw\primary\notumor\notumor_Tr-no_526.jpg
notumor,F:\brain tumor detection\data\raw\primary\notumor\notumor_Tr-no_527.jpg
notumor,F:\brain tumor detection\data\raw\primary\notumor\notumor_Tr-no_528.jpg
notumor,F:\brain tumor detection\data\raw\primary\notumor\notumor_Tr-no_529.jpg
notumor,F:\brain tumor detection\data\raw\primary\notumor\notumor_Tr-no_53.jpg
notumor,F:\brain tumor detection\data\raw\primary\notumor\notumor_Tr-no_530.jpg
notumor,F:\brain tumor detection\data\raw\primary\notumor\notumor_Tr-no_531.jpg
notumor,F:\brain tumor detection\data\raw\primary\notumor\notumor_Tr-no_532.jpg
notumor,F:\brain tumor detection\data\raw\primary\notumor\notumor_Tr-no_533.jpg
notumor,F:\brain tumor detection\data\raw\primary\notumor\notumor_Tr-no_534.jpg
notumor,F:\brain tumor detection\data\raw\primary\notumor\notumor_Tr-no_535.jpg
notumor,F:\brain tumor detection\data\raw\primary\notumor\notumor_Tr-no_536.jpg
notumor,F:\brain tumor detection\data\raw\primary\notumor\notumor_Tr-no_537.jpg
notumor,F:\brain tumor detection\data\raw\primary\notumor\notumor_Tr-no_538.jpg
notumor,F:\brain tumor detection\data\raw\primary\notumor\notumor_Tr-no_539.jpg
notumor,F:\brain tumor detection\data\raw\primary\notumor\notumor_Tr-no_54.jpg
notumor,F:\brain tumor detection\data\raw\primary\notumor\notumor_Tr-no_540.jpg
notumor,F:\brain tumor detection\data\raw\primary\notumor\notumor_Tr-no_541.jpg
notumor,F:\brain tumor detection\data\raw\primary\notumor\notumor_Tr-no_542.jpg
notumor,F:\brain tumor detection\data\raw\primary\notumor\notumor_Tr-no_543.jpg
notumor,F:\brain tumor detection\data\raw\primary\notumor\notumor_Tr-no_544.jpg
notumor,F:\brain tumor detection\data\raw\primary\notumor\notumor_Tr-no_545.jpg
notumor,F:\brain tumor detection\data\raw\primary\notumor\notumor_Tr-no_546.jpg
notumor,F:\brain tumor detection\data\raw\primary\notumor\notumor_Tr-no_547.jpg
notumor,F:\brain tumor detection\data\raw\primary\notumor\notumor_Tr-no_548.jpg
notumor,F:\brain tumor detection\data\raw\primary\notumor\notumor_Tr-no_549.jpg
notumor,F:\brain tumor detection\data\raw\primary\notumor\notumor_Tr-no_55.jpg
notumor,F:\brain tumor detection\data\raw\primary\notumor\notumor_Tr-no_550.jpg
notumor,F:\brain tumor detection\data\raw\primary\notumor\notumor_Tr-no_551.jpg
notumor,F:\brain tumor detection\data\raw\primary\notumor\notumor_Tr-no_552.jpg
notumor,F:\brain tumor detection\data\raw\primary\notumor\notumor_Tr-no_553.jpg
notumor,F:\brain tumor detection\data\raw\primary\notumor\notumor_Tr-no_554.jpg
notumor,F:\brain tumor detection\data\raw\primary\notumor\notumor_Tr-no_555.jpg
notumor,F:\brain tumor detection\data\raw\primary\notumor\notumor_Tr-no_556.jpg
notumor,F:\brain tumor detection\data\raw\primary\notumor\notumor_Tr-no_557.jpg
notumor,F:\brain tumor detection\data\raw\primary\notumor\notumor_Tr-no_558.jpg
notumor,F:\brain tumor detection\data\raw\primary\notumor\notumor_Tr-no_559.jpg
notumor,F:\brain tumor detection\data\raw\primary\notumor\notumor_Tr-no_56.jpg
notumor,F:\brain tumor detection\data\raw\primary\notumor\notumor_Tr-no_560.jpg
notumor,F:\brain tumor detection\data\raw\primary\notumor\notumor_Tr-no_561.jpg
notumor,F:\brain tumor detection\data\raw\primary\notumor\notumor_Tr-no_562.jpg
notumor,F:\brain tumor detection\data\raw\primary\notumor\notumor_Tr-no_563.jpg
notumor,F:\brain tumor detection\data\raw\primary\notumor\notumor_Tr-no_564.jpg
notumor,F:\brain tumor detection\data\raw\primary\notumor\notumor_Tr-no_565.jpg
notumor,F:\brain tumor detection\data\raw\primary\notumor\notumor_Tr-no_566.jpg
notumor,F:\brain tumor detection\data\raw\primary\notumor\notumor_Tr-no_567.jpg
notumor,F:\brain tumor detection\data\raw\primary\notumor\notumor_Tr-no_568.jpg
notumor,F:\brain tumor detection\data\raw\primary\notumor\notumor_Tr-no_569.jpg
notumor,F:\brain tumor detection\data\raw\primary\notumor\notumor_Tr-no_57.jpg
notumor,F:\brain tumor detection\data\raw\primary\notumor\notumor_Tr-no_570.jpg
notumor,F:\brain tumor detection\data\raw\primary\notumor\notumor_Tr-no_571.jpg
notumor,F:\brain tumor detection\data\raw\primary\notumor\notumor_Tr-no_572.jpg
notumor,F:\brain tumor detection\data\raw\primary\notumor\notumor_Tr-no_573.jpg
notumor,F:\brain tumor detection\data\raw\primary\notumor\notumor_Tr-no_574.jpg
notumor,F:\brain tumor detection\data\raw\primary\notumor\notumor_Tr-no_575.jpg
notumor,F:\brain tumor detection\data\raw\primary\notumor\notumor_Tr-no_576.jpg
notumor,F:\brain tumor detection\data\raw\primary\notumor\notumor_Tr-no_577.jpg
notumor,F:\brain tumor detection\data\raw\primary\notumor\notumor_Tr-no_578.jpg
notumor,F:\brain tumor detection\data\raw\primary\notumor\notumor_Tr-no_579.jpg
notumor,F:\brain tumor detection\data\raw\primary\notumor\notumor_Tr-no_58.jpg
notumor,F:\brain tumor detection\data\raw\primary\notumor\notumor_Tr-no_580.jpg
notumor,F:\brain tumor detection\data\raw\primary\notumor\notumor_Tr-no_581.jpg
notumor,F:\brain tumor detection\data\raw\primary\notumor\notumor_Tr-no_582.jpg
notumor,F:\brain tumor detection\data\raw\primary\notumor\notumor_Tr-no_583.jpg
notumor,F:\brain tumor detection\data\raw\primary\notumor\notumor_Tr-no_584.jpg
notumor,F:\brain tumor detection\data\raw\primary\notumor\notumor_Tr-no_585.jpg
notumor,F:\brain tumor detection\data\raw\primary\notumor\notumor_Tr-no_586.jpg
notumor,F:\brain tumor detection\data\raw\primary\notumor\notumor_Tr-no_587.jpg
notumor,F:\brain tumor detection\data\raw\primary\notumor\notumor_Tr-no_588.jpg
notumor,F:\brain tumor detection\data\raw\primary\notumor\notumor_Tr-no_589.jpg
notumor,F:\brain tumor detection\data\raw\primary\notumor\notumor_Tr-no_59.jpg
notumor,F:\brain tumor detection\data\raw\primary\notumor\notumor_Tr-no_590.jpg
notumor,F:\brain tumor detection\data\raw\primary\notumor\notumor_Tr-no_591.jpg
notumor,F:\brain tumor detection\data\raw\primary\notumor\notumor_Tr-no_592.jpg
notumor,F:\brain tumor detection\data\raw\primary\notumor\notumor_Tr-no_593.jpg
notumor,F:\brain tumor detection\data\raw\primary\notumor\notumor_Tr-no_594.jpg
notumor,F:\brain tumor detection\data\raw\primary\notumor\notumor_Tr-no_595.jpg
notumor,F:\brain tumor detection\data\raw\primary\notumor\notumor_Tr-no_596.jpg
notumor,F:\brain tumor detection\data\raw\primary\notumor\notumor_Tr-no_597.jpg
notumor,F:\brain tumor detection\data\raw\primary\notumor\notumor_Tr-no_598.jpg
notumor,F:\brain tumor detection\data\raw\primary\notumor\notumor_Tr-no_599.jpg
notumor,F:\brain tumor detection\data\raw\primary\notumor\notumor_Tr-no_6.jpg
notumor,F:\brain tumor detection\data\raw\primary\notumor\notumor_Tr-no_60.jpg
notumor,F:\brain tumor detection\data\raw\primary\notumor\notumor_Tr-no_600.jpg
notumor,F:\brain tumor detection\data\raw\primary\notumor\notumor_Tr-no_601.jpg
notumor,F:\brain tumor detection\data\raw\primary\notumor\notumor_Tr-no_602.jpg
notumor,F:\brain tumor detection\data\raw\primary\notumor\notumor_Tr-no_603.jpg
notumor,F:\brain tumor detection\data\raw\primary\notumor\notumor_Tr-no_604.jpg
notumor,F:\brain tumor detection\data\raw\primary\notumor\notumor_Tr-no_605.jpg
notumor,F:\brain tumor detection\data\raw\primary\notumor\notumor_Tr-no_606.jpg
notumor,F:\brain tumor detection\data\raw\primary\notumor\notumor_Tr-no_607.jpg
notumor,F:\brain tumor detection\data\raw\primary\notumor\notumor_Tr-no_608.jpg
notumor,F:\brain tumor detection\data\raw\primary\notumor\notumor_Tr-no_609.jpg
notumor,F:\brain tumor detection\data\raw\primary\notumor\notumor_Tr-no_61.jpg
notumor,F:\brain tumor detection\data\raw\primary\notumor\notumor_Tr-no_610.jpg
notumor,F:\brain tumor detection\data\raw\primary\notumor\notumor_Tr-no_611.jpg
notumor,F:\brain tumor detection\data\raw\primary\notumor\notumor_Tr-no_612.jpg
notumor,F:\brain tumor detection\data\raw\primary\notumor\notumor_Tr-no_613.jpg
notumor,F:\brain tumor detection\data\raw\primary\notumor\notumor_Tr-no_614.jpg
notumor,F:\brain tumor detection\data\raw\primary\notumor\notumor_Tr-no_615.jpg
notumor,F:\brain tumor detection\data\raw\primary\notumor\notumor_Tr-no_616.jpg
notumor,F:\brain tumor detection\data\raw\primary\notumor\notumor_Tr-no_617.jpg
notumor,F:\brain tumor detection\data\raw\primary\notumor\notumor_Tr-no_618.jpg
notumor,F:\brain tumor detection\data\raw\primary\notumor\notumor_Tr-no_619.jpg
notumor,F:\brain tumor detection\data\raw\primary\notumor\notumor_Tr-no_62.jpg
notumor,F:\brain tumor detection\data\raw\primary\notumor\notumor_Tr-no_620.jpg
notumor,F:\brain tumor detection\data\raw\primary\notumor\notumor_Tr-no_621.jpg
notumor,F:\brain tumor detection\data\raw\primary\notumor\notumor_Tr-no_622.jpg
notumor,F:\brain tumor detection\data\raw\primary\notumor\notumor_Tr-no_623.jpg
notumor,F:\brain tumor detection\data\raw\primary\notumor\notumor_Tr-no_624.jpg
notumor,F:\brain tumor detection\data\raw\primary\notumor\notumor_Tr-no_625.jpg
notumor,F:\brain tumor detection\data\raw\primary\notumor\notumor_Tr-no_626.jpg
notumor,F:\brain tumor detection\data\raw\primary\notumor\notumor_Tr-no_627.jpg
notumor,F:\brain tumor detection\data\raw\primary\notumor\notumor_Tr-no_628.jpg
notumor,F:\brain tumor detection\data\raw\primary\notumor\notumor_Tr-no_629.jpg
notumor,F:\brain tumor detection\data\raw\primary\notumor\notumor_Tr-no_63.jpg
notumor,F:\brain tumor detection\data\raw\primary\notumor\notumor_Tr-no_630.jpg
notumor,F:\brain tumor detection\data\raw\primary\notumor\notumor_Tr-no_631.jpg
notumor,F:\brain tumor detection\data\raw\primary\notumor\notumor_Tr-no_632.jpg
notumor,F:\brain tumor detection\data\raw\primary\notumor\notumor_Tr-no_633.jpg
notumor,F:\brain tumor detection\data\raw\primary\notumor\notumor_Tr-no_634.jpg
notumor,F:\brain tumor detection\data\raw\primary\notumor\notumor_Tr-no_635.jpg
notumor,F:\brain tumor detection\data\raw\primary\notumor\notumor_Tr-no_636.jpg
notumor,F:\brain tumor detection\data\raw\primary\notumor\notumor_Tr-no_637.jpg
notumor,F:\brain tumor detection\data\raw\primary\notumor\notumor_Tr-no_638.jpg
notumor,F:\brain tumor detection\data\raw\primary\notumor\notumor_Tr-no_639.jpg
notumor,F:\brain tumor detection\data\raw\primary\notumor\notumor_Tr-no_64.jpg
notumor,F:\brain tumor detection\data\raw\primary\notumor\notumor_Tr-no_640.jpg
notumor,F:\brain tumor detection\data\raw\primary\notumor\notumor_Tr-no_641.jpg
notumor,F:\brain tumor detection\data\raw\primary\notumor\notumor_Tr-no_642.jpg
notumor,F:\brain tumor detection\data\raw\primary\notumor\notumor_Tr-no_643.jpg
notumor,F:\brain tumor detection\data\raw\primary\notumor\notumor_Tr-no_644.jpg
notumor,F:\brain tumor detection\data\raw\primary\notumor\notumor_Tr-no_645.jpg
notumor,F:\brain tumor detection\data\raw\primary\notumor\notumor_Tr-no_646.jpg
notumor,F:\brain tumor detection\data\raw\primary\notumor\notumor_Tr-no_647.jpg
notumor,F:\brain tumor detection\data\raw\primary\notumor\notumor_Tr-no_648.jpg
notumor,F:\brain tumor detection\data\raw\primary\notumor\notumor_Tr-no_649.jpg
notumor,F:\brain tumor detection\data\raw\primary\notumor\notumor_Tr-no_65.jpg
notumor,F:\brain tumor detection\data\raw\primary\notumor\notumor_Tr-no_650.jpg
notumor,F:\brain tumor detection\data\raw\primary\notumor\notumor_Tr-no_651.jpg
notumor,F:\brain tumor detection\data\raw\primary\notumor\notumor_Tr-no_652.jpg
notumor,F:\brain tumor detection\data\raw\primary\notumor\notumor_Tr-no_653.jpg
notumor,F:\brain tumor detection\data\raw\primary\notumor\notumor_Tr-no_654.jpg
notumor,F:\brain tumor detection\data\raw\primary\notumor\notumor_Tr-no_655.jpg
notumor,F:\brain tumor detection\data\raw\primary\notumor\notumor_Tr-no_656.jpg
notumor,F:\brain tumor detection\data\raw\primary\notumor\notumor_Tr-no_657.jpg
notumor,F:\brain tumor detection\data\raw\primary\notumor\notumor_Tr-no_658.jpg
notumor,F:\brain tumor detection\data\raw\primary\notumor\notumor_Tr-no_659.jpg
notumor,F:\brain tumor detection\data\raw\primary\notumor\notumor_Tr-no_66.jpg
notumor,F:\brain tumor detection\data\raw\primary\notumor\notumor_Tr-no_660.jpg
notumor,F:\brain tumor detection\data\raw\primary\notumor\notumor_Tr-no_661.jpg
notumor,F:\brain tumor detection\data\raw\primary\notumor\notumor_Tr-no_662.jpg
notumor,F:\brain tumor detection\data\raw\primary\notumor\notumor_Tr-no_663.jpg
notumor,F:\brain tumor detection\data\raw\primary\notumor\notumor_Tr-no_664.jpg
notumor,F:\brain tumor detection\data\raw\primary\notumor\notumor_Tr-no_665.jpg
notumor,F:\brain tumor detection\data\raw\primary\notumor\notumor_Tr-no_666.jpg
notumor,F:\brain tumor detection\data\raw\primary\notumor\notumor_Tr-no_667.jpg
notumor,F:\brain tumor detection\data\raw\primary\notumor\notumor_Tr-no_668.jpg
notumor,F:\brain tumor detection\data\raw\primary\notumor\notumor_Tr-no_669.jpg
notumor,F:\brain tumor detection\data\raw\primary\notumor\notumor_Tr-no_67.jpg
notumor,F:\brain tumor detection\data\raw\primary\notumor\notumor_Tr-no_670.jpg
notumor,F:\brain tumor detection\data\raw\primary\notumor\notumor_Tr-no_671.jpg
notumor,F:\brain tumor detection\data\raw\primary\notumor\notumor_Tr-no_672.jpg
notumor,F:\brain tumor detection\data\raw\primary\notumor\notumor_Tr-no_673.jpg
notumor,F:\brain tumor detection\data\raw\primary\notumor\notumor_Tr-no_674.jpg
notumor,F:\brain tumor detection\data\raw\primary\notumor\notumor_Tr-no_675.jpg
notumor,F:\brain tumor detection\data\raw\primary\notumor\notumor_Tr-no_676.jpg
notumor,F:\brain tumor detection\data\raw\primary\notumor\notumor_Tr-no_677.jpg
notumor,F:\brain tumor detection\data\raw\primary\notumor\notumor_Tr-no_678.jpg
notumor,F:\brain tumor detection\data\raw\primary\notumor\notumor_Tr-no_679.jpg
notumor,F:\brain tumor detection\data\raw\primary\notumor\notumor_Tr-no_68.jpg
notumor,F:\brain tumor detection\data\raw\primary\notumor\notumor_Tr-no_680.jpg
notumor,F:\brain tumor detection\data\raw\primary\notumor\notumor_Tr-no_681.jpg
notumor,F:\brain tumor detection\data\raw\primary\notumor\notumor_Tr-no_682.jpg
notumor,F:\brain tumor detection\data\raw\primary\notumor\notumor_Tr-no_683.jpg
notumor,F:\brain tumor detection\data\raw\primary\notumor\notumor_Tr-no_684.jpg
notumor,F:\brain tumor detection\data\raw\primary\notumor\notumor_Tr-no_685.jpg
notumor,F:\brain tumor detection\data\raw\primary\notumor\notumor_Tr-no_686.jpg
notumor,F:\brain tumor detection\data\raw\primary\notumor\notumor_Tr-no_687.jpg
notumor,F:\brain tumor detection\data\raw\primary\notumor\notumor_Tr-no_688.jpg
notumor,F:\brain tumor detection\data\raw\primary\notumor\notumor_Tr-no_689.jpg
notumor,F:\brain tumor detection\data\raw\primary\notumor\notumor_Tr-no_69.jpg
notumor,F:\brain tumor detection\data\raw\primary\notumor\notumor_Tr-no_690.jpg
notumor,F:\brain tumor detection\data\raw\primary\notumor\notumor_Tr-no_691.jpg
notumor,F:\brain tumor detection\data\raw\primary\notumor\notumor_Tr-no_692.jpg
notumor,F:\brain tumor detection\data\raw\primary\notumor\notumor_Tr-no_693.jpg
notumor,F:\brain tumor detection\data\raw\primary\notumor\notumor_Tr-no_694.jpg
notumor,F:\brain tumor detection\data\raw\primary\notumor\notumor_Tr-no_695.jpg
notumor,F:\brain tumor detection\data\raw\primary\notumor\notumor_Tr-no_696.jpg
notumor,F:\brain tumor detection\data\raw\primary\notumor\notumor_Tr-no_697.jpg
notumor,F:\brain tumor detection\data\raw\primary\notumor\notumor_Tr-no_698.jpg
notumor,F:\brain tumor detection\data\raw\primary\notumor\notumor_Tr-no_699.jpg
notumor,F:\brain tumor detection\data\raw\primary\notumor\notumor_Tr-no_7.jpg
notumor,F:\brain tumor detection\data\raw\primary\notumor\notumor_Tr-no_70.jpg
notumor,F:\brain tumor detection\data\raw\primary\notumor\notumor_Tr-no_700.jpg
notumor,F:\brain tumor detection\data\raw\primary\notumor\notumor_Tr-no_701.jpg
notumor,F:\brain tumor detection\data\raw\primary\notumor\notumor_Tr-no_702.jpg
notumor,F:\brain tumor detection\data\raw\primary\notumor\notumor_Tr-no_703.jpg
notumor,F:\brain tumor detection\data\raw\primary\notumor\notumor_Tr-no_704.jpg
notumor,F:\brain tumor detection\data\raw\primary\notumor\notumor_Tr-no_705.jpg
notumor,F:\brain tumor detection\data\raw\primary\notumor\notumor_Tr-no_706.jpg
notumor,F:\brain tumor detection\data\raw\primary\notumor\notumor_Tr-no_707.jpg
notumor,F:\brain tumor detection\data\raw\primary\notumor\notumor_Tr-no_708.jpg
notumor,F:\brain tumor detection\data\raw\primary\notumor\notumor_Tr-no_709.jpg
notumor,F:\brain tumor detection\data\raw\primary\notumor\notumor_Tr-no_71.jpg
notumor,F:\brain tumor detection\data\raw\primary\notumor\notumor_Tr-no_710.jpg
notumor,F:\brain tumor detection\data\raw\primary\notumor\notumor_Tr-no_711.jpg
notumor,F:\brain tumor detection\data\raw\primary\notumor\notumor_Tr-no_712.jpg
notumor,F:\brain tumor detection\data\raw\primary\notumor\notumor_Tr-no_713.jpg
notumor,F:\brain tumor detection\data\raw\primary\notumor\notumor_Tr-no_714.jpg
notumor,F:\brain tumor detection\data\raw\primary\notumor\notumor_Tr-no_715.jpg
notumor,F:\brain tumor detection\data\raw\primary\notumor\notumor_Tr-no_716.jpg
notumor,F:\brain tumor detection\data\raw\primary\notumor\notumor_Tr-no_717.jpg
notumor,F:\brain tumor detection\data\raw\primary\notumor\notumor_Tr-no_718.jpg
notumor,F:\brain tumor detection\data\raw\primary\notumor\notumor_Tr-no_719.jpg
notumor,F:\brain tumor detection\data\raw\primary\notumor\notumor_Tr-no_72.jpg
notumor,F:\brain tumor detection\data\raw\primary\notumor\notumor_Tr-no_720.jpg
notumor,F:\brain tumor detection\data\raw\primary\notumor\notumor_Tr-no_721.jpg
notumor,F:\brain tumor detection\data\raw\primary\notumor\notumor_Tr-no_722.jpg
notumor,F:\brain tumor detection\data\raw\primary\notumor\notumor_Tr-no_723.jpg
notumor,F:\brain tumor detection\data\raw\primary\notumor\notumor_Tr-no_724.jpg
notumor,F:\brain tumor detection\data\raw\primary\notumor\notumor_Tr-no_725.jpg
notumor,F:\brain tumor detection\data\raw\primary\notumor\notumor_Tr-no_726.jpg
notumor,F:\brain tumor detection\data\raw\primary\notumor\notumor_Tr-no_727.jpg
notumor,F:\brain tumor detection\data\raw\primary\notumor\notumor_Tr-no_728.jpg
notumor,F:\brain tumor detection\data\raw\primary\notumor\notumor_Tr-no_729.jpg
notumor,F:\brain tumor detection\data\raw\primary\notumor\notumor_Tr-no_73.jpg
notumor,F:\brain tumor detection\data\raw\primary\notumor\notumor_Tr-no_730.jpg
notumor,F:\brain tumor detection\data\raw\primary\notumor\notumor_Tr-no_731.jpg
notumor,F:\brain tumor detection\data\raw\primary\notumor\notumor_Tr-no_732.jpg
notumor,F:\brain tumor detection\data\raw\primary\notumor\notumor_Tr-no_733.jpg
notumor,F:\brain tumor detection\data\raw\primary\notumor\notumor_Tr-no_734.jpg
notumor,F:\brain tumor detection\data\raw\primary\notumor\notumor_Tr-no_735.jpg
notumor,F:\brain tumor detection\data\raw\primary\notumor\notumor_Tr-no_736.jpg
notumor,F:\brain tumor detection\data\raw\primary\notumor\notumor_Tr-no_737.jpg
notumor,F:\brain tumor detection\data\raw\primary\notumor\notumor_Tr-no_738.jpg
notumor,F:\brain tumor detection\data\raw\primary\notumor\notumor_Tr-no_739.jpg
notumor,F:\brain tumor detection\data\raw\primary\notumor\notumor_Tr-no_74.jpg
notumor,F:\brain tumor detection\data\raw\primary\notumor\notumor_Tr-no_740.jpg
notumor,F:\brain tumor detection\data\raw\primary\notumor\notumor_Tr-no_741.jpg
notumor,F:\brain tumor detection\data\raw\primary\notumor\notumor_Tr-no_742.jpg
notumor,F:\brain tumor detection\data\raw\primary\notumor\notumor_Tr-no_743.jpg
notumor,F:\brain tumor detection\data\raw\primary\notumor\notumor_Tr-no_744.jpg
notumor,F:\brain tumor detection\data\raw\primary\notumor\notumor_Tr-no_745.jpg
notumor,F:\brain tumor detection\data\raw\primary\notumor\notumor_Tr-no_746.jpg
notumor,F:\brain tumor detection\data\raw\primary\notumor\notumor_Tr-no_747.jpg
notumor,F:\brain tumor detection\data\raw\primary\notumor\notumor_Tr-no_748.jpg
notumor,F:\brain tumor detection\data\raw\primary\notumor\notumor_Tr-no_749.jpg
notumor,F:\brain tumor detection\data\raw\primary\notumor\notumor_Tr-no_75.jpg
notumor,F:\brain tumor detection\data\raw\primary\notumor\notumor_Tr-no_750.jpg
notumor,F:\brain tumor detection\data\raw\primary\notumor\notumor_Tr-no_751.jpg
notumor,F:\brain tumor detection\data\raw\primary\notumor\notumor_Tr-no_752.jpg
notumor,F:\brain tumor detection\data\raw\primary\notumor\notumor_Tr-no_753.jpg
notumor,F:\brain tumor detection\data\raw\primary\notumor\notumor_Tr-no_754.jpg
notumor,F:\brain tumor detection\data\raw\primary\notumor\notumor_Tr-no_755.jpg
notumor,F:\brain tumor detection\data\raw\primary\notumor\notumor_Tr-no_756.jpg
notumor,F:\brain tumor detection\data\raw\primary\notumor\notumor_Tr-no_757.jpg
notumor,F:\brain tumor detection\data\raw\primary\notumor\notumor_Tr-no_758.jpg
notumor,F:\brain tumor detection\data\raw\primary\notumor\notumor_Tr-no_759.jpg
notumor,F:\brain tumor detection\data\raw\primary\notumor\notumor_Tr-no_76.jpg
notumor,F:\brain tumor detection\data\raw\primary\notumor\notumor_Tr-no_760.jpg
notumor,F:\brain tumor detection\data\raw\primary\notumor\notumor_Tr-no_761.jpg
notumor,F:\brain tumor detection\data\raw\primary\notumor\notumor_Tr-no_762.jpg
notumor,F:\brain tumor detection\data\raw\primary\notumor\notumor_Tr-no_763.jpg
notumor,F:\brain tumor detection\data\raw\primary\notumor\notumor_Tr-no_764.jpg
notumor,F:\brain tumor detection\data\raw\primary\notumor\notumor_Tr-no_765.jpg
notumor,F:\brain tumor detection\data\raw\primary\notumor\notumor_Tr-no_766.jpg
notumor,F:\brain tumor detection\data\raw\primary\notumor\notumor_Tr-no_767.jpg
notumor,F:\brain tumor detection\data\raw\primary\notumor\notumor_Tr-no_768.jpg
notumor,F:\brain tumor detection\data\raw\primary\notumor\notumor_Tr-no_769.jpg
notumor,F:\brain tumor detection\data\raw\primary\notumor\notumor_Tr-no_77.jpg
notumor,F:\brain tumor detection\data\raw\primary\notumor\notumor_Tr-no_770.jpg
notumor,F:\brain tumor detection\data\raw\primary\notumor\notumor_Tr-no_771.jpg
notumor,F:\brain tumor detection\data\raw\primary\notumor\notumor_Tr-no_772.jpg
notumor,F:\brain tumor detection\data\raw\primary\notumor\notumor_Tr-no_773.jpg
notumor,F:\brain tumor detection\data\raw\primary\notumor\notumor_Tr-no_774.jpg
notumor,F:\brain tumor detection\data\raw\primary\notumor\notumor_Tr-no_775.jpg
notumor,F:\brain tumor detection\data\raw\primary\notumor\notumor_Tr-no_776.jpg
notumor,F:\brain tumor detection\data\raw\primary\notumor\notumor_Tr-no_777.jpg
notumor,F:\brain tumor detection\data\raw\primary\notumor\notumor_Tr-no_778.jpg
notumor,F:\brain tumor detection\data\raw\primary\notumor\notumor_Tr-no_779.jpg
notumor,F:\brain tumor detection\data\raw\primary\notumor\notumor_Tr-no_78.jpg
notumor,F:\brain tumor detection\data\raw\primary\notumor\notumor_Tr-no_780.jpg
notumor,F:\brain tumor detection\data\raw\primary\notumor\notumor_Tr-no_781.jpg
notumor,F:\brain tumor detection\data\raw\primary\notumor\notumor_Tr-no_782.jpg
notumor,F:\brain tumor detection\data\raw\primary\notumor\notumor_Tr-no_783.jpg
notumor,F:\brain tumor detection\data\raw\primary\notumor\notumor_Tr-no_784.jpg
notumor,F:\brain tumor detection\data\raw\primary\notumor\notumor_Tr-no_785.jpg
notumor,F:\brain tumor detection\data\raw\primary\notumor\notumor_Tr-no_786.jpg
notumor,F:\brain tumor detection\data\raw\primary\notumor\notumor_Tr-no_787.jpg
notumor,F:\brain tumor detection\data\raw\primary\notumor\notumor_Tr-no_788.jpg
notumor,F:\brain tumor detection\data\raw\primary\notumor\notumor_Tr-no_789.jpg
notumor,F:\brain tumor detection\data\raw\primary\notumor\notumor_Tr-no_79.jpg
notumor,F:\brain tumor detection\data\raw\primary\notumor\notumor_Tr-no_790.jpg
notumor,F:\brain tumor detection\data\raw\primary\notumor\notumor_Tr-no_791.jpg
notumor,F:\brain tumor detection\data\raw\primary\notumor\notumor_Tr-no_792.jpg
notumor,F:\brain tumor detection\data\raw\primary\notumor\notumor_Tr-no_793.jpg
notumor,F:\brain tumor detection\data\raw\primary\notumor\notumor_Tr-no_794.jpg
notumor,F:\brain tumor detection\data\raw\primary\notumor\notumor_Tr-no_795.jpg
notumor,F:\brain tumor detection\data\raw\primary\notumor\notumor_Tr-no_796.jpg
notumor,F:\brain tumor detection\data\raw\primary\notumor\notumor_Tr-no_797.jpg
notumor,F:\brain tumor detection\data\raw\primary\notumor\notumor_Tr-no_798.jpg
notumor,F:\brain tumor detection\data\raw\primary\notumor\notumor_Tr-no_799.jpg
notumor,F:\brain tumor detection\data\raw\primary\notumor\notumor_Tr-no_8.jpg
notumor,F:\brain tumor detection\data\raw\primary\notumor\notumor_Tr-no_80.jpg
notumor,F:\brain tumor detection\data\raw\primary\notumor\notumor_Tr-no_800.jpg
notumor,F:\brain tumor detection\data\raw\primary\notumor\notumor_Tr-no_801.jpg
notumor,F:\brain tumor detection\data\raw\primary\notumor\notumor_Tr-no_802.jpg
notumor,F:\brain tumor detection\data\raw\primary\notumor\notumor_Tr-no_803.jpg
notumor,F:\brain tumor detection\data\raw\primary\notumor\notumor_Tr-no_804.jpg
notumor,F:\brain tumor detection\data\raw\primary\notumor\notumor_Tr-no_805.jpg
notumor,F:\brain tumor detection\data\raw\primary\notumor\notumor_Tr-no_806.jpg
notumor,F:\brain tumor detection\data\raw\primary\notumor\notumor_Tr-no_807.jpg
notumor,F:\brain tumor detection\data\raw\primary\notumor\notumor_Tr-no_808.jpg
notumor,F:\brain tumor detection\data\raw\primary\notumor\notumor_Tr-no_809.jpg
notumor,F:\brain tumor detection\data\raw\primary\notumor\notumor_Tr-no_81.jpg
notumor,F:\brain tumor detection\data\raw\primary\notumor\notumor_Tr-no_810.jpg
notumor,F:\brain tumor detection\data\raw\primary\notumor\notumor_Tr-no_811.jpg
notumor,F:\brain tumor detection\data\raw\primary\notumor\notumor_Tr-no_812.jpg
notumor,F:\brain tumor detection\data\raw\primary\notumor\notumor_Tr-no_813.jpg
notumor,F:\brain tumor detection\data\raw\primary\notumor\notumor_Tr-no_814.jpg
notumor,F:\brain tumor detection\data\raw\primary\notumor\notumor_Tr-no_815.jpg
notumor,F:\brain tumor detection\data\raw\primary\notumor\notumor_Tr-no_816.jpg
notumor,F:\brain tumor detection\data\raw\primary\notumor\notumor_Tr-no_817.jpg
notumor,F:\brain tumor detection\data\raw\primary\notumor\notumor_Tr-no_818.jpg
notumor,F:\brain tumor detection\data\raw\primary\notumor\notumor_Tr-no_819.jpg
notumor,F:\brain tumor detection\data\raw\primary\notumor\notumor_Tr-no_82.jpg
notumor,F:\brain tumor detection\data\raw\primary\notumor\notumor_Tr-no_820.jpg
notumor,F:\brain tumor detection\data\raw\primary\notumor\notumor_Tr-no_821.jpg
notumor,F:\brain tumor detection\data\raw\primary\notumor\notumor_Tr-no_822.jpg
notumor,F:\brain tumor detection\data\raw\primary\notumor\notumor_Tr-no_823.jpg
notumor,F:\brain tumor detection\data\raw\primary\notumor\notumor_Tr-no_824.jpg
notumor,F:\brain tumor detection\data\raw\primary\notumor\notumor_Tr-no_825.jpg
notumor,F:\brain tumor detection\data\raw\primary\notumor\notumor_Tr-no_826.jpg
notumor,F:\brain tumor detection\data\raw\primary\notumor\notumor_Tr-no_827.jpg
notumor,F:\brain tumor detection\data\raw\primary\notumor\notumor_Tr-no_828.jpg
notumor,F:\brain tumor detection\data\raw\primary\notumor\notumor_Tr-no_829.jpg
notumor,F:\brain tumor detection\data\raw\primary\notumor\notumor_Tr-no_83.jpg
notumor,F:\brain tumor detection\data\raw\primary\notumor\notumor_Tr-no_830.jpg
notumor,F:\brain tumor detection\data\raw\primary\notumor\notumor_Tr-no_831.jpg
notumor,F:\brain tumor detection\data\raw\primary\notumor\notumor_Tr-no_832.jpg
notumor,F:\brain tumor detection\data\raw\primary\notumor\notumor_Tr-no_833.jpg
notumor,F:\brain tumor detection\data\raw\primary\notumor\notumor_Tr-no_834.jpg
notumor,F:\brain tumor detection\data\raw\primary\notumor\notumor_Tr-no_835.jpg
notumor,F:\brain tumor detection\data\raw\primary\notumor\notumor_Tr-no_836.jpg
notumor,F:\brain tumor detection\data\raw\primary\notumor\notumor_Tr-no_837.jpg
notumor,F:\brain tumor detection\data\raw\primary\notumor\notumor_Tr-no_838.jpg
notumor,F:\brain tumor detection\data\raw\primary\notumor\notumor_Tr-no_839.jpg
notumor,F:\brain tumor detection\data\raw\primary\notumor\notumor_Tr-no_84.jpg
notumor,F:\brain tumor detection\data\raw\primary\notumor\notumor_Tr-no_840.jpg
notumor,F:\brain tumor detection\data\raw\primary\notumor\notumor_Tr-no_841.jpg
notumor,F:\brain tumor detection\data\raw\primary\notumor\notumor_Tr-no_842.jpg
notumor,F:\brain tumor detection\data\raw\primary\notumor\notumor_Tr-no_843.jpg
notumor,F:\brain tumor detection\data\raw\primary\notumor\notumor_Tr-no_844.jpg
notumor,F:\brain tumor detection\data\raw\primary\notumor\notumor_Tr-no_845.jpg
notumor,F:\brain tumor detection\data\raw\primary\notumor\notumor_Tr-no_846.jpg
notumor,F:\brain tumor detection\data\raw\primary\notumor\notumor_Tr-no_847.jpg
notumor,F:\brain tumor detection\data\raw\primary\notumor\notumor_Tr-no_848.jpg
notumor,F:\brain tumor detection\data\raw\primary\notumor\notumor_Tr-no_849.jpg
notumor,F:\brain tumor detection\data\raw\primary\notumor\notumor_Tr-no_85.jpg
notumor,F:\brain tumor detection\data\raw\primary\notumor\notumor_Tr-no_850.jpg
notumor,F:\brain tumor detection\data\raw\primary\notumor\notumor_Tr-no_851.jpg
notumor,F:\brain tumor detection\data\raw\primary\notumor\notumor_Tr-no_852.jpg
notumor,F:\brain tumor detection\data\raw\primary\notumor\notumor_Tr-no_853.jpg
notumor,F:\brain tumor detection\data\raw\primary\notumor\notumor_Tr-no_854.jpg
notumor,F:\brain tumor detection\data\raw\primary\notumor\notumor_Tr-no_855.jpg
notumor,F:\brain tumor detection\data\raw\primary\notumor\notumor_Tr-no_856.jpg
notumor,F:\brain tumor detection\data\raw\primary\notumor\notumor_Tr-no_857.jpg
notumor,F:\brain tumor detection\data\raw\primary\notumor\notumor_Tr-no_858.jpg
notumor,F:\brain tumor detection\data\raw\primary\notumor\notumor_Tr-no_859.jpg
notumor,F:\brain tumor detection\data\raw\primary\notumor\notumor_Tr-no_86.jpg
notumor,F:\brain tumor detection\data\raw\primary\notumor\notumor_Tr-no_860.jpg
notumor,F:\brain tumor detection\data\raw\primary\notumor\notumor_Tr-no_861.jpg
notumor,F:\brain tumor detection\data\raw\primary\notumor\notumor_Tr-no_862.jpg
notumor,F:\brain tumor detection\data\raw\primary\notumor\notumor_Tr-no_863.jpg
notumor,F:\brain tumor detection\data\raw\primary\notumor\notumor_Tr-no_864.jpg
notumor,F:\brain tumor detection\data\raw\primary\notumor\notumor_Tr-no_865.jpg
notumor,F:\brain tumor detection\data\raw\primary\notumor\notumor_Tr-no_866.jpg
notumor,F:\brain tumor detection\data\raw\primary\notumor\notumor_Tr-no_867.jpg
notumor,F:\brain tumor detection\data\raw\primary\notumor\notumor_Tr-no_868.jpg
notumor,F:\brain tumor detection\data\raw\primary\notumor\notumor_Tr-no_869.jpg
notumor,F:\brain tumor detection\data\raw\primary\notumor\notumor_Tr-no_87.jpg
notumor,F:\brain tumor detection\data\raw\primary\notumor\notumor_Tr-no_870.jpg
notumor,F:\brain tumor detection\data\raw\primary\notumor\notumor_Tr-no_871.jpg
notumor,F:\brain tumor detection\data\raw\primary\notumor\notumor_Tr-no_872.jpg
notumor,F:\brain tumor detection\data\raw\primary\notumor\notumor_Tr-no_873.jpg
notumor,F:\brain tumor detection\data\raw\primary\notumor\notumor_Tr-no_874.jpg
notumor,F:\brain tumor detection\data\raw\primary\notumor\notumor_Tr-no_875.jpg
notumor,F:\brain tumor detection\data\raw\primary\notumor\notumor_Tr-no_876.jpg
notumor,F:\brain tumor detection\data\raw\primary\notumor\notumor_Tr-no_877.jpg
notumor,F:\brain tumor detection\data\raw\primary\notumor\notumor_Tr-no_878.jpg
notumor,F:\brain tumor detection\data\raw\primary\notumor\notumor_Tr-no_879.jpg
notumor,F:\brain tumor detection\data\raw\primary\notumor\notumor_Tr-no_88.jpg
notumor,F:\brain tumor detection\data\raw\primary\notumor\notumor_Tr-no_880.jpg
notumor,F:\brain tumor detection\data\raw\primary\notumor\notumor_Tr-no_881.jpg
notumor,F:\brain tumor detection\data\raw\primary\notumor\notumor_Tr-no_882.jpg
notumor,F:\brain tumor detection\data\raw\primary\notumor\notumor_Tr-no_883.jpg
notumor,F:\brain tumor detection\data\raw\primary\notumor\notumor_Tr-no_884.jpg
notumor,F:\brain tumor detection\data\raw\primary\notumor\notumor_Tr-no_885.jpg
notumor,F:\brain tumor detection\data\raw\primary\notumor\notumor_Tr-no_886.jpg
notumor,F:\brain tumor detection\data\raw\primary\notumor\notumor_Tr-no_887.jpg
notumor,F:\brain tumor detection\data\raw\primary\notumor\notumor_Tr-no_888.jpg
notumor,F:\brain tumor detection\data\raw\primary\notumor\notumor_Tr-no_889.jpg
notumor,F:\brain tumor detection\data\raw\primary\notumor\notumor_Tr-no_89.jpg
notumor,F:\brain tumor detection\data\raw\primary\notumor\notumor_Tr-no_890.jpg
notumor,F:\brain tumor detection\data\raw\primary\notumor\notumor_Tr-no_891.jpg
notumor,F:\brain tumor detection\data\raw\primary\notumor\notumor_Tr-no_892.jpg
notumor,F:\brain tumor detection\data\raw\primary\notumor\notumor_Tr-no_893.jpg
notumor,F:\brain tumor detection\data\raw\primary\notumor\notumor_Tr-no_894.jpg
notumor,F:\brain tumor detection\data\raw\primary\notumor\notumor_Tr-no_895.jpg
notumor,F:\brain tumor detection\data\raw\primary\notumor\notumor_Tr-no_896.jpg
notumor,F:\brain tumor detection\data\raw\primary\notumor\notumor_Tr-no_897.jpg
notumor,F:\brain tumor detection\data\raw\primary\notumor\notumor_Tr-no_898.jpg
notumor,F:\brain tumor detection\data\raw\primary\notumor\notumor_Tr-no_899.jpg
notumor,F:\brain tumor detection\data\raw\primary\notumor\notumor_Tr-no_9.jpg
notumor,F:\brain tumor detection\data\raw\primary\notumor\notumor_Tr-no_90.jpg
notumor,F:\brain tumor detection\data\raw\primary\notumor\notumor_Tr-no_900.jpg
notumor,F:\brain tumor detection\data\raw\primary\notumor\notumor_Tr-no_901.jpg
notumor,F:\brain tumor detection\data\raw\primary\notumor\notumor_Tr-no_902.jpg
notumor,F:\brain tumor detection\data\raw\primary\notumor\notumor_Tr-no_903.jpg
notumor,F:\brain tumor detection\data\raw\primary\notumor\notumor_Tr-no_904.jpg
notumor,F:\brain tumor detection\data\raw\primary\notumor\notumor_Tr-no_905.jpg
notumor,F:\brain tumor detection\data\raw\primary\notumor\notumor_Tr-no_906.jpg
notumor,F:\brain tumor detection\data\raw\primary\notumor\notumor_Tr-no_907.jpg
notumor,F:\brain tumor detection\data\raw\primary\notumor\notumor_Tr-no_908.jpg
notumor,F:\brain tumor detection\data\raw\primary\notumor\notumor_Tr-no_909.jpg
notumor,F:\brain tumor detection\data\raw\primary\notumor\notumor_Tr-no_91.jpg
notumor,F:\brain tumor detection\data\raw\primary\notumor\notumor_Tr-no_910.jpg
notumor,F:\brain tumor detection\data\raw\primary\notumor\notumor_Tr-no_911.jpg
notumor,F:\brain tumor detection\data\raw\primary\notumor\notumor_Tr-no_912.jpg
notumor,F:\brain tumor detection\data\raw\primary\notumor\notumor_Tr-no_913.jpg
notumor,F:\brain tumor detection\data\raw\primary\notumor\notumor_Tr-no_914.jpg
notumor,F:\brain tumor detection\data\raw\primary\notumor\notumor_Tr-no_915.jpg
notumor,F:\brain tumor detection\data\raw\primary\notumor\notumor_Tr-no_916.jpg
notumor,F:\brain tumor detection\data\raw\primary\notumor\notumor_Tr-no_917.jpg
notumor,F:\brain tumor detection\data\raw\primary\notumor\notumor_Tr-no_918.jpg
notumor,F:\brain tumor detection\data\raw\primary\notumor\notumor_Tr-no_919.jpg
notumor,F:\brain tumor detection\data\raw\primary\notumor\notumor_Tr-no_92.jpg
notumor,F:\brain tumor detection\data\raw\primary\notumor\notumor_Tr-no_920.jpg
notumor,F:\brain tumor detection\data\raw\primary\notumor\notumor_Tr-no_921.jpg
notumor,F:\brain tumor detection\data\raw\primary\notumor\notumor_Tr-no_922.jpg
notumor,F:\brain tumor detection\data\raw\primary\notumor\notumor_Tr-no_923.jpg
notumor,F:\brain tumor detection\data\raw\primary\notumor\notumor_Tr-no_924.jpg
notumor,F:\brain tumor detection\data\raw\primary\notumor\notumor_Tr-no_925.jpg
notumor,F:\brain tumor detection\data\raw\primary\notumor\notumor_Tr-no_926.jpg
notumor,F:\brain tumor detection\data\raw\primary\notumor\notumor_Tr-no_927.jpg
notumor,F:\brain tumor detection\data\raw\primary\notumor\notumor_Tr-no_928.jpg
notumor,F:\brain tumor detection\data\raw\primary\notumor\notumor_Tr-no_929.jpg
notumor,F:\brain tumor detection\data\raw\primary\notumor\notumor_Tr-no_93.jpg
notumor,F:\brain tumor detection\data\raw\primary\notumor\notumor_Tr-no_930.jpg
notumor,F:\brain tumor detection\data\raw\primary\notumor\notumor_Tr-no_931.jpg
notumor,F:\brain tumor detection\data\raw\primary\notumor\notumor_Tr-no_932.jpg
notumor,F:\brain tumor detection\data\raw\primary\notumor\notumor_Tr-no_933.jpg
notumor,F:\brain tumor detection\data\raw\primary\notumor\notumor_Tr-no_934.jpg
notumor,F:\brain tumor detection\data\raw\primary\notumor\notumor_Tr-no_935.jpg
notumor,F:\brain tumor detection\data\raw\primary\notumor\notumor_Tr-no_936.jpg
notumor,F:\brain tumor detection\data\raw\primary\notumor\notumor_Tr-no_937.jpg
notumor,F:\brain tumor detection\data\raw\primary\notumor\notumor_Tr-no_938.jpg
notumor,F:\brain tumor detection\data\raw\primary\notumor\notumor_Tr-no_939.jpg
notumor,F:\brain tumor detection\data\raw\primary\notumor\notumor_Tr-no_94.jpg
notumor,F:\brain tumor detection\data\raw\primary\notumor\notumor_Tr-no_940.jpg
notumor,F:\brain tumor detection\data\raw\primary\notumor\notumor_Tr-no_941.jpg
notumor,F:\brain tumor detection\data\raw\primary\notumor\notumor_Tr-no_942.jpg
notumor,F:\brain tumor detection\data\raw\primary\notumor\notumor_Tr-no_943.jpg
notumor,F:\brain tumor detection\data\raw\primary\notumor\notumor_Tr-no_944.jpg
notumor,F:\brain tumor detection\data\raw\primary\notumor\notumor_Tr-no_945.jpg
notumor,F:\brain tumor detection\data\raw\primary\notumor\notumor_Tr-no_946.jpg
notumor,F:\brain tumor detection\data\raw\primary\notumor\notumor_Tr-no_947.jpg
notumor,F:\brain tumor detection\data\raw\primary\notumor\notumor_Tr-no_948.jpg
notumor,F:\brain tumor detection\data\raw\primary\notumor\notumor_Tr-no_949.jpg
notumor,F:\brain tumor detection\data\raw\primary\notumor\notumor_Tr-no_95.jpg
notumor,F:\brain tumor detection\data\raw\primary\notumor\notumor_Tr-no_950.jpg
notumor,F:\brain tumor detection\data\raw\primary\notumor\notumor_Tr-no_951.jpg
notumor,F:\brain tumor detection\data\raw\primary\notumor\notumor_Tr-no_952.jpg
notumor,F:\brain tumor detection\data\raw\primary\notumor\notumor_Tr-no_953.jpg
notumor,F:\brain tumor detection\data\raw\primary\notumor\notumor_Tr-no_954.jpg
notumor,F:\brain tumor detection\data\raw\primary\notumor\notumor_Tr-no_955.jpg
notumor,F:\brain tumor detection\data\raw\primary\notumor\notumor_Tr-no_956.jpg
notumor,F:\brain tumor detection\data\raw\primary\notumor\notumor_Tr-no_957.jpg
notumor,F:\brain tumor detection\data\raw\primary\notumor\notumor_Tr-no_958.jpg
notumor,F:\brain tumor detection\data\raw\primary\notumor\notumor_Tr-no_959.jpg
notumor,F:\brain tumor detection\data\raw\primary\notumor\notumor_Tr-no_96.jpg
notumor,F:\brain tumor detection\data\raw\primary\notumor\notumor_Tr-no_960.jpg
notumor,F:\brain tumor detection\data\raw\primary\notumor\notumor_Tr-no_961.jpg
notumor,F:\brain tumor detection\data\raw\primary\notumor\notumor_Tr-no_962.jpg
notumor,F:\brain tumor detection\data\raw\primary\notumor\notumor_Tr-no_963.jpg
notumor,F:\brain tumor detection\data\raw\primary\notumor\notumor_Tr-no_964.jpg
notumor,F:\brain tumor detection\data\raw\primary\notumor\notumor_Tr-no_965.jpg
notumor,F:\brain tumor detection\data\raw\primary\notumor\notumor_Tr-no_966.jpg
notumor,F:\brain tumor detection\data\raw\primary\notumor\notumor_Tr-no_967.jpg
notumor,F:\brain tumor detection\data\raw\primary\notumor\notumor_Tr-no_968.jpg
notumor,F:\brain tumor detection\data\raw\primary\notumor\notumor_Tr-no_969.jpg
notumor,F:\brain tumor detection\data\raw\primary\notumor\notumor_Tr-no_97.jpg
notumor,F:\brain tumor detection\data\raw\primary\notumor\notumor_Tr-no_970.jpg
notumor,F:\brain tumor detection\data\raw\primary\notumor\notumor_Tr-no_971.jpg
notumor,F:\brain tumor detection\data\raw\primary\notumor\notumor_Tr-no_972.jpg
notumor,F:\brain tumor detection\data\raw\primary\notumor\notumor_Tr-no_973.jpg
notumor,F:\brain tumor detection\data\raw\primary\notumor\notumor_Tr-no_974.jpg
notumor,F:\brain tumor detection\data\raw\primary\notumor\notumor_Tr-no_975.jpg
notumor,F:\brain tumor detection\data\raw\primary\notumor\notumor_Tr-no_976.jpg
notumor,F:\brain tumor detection\data\raw\primary\notumor\notumor_Tr-no_977.jpg
notumor,F:\brain tumor detection\data\raw\primary\notumor\notumor_Tr-no_978.jpg
notumor,F:\brain tumor detection\data\raw\primary\notumor\notumor_Tr-no_979.jpg
notumor,F:\brain tumor detection\data\raw\primary\notumor\notumor_Tr-no_98.jpg
notumor,F:\brain tumor detection\data\raw\primary\notumor\notumor_Tr-no_980.jpg
notumor,F:\brain tumor detection\data\raw\primary\notumor\notumor_Tr-no_981.jpg
notumor,F:\brain tumor detection\data\raw\primary\notumor\notumor_Tr-no_982.jpg
notumor,F:\brain tumor detection\data\raw\primary\notumor\notumor_Tr-no_983.jpg
notumor,F:\brain tumor detection\data\raw\primary\notumor\notumor_Tr-no_984.jpg
notumor,F:\brain tumor detection\data\raw\primary\notumor\notumor_Tr-no_985.jpg
notumor,F:\brain tumor detection\data\raw\primary\notumor\notumor_Tr-no_986.jpg
notumor,F:\brain tumor detection\data\raw\primary\notumor\notumor_Tr-no_987.jpg
notumor,F:\brain tumor detection\data\raw\primary\notumor\notumor_Tr-no_988.jpg
notumor,F:\brain tumor detection\data\raw\primary\notumor\notumor_Tr-no_989.jpg
notumor,F:\brain tumor detection\data\raw\primary\notumor\notumor_Tr-no_99.jpg
notumor,F:\brain tumor detection\data\raw\primary\notumor\notumor_Tr-no_990.jpg
notumor,F:\brain tumor detection\data\raw\primary\notumor\notumor_Tr-no_991.jpg
notumor,F:\brain tumor detection\data\raw\primary\notumor\notumor_Tr-no_992.jpg
notumor,F:\brain tumor detection\data\raw\primary\notumor\notumor_Tr-no_993.jpg
notumor,F:\brain tumor detection\data\raw\primary\notumor\notumor_Tr-no_994.jpg
notumor,F:\brain tumor detection\data\raw\primary\notumor\notumor_Tr-no_995.jpg
notumor,F:\brain tumor detection\data\raw\primary\notumor\notumor_Tr-no_996.jpg
notumor,F:\brain tumor detection\data\raw\primary\notumor\notumor_Tr-no_997.jpg
notumor,F:\brain tumor detection\data\raw\primary\notumor\notumor_Tr-no_998.jpg
notumor,F:\brain tumor detection\data\raw\primary\notumor\notumor_Tr-no_999.jpg
pituitary,F:\brain tumor detection\data\raw\primary\pituitary\pituitary_Tr-pi_1.jpg
pituitary,F:\brain tumor detection\data\raw\primary\pituitary\pituitary_Tr-pi_10.jpg
pituitary,F:\brain tumor detection\data\raw\primary\pituitary\pituitary_Tr-pi_100.jpg
pituitary,F:\brain tumor detection\data\raw\primary\pituitary\pituitary_Tr-pi_1000.jpg
pituitary,F:\brain tumor detection\data\raw\primary\pituitary\pituitary_Tr-pi_1001.jpg
pituitary,F:\brain tumor detection\data\raw\primary\pituitary\pituitary_Tr-pi_1002.jpg
pituitary,F:\brain tumor detection\data\raw\primary\pituitary\pituitary_Tr-pi_1003.jpg
pituitary,F:\brain tumor detection\data\raw\primary\pituitary\pituitary_Tr-pi_1004.jpg
pituitary,F:\brain tumor detection\data\raw\primary\pituitary\pituitary_Tr-pi_1005.jpg
pituitary,F:\brain tumor detection\data\raw\primary\pituitary\pituitary_Tr-pi_1006.jpg
pituitary,F:\brain tumor detection\data\raw\primary\pituitary\pituitary_Tr-pi_1007.jpg
pituitary,F:\brain tumor detection\data\raw\primary\pituitary\pituitary_Tr-pi_1008.jpg
pituitary,F:\brain tumor detection\data\raw\primary\pituitary\pituitary_Tr-pi_1009.jpg
pituitary,F:\brain tumor detection\data\raw\primary\pituitary\pituitary_Tr-pi_101.jpg
pituitary,F:\brain tumor detection\data\raw\primary\pituitary\pituitary_Tr-pi_1010.jpg
pituitary,F:\brain tumor detection\data\raw\primary\pituitary\pituitary_Tr-pi_1011.jpg
pituitary,F:\brain tumor detection\data\raw\primary\pituitary\pituitary_Tr-pi_1012.jpg
pituitary,F:\brain tumor detection\data\raw\primary\pituitary\pituitary_Tr-pi_1013.jpg
pituitary,F:\brain tumor detection\data\raw\primary\pituitary\pituitary_Tr-pi_1014.jpg
pituitary,F:\brain tumor detection\data\raw\primary\pituitary\pituitary_Tr-pi_1015.jpg
pituitary,F:\brain tumor detection\data\raw\primary\pituitary\pituitary_Tr-pi_1016.jpg
pituitary,F:\brain tumor detection\data\raw\primary\pituitary\pituitary_Tr-pi_1017.jpg
pituitary,F:\brain tumor detection\data\raw\primary\pituitary\pituitary_Tr-pi_1018.jpg
pituitary,F:\brain tumor detection\data\raw\primary\pituitary\pituitary_Tr-pi_1019.jpg
pituitary,F:\brain tumor detection\data\raw\primary\pituitary\pituitary_Tr-pi_102.jpg
pituitary,F:\brain tumor detection\data\raw\primary\pituitary\pituitary_Tr-pi_1020.jpg
pituitary,F:\brain tumor detection\data\raw\primary\pituitary\pituitary_Tr-pi_1021.jpg
pituitary,F:\brain tumor detection\data\raw\primary\pituitary\pituitary_Tr-pi_1022.jpg
pituitary,F:\brain tumor detection\data\raw\primary\pituitary\pituitary_Tr-pi_1023.jpg
pituitary,F:\brain tumor detection\data\raw\primary\pituitary\pituitary_Tr-pi_1024.jpg
pituitary,F:\brain tumor detection\data\raw\primary\pituitary\pituitary_Tr-pi_1025.jpg
pituitary,F:\brain tumor detection\data\raw\primary\pituitary\pituitary_Tr-pi_1026.jpg
pituitary,F:\brain tumor detection\data\raw\primary\pituitary\pituitary_Tr-pi_1027.jpg
pituitary,F:\brain tumor detection\data\raw\primary\pituitary\pituitary_Tr-pi_1028.jpg
pituitary,F:\brain tumor detection\data\raw\primary\pituitary\pituitary_Tr-pi_1029.jpg
pituitary,F:\brain tumor detection\data\raw\primary\pituitary\pituitary_Tr-pi_103.jpg
pituitary,F:\brain tumor detection\data\raw\primary\pituitary\pituitary_Tr-pi_1030.jpg
pituitary,F:\brain tumor detection\data\raw\primary\pituitary\pituitary_Tr-pi_1031.jpg
pituitary,F:\brain tumor detection\data\raw\primary\pituitary\pituitary_Tr-pi_1032.jpg
pituitary,F:\brain tumor detection\data\raw\primary\pituitary\pituitary_Tr-pi_1033.jpg
pituitary,F:\brain tumor detection\data\raw\primary\pituitary\pituitary_Tr-pi_1034.jpg
pituitary,F:\brain tumor detection\data\raw\primary\pituitary\pituitary_Tr-pi_1035.jpg
pituitary,F:\brain tumor detection\data\raw\primary\pituitary\pituitary_Tr-pi_1036.jpg
pituitary,F:\brain tumor detection\data\raw\primary\pituitary\pituitary_Tr-pi_1037.jpg
pituitary,F:\brain tumor detection\data\raw\primary\pituitary\pituitary_Tr-pi_1038.jpg
pituitary,F:\brain tumor detection\data\raw\primary\pituitary\pituitary_Tr-pi_1039.jpg
pituitary,F:\brain tumor detection\data\raw\primary\pituitary\pituitary_Tr-pi_104.jpg
pituitary,F:\brain tumor detection\data\raw\primary\pituitary\pituitary_Tr-pi_1040.jpg
pituitary,F:\brain tumor detection\data\raw\primary\pituitary\pituitary_Tr-pi_1041.jpg
pituitary,F:\brain tumor detection\data\raw\primary\pituitary\pituitary_Tr-pi_1042.jpg
pituitary,F:\brain tumor detection\data\raw\primary\pituitary\pituitary_Tr-pi_1043.jpg
pituitary,F:\brain tumor detection\data\raw\primary\pituitary\pituitary_Tr-pi_1044.jpg
pituitary,F:\brain tumor detection\data\raw\primary\pituitary\pituitary_Tr-pi_1045.jpg
pituitary,F:\brain tumor detection\data\raw\primary\pituitary\pituitary_Tr-pi_1046.jpg
pituitary,F:\brain tumor detection\data\raw\primary\pituitary\pituitary_Tr-pi_1047.jpg
pituitary,F:\brain tumor detection\data\raw\primary\pituitary\pituitary_Tr-pi_1048.jpg
pituitary,F:\brain tumor detection\data\raw\primary\pituitary\pituitary_Tr-pi_1049.jpg
pituitary,F:\brain tumor detection\data\raw\primary\pituitary\pituitary_Tr-pi_105.jpg
pituitary,F:\brain tumor detection\data\raw\primary\pituitary\pituitary_Tr-pi_1050.jpg
pituitary,F:\brain tumor detection\data\raw\primary\pituitary\pituitary_Tr-pi_1051.jpg
pituitary,F:\brain tumor detection\data\raw\primary\pituitary\pituitary_Tr-pi_1052.jpg
pituitary,F:\brain tumor detection\data\raw\primary\pituitary\pituitary_Tr-pi_1053.jpg
pituitary,F:\brain tumor detection\data\raw\primary\pituitary\pituitary_Tr-pi_1054.jpg
pituitary,F:\brain tumor detection\data\raw\primary\pituitary\pituitary_Tr-pi_1055.jpg
pituitary,F:\brain tumor detection\data\raw\primary\pituitary\pituitary_Tr-pi_1056.jpg
pituitary,F:\brain tumor detection\data\raw\primary\pituitary\pituitary_Tr-pi_1057.jpg
pituitary,F:\brain tumor detection\data\raw\primary\pituitary\pituitary_Tr-pi_1058.jpg
pituitary,F:\brain tumor detection\data\raw\primary\pituitary\pituitary_Tr-pi_1059.jpg
pituitary,F:\brain tumor detection\data\raw\primary\pituitary\pituitary_Tr-pi_106.jpg
pituitary,F:\brain tumor detection\data\raw\primary\pituitary\pituitary_Tr-pi_1060.jpg
pituitary,F:\brain tumor detection\data\raw\primary\pituitary\pituitary_Tr-pi_1061.jpg
pituitary,F:\brain tumor detection\data\raw\primary\pituitary\pituitary_Tr-pi_1062.jpg
pituitary,F:\brain tumor detection\data\raw\primary\pituitary\pituitary_Tr-pi_1063.jpg
pituitary,F:\brain tumor detection\data\raw\primary\pituitary\pituitary_Tr-pi_1064.jpg
pituitary,F:\brain tumor detection\data\raw\primary\pituitary\pituitary_Tr-pi_1065.jpg
pituitary,F:\brain tumor detection\data\raw\primary\pituitary\pituitary_Tr-pi_1066.jpg
pituitary,F:\brain tumor detection\data\raw\primary\pituitary\pituitary_Tr-pi_1067.jpg
pituitary,F:\brain tumor detection\data\raw\primary\pituitary\pituitary_Tr-pi_1068.jpg
pituitary,F:\brain tumor detection\data\raw\primary\pituitary\pituitary_Tr-pi_1069.jpg
pituitary,F:\brain tumor detection\data\raw\primary\pituitary\pituitary_Tr-pi_107.jpg
pituitary,F:\brain tumor detection\data\raw\primary\pituitary\pituitary_Tr-pi_1070.jpg
pituitary,F:\brain tumor detection\data\raw\primary\pituitary\pituitary_Tr-pi_1071.jpg
pituitary,F:\brain tumor detection\data\raw\primary\pituitary\pituitary_Tr-pi_1072.jpg
pituitary,F:\brain tumor detection\data\raw\primary\pituitary\pituitary_Tr-pi_1073.jpg
pituitary,F:\brain tumor detection\data\raw\primary\pituitary\pituitary_Tr-pi_1074.jpg
pituitary,F:\brain tumor detection\data\raw\primary\pituitary\pituitary_Tr-pi_1075.jpg
pituitary,F:\brain tumor detection\data\raw\primary\pituitary\pituitary_Tr-pi_1076.jpg
pituitary,F:\brain tumor detection\data\raw\primary\pituitary\pituitary_Tr-pi_1077.jpg
pituitary,F:\brain tumor detection\data\raw\primary\pituitary\pituitary_Tr-pi_1078.jpg
pituitary,F:\brain tumor detection\data\raw\primary\pituitary\pituitary_Tr-pi_1079.jpg
pituitary,F:\brain tumor detection\data\raw\primary\pituitary\pituitary_Tr-pi_108.jpg
pituitary,F:\brain tumor detection\data\raw\primary\pituitary\pituitary_Tr-pi_1080.jpg
pituitary,F:\brain tumor detection\data\raw\primary\pituitary\pituitary_Tr-pi_1081.jpg
pituitary,F:\brain tumor detection\data\raw\primary\pituitary\pituitary_Tr-pi_1082.jpg
pituitary,F:\brain tumor detection\data\raw\primary\pituitary\pituitary_Tr-pi_1083.jpg
pituitary,F:\brain tumor detection\data\raw\primary\pituitary\pituitary_Tr-pi_1084.jpg
pituitary,F:\brain tumor detection\data\raw\primary\pituitary\pituitary_Tr-pi_1085.jpg
pituitary,F:\brain tumor detection\data\raw\primary\pituitary\pituitary_Tr-pi_1086.jpg
pituitary,F:\brain tumor detection\data\raw\primary\pituitary\pituitary_Tr-pi_1087.jpg
pituitary,F:\brain tumor detection\data\raw\primary\pituitary\pituitary_Tr-pi_1088.jpg
pituitary,F:\brain tumor detection\data\raw\primary\pituitary\pituitary_Tr-pi_1089.jpg
pituitary,F:\brain tumor detection\data\raw\primary\pituitary\pituitary_Tr-pi_109.jpg
pituitary,F:\brain tumor detection\data\raw\primary\pituitary\pituitary_Tr-pi_1090.jpg
pituitary,F:\brain tumor detection\data\raw\primary\pituitary\pituitary_Tr-pi_1091.jpg
pituitary,F:\brain tumor detection\data\raw\primary\pituitary\pituitary_Tr-pi_1092.jpg
pituitary,F:\brain tumor detection\data\raw\primary\pituitary\pituitary_Tr-pi_1093.jpg
pituitary,F:\brain tumor detection\data\raw\primary\pituitary\pituitary_Tr-pi_1094.jpg
pituitary,F:\brain tumor detection\data\raw\primary\pituitary\pituitary_Tr-pi_1095.jpg
pituitary,F:\brain tumor detection\data\raw\primary\pituitary\pituitary_Tr-pi_1096.jpg
pituitary,F:\brain tumor detection\data\raw\primary\pituitary\pituitary_Tr-pi_1097.jpg
pituitary,F:\brain tumor detection\data\raw\primary\pituitary\pituitary_Tr-pi_1098.jpg
pituitary,F:\brain tumor detection\data\raw\primary\pituitary\pituitary_Tr-pi_1099.jpg
pituitary,F:\brain tumor detection\data\raw\primary\pituitary\pituitary_Tr-pi_11.jpg
pituitary,F:\brain tumor detection\data\raw\primary\pituitary\pituitary_Tr-pi_110.jpg
pituitary,F:\brain tumor detection\data\raw\primary\pituitary\pituitary_Tr-pi_1100.jpg
pituitary,F:\brain tumor detection\data\raw\primary\pituitary\pituitary_Tr-pi_1101.jpg
pituitary,F:\brain tumor detection\data\raw\primary\pituitary\pituitary_Tr-pi_1102.jpg
pituitary,F:\brain tumor detection\data\raw\primary\pituitary\pituitary_Tr-pi_1103.jpg
pituitary,F:\brain tumor detection\data\raw\primary\pituitary\pituitary_Tr-pi_1104.jpg
pituitary,F:\brain tumor detection\data\raw\primary\pituitary\pituitary_Tr-pi_1105.jpg
pituitary,F:\brain tumor detection\data\raw\primary\pituitary\pituitary_Tr-pi_1106.jpg
pituitary,F:\brain tumor detection\data\raw\primary\pituitary\pituitary_Tr-pi_1107.jpg
pituitary,F:\brain tumor detection\data\raw\primary\pituitary\pituitary_Tr-pi_1108.jpg
pituitary,F:\brain tumor detection\data\raw\primary\pituitary\pituitary_Tr-pi_1109.jpg
pituitary,F:\brain tumor detection\data\raw\primary\pituitary\pituitary_Tr-pi_111.jpg
pituitary,F:\brain tumor detection\data\raw\primary\pituitary\pituitary_Tr-pi_1110.jpg
pituitary,F:\brain tumor detection\data\raw\primary\pituitary\pituitary_Tr-pi_1111.jpg
pituitary,F:\brain tumor detection\data\raw\primary\pituitary\pituitary_Tr-pi_1112.jpg
pituitary,F:\brain tumor detection\data\raw\primary\pituitary\pituitary_Tr-pi_1113.jpg
pituitary,F:\brain tumor detection\data\raw\primary\pituitary\pituitary_Tr-pi_1114.jpg
pituitary,F:\brain tumor detection\data\raw\primary\pituitary\pituitary_Tr-pi_1115.jpg
pituitary,F:\brain tumor detection\data\raw\primary\pituitary\pituitary_Tr-pi_1116.jpg
pituitary,F:\brain tumor detection\data\raw\primary\pituitary\pituitary_Tr-pi_1117.jpg
pituitary,F:\brain tumor detection\data\raw\primary\pituitary\pituitary_Tr-pi_1118.jpg
pituitary,F:\brain tumor detection\data\raw\primary\pituitary\pituitary_Tr-pi_1119.jpg
pituitary,F:\brain tumor detection\data\raw\primary\pituitary\pituitary_Tr-pi_112.jpg
pituitary,F:\brain tumor detection\data\raw\primary\pituitary\pituitary_Tr-pi_1120.jpg
pituitary,F:\brain tumor detection\data\raw\primary\pituitary\pituitary_Tr-pi_1121.jpg
pituitary,F:\brain tumor detection\data\raw\primary\pituitary\pituitary_Tr-pi_1122.jpg
pituitary,F:\brain tumor detection\data\raw\primary\pituitary\pituitary_Tr-pi_1123.jpg
pituitary,F:\brain tumor detection\data\raw\primary\pituitary\pituitary_Tr-pi_1124.jpg
pituitary,F:\brain tumor detection\data\raw\primary\pituitary\pituitary_Tr-pi_1125.jpg
pituitary,F:\brain tumor detection\data\raw\primary\pituitary\pituitary_Tr-pi_1126.jpg
pituitary,F:\brain tumor detection\data\raw\primary\pituitary\pituitary_Tr-pi_1127.jpg
pituitary,F:\brain tumor detection\data\raw\primary\pituitary\pituitary_Tr-pi_1128.jpg
pituitary,F:\brain tumor detection\data\raw\primary\pituitary\pituitary_Tr-pi_1129.jpg
pituitary,F:\brain tumor detection\data\raw\primary\pituitary\pituitary_Tr-pi_113.jpg
pituitary,F:\brain tumor detection\data\raw\primary\pituitary\pituitary_Tr-pi_1130.jpg
pituitary,F:\brain tumor detection\data\raw\primary\pituitary\pituitary_Tr-pi_1131.jpg
pituitary,F:\brain tumor detection\data\raw\primary\pituitary\pituitary_Tr-pi_1132.jpg
pituitary,F:\brain tumor detection\data\raw\primary\pituitary\pituitary_Tr-pi_1133.jpg
pituitary,F:\brain tumor detection\data\raw\primary\pituitary\pituitary_Tr-pi_1134.jpg
pituitary,F:\brain tumor detection\data\raw\primary\pituitary\pituitary_Tr-pi_1135.jpg
pituitary,F:\brain tumor detection\data\raw\primary\pituitary\pituitary_Tr-pi_1136.jpg
pituitary,F:\brain tumor detection\data\raw\primary\pituitary\pituitary_Tr-pi_1137.jpg
pituitary,F:\brain tumor detection\data\raw\primary\pituitary\pituitary_Tr-pi_1138.jpg
pituitary,F:\brain tumor detection\data\raw\primary\pituitary\pituitary_Tr-pi_1139.jpg
pituitary,F:\brain tumor detection\data\raw\primary\pituitary\pituitary_Tr-pi_114.jpg
pituitary,F:\brain tumor detection\data\raw\primary\pituitary\pituitary_Tr-pi_1140.jpg
pituitary,F:\brain tumor detection\data\raw\primary\pituitary\pituitary_Tr-pi_1141.jpg
pituitary,F:\brain tumor detection\data\raw\primary\pituitary\pituitary_Tr-pi_1142.jpg
pituitary,F:\brain tumor detection\data\raw\primary\pituitary\pituitary_Tr-pi_1143.jpg
pituitary,F:\brain tumor detection\data\raw\primary\pituitary\pituitary_Tr-pi_1144.jpg
pituitary,F:\brain tumor detection\data\raw\primary\pituitary\pituitary_Tr-pi_1145.jpg
pituitary,F:\brain tumor detection\data\raw\primary\pituitary\pituitary_Tr-pi_1146.jpg
pituitary,F:\brain tumor detection\data\raw\primary\pituitary\pituitary_Tr-pi_1147.jpg
pituitary,F:\brain tumor detection\data\raw\primary\pituitary\pituitary_Tr-pi_1148.jpg
pituitary,F:\brain tumor detection\data\raw\primary\pituitary\pituitary_Tr-pi_1149.jpg
pituitary,F:\brain tumor detection\data\raw\primary\pituitary\pituitary_Tr-pi_115.jpg
pituitary,F:\brain tumor detection\data\raw\primary\pituitary\pituitary_Tr-pi_1150.jpg
pituitary,F:\brain tumor detection\data\raw\primary\pituitary\pituitary_Tr-pi_1151.jpg
pituitary,F:\brain tumor detection\data\raw\primary\pituitary\pituitary_Tr-pi_1152.jpg
pituitary,F:\brain tumor detection\data\raw\primary\pituitary\pituitary_Tr-pi_1153.jpg
pituitary,F:\brain tumor detection\data\raw\primary\pituitary\pituitary_Tr-pi_1154.jpg
pituitary,F:\brain tumor detection\data\raw\primary\pituitary\pituitary_Tr-pi_1155.jpg
pituitary,F:\brain tumor detection\data\raw\primary\pituitary\pituitary_Tr-pi_1156.jpg
pituitary,F:\brain tumor detection\data\raw\primary\pituitary\pituitary_Tr-pi_1157.jpg
pituitary,F:\brain tumor detection\data\raw\primary\pituitary\pituitary_Tr-pi_1158.jpg
pituitary,F:\brain tumor detection\data\raw\primary\pituitary\pituitary_Tr-pi_1159.jpg
pituitary,F:\brain tumor detection\data\raw\primary\pituitary\pituitary_Tr-pi_116.jpg
pituitary,F:\brain tumor detection\data\raw\primary\pituitary\pituitary_Tr-pi_1160.jpg
pituitary,F:\brain tumor detection\data\raw\primary\pituitary\pituitary_Tr-pi_1161.jpg
pituitary,F:\brain tumor detection\data\raw\primary\pituitary\pituitary_Tr-pi_1162.jpg
pituitary,F:\brain tumor detection\data\raw\primary\pituitary\pituitary_Tr-pi_1163.jpg
pituitary,F:\brain tumor detection\data\raw\primary\pituitary\pituitary_Tr-pi_1164.jpg
pituitary,F:\brain tumor detection\data\raw\primary\pituitary\pituitary_Tr-pi_1165.jpg
pituitary,F:\brain tumor detection\data\raw\primary\pituitary\pituitary_Tr-pi_1166.jpg
pituitary,F:\brain tumor detection\data\raw\primary\pituitary\pituitary_Tr-pi_1167.jpg
pituitary,F:\brain tumor detection\data\raw\primary\pituitary\pituitary_Tr-pi_1168.jpg
pituitary,F:\brain tumor detection\data\raw\primary\pituitary\pituitary_Tr-pi_1169.jpg
pituitary,F:\brain tumor detection\data\raw\primary\pituitary\pituitary_Tr-pi_117.jpg
pituitary,F:\brain tumor detection\data\raw\primary\pituitary\pituitary_Tr-pi_1170.jpg
pituitary,F:\brain tumor detection\data\raw\primary\pituitary\pituitary_Tr-pi_1171.jpg
pituitary,F:\brain tumor detection\data\raw\primary\pituitary\pituitary_Tr-pi_1172.jpg
pituitary,F:\brain tumor detection\data\raw\primary\pituitary\pituitary_Tr-pi_1173.jpg
pituitary,F:\brain tumor detection\data\raw\primary\pituitary\pituitary_Tr-pi_1174.jpg
pituitary,F:\brain tumor detection\data\raw\primary\pituitary\pituitary_Tr-pi_1175.jpg
pituitary,F:\brain tumor detection\data\raw\primary\pituitary\pituitary_Tr-pi_1176.jpg
pituitary,F:\brain tumor detection\data\raw\primary\pituitary\pituitary_Tr-pi_1177.jpg
pituitary,F:\brain tumor detection\data\raw\primary\pituitary\pituitary_Tr-pi_1178.jpg
pituitary,F:\brain tumor detection\data\raw\primary\pituitary\pituitary_Tr-pi_1179.jpg
pituitary,F:\brain tumor detection\data\raw\primary\pituitary\pituitary_Tr-pi_118.jpg
pituitary,F:\brain tumor detection\data\raw\primary\pituitary\pituitary_Tr-pi_1180.jpg
pituitary,F:\brain tumor detection\data\raw\primary\pituitary\pituitary_Tr-pi_1181.jpg
pituitary,F:\brain tumor detection\data\raw\primary\pituitary\pituitary_Tr-pi_1182.jpg
pituitary,F:\brain tumor detection\data\raw\primary\pituitary\pituitary_Tr-pi_1183.jpg
pituitary,F:\brain tumor detection\data\raw\primary\pituitary\pituitary_Tr-pi_1184.jpg
pituitary,F:\brain tumor detection\data\raw\primary\pituitary\pituitary_Tr-pi_1185.jpg
pituitary,F:\brain tumor detection\data\raw\primary\pituitary\pituitary_Tr-pi_1186.jpg
pituitary,F:\brain tumor detection\data\raw\primary\pituitary\pituitary_Tr-pi_1187.jpg
pituitary,F:\brain tumor detection\data\raw\primary\pituitary\pituitary_Tr-pi_1188.jpg
pituitary,F:\brain tumor detection\data\raw\primary\pituitary\pituitary_Tr-pi_1189.jpg
pituitary,F:\brain tumor detection\data\raw\primary\pituitary\pituitary_Tr-pi_119.jpg
pituitary,F:\brain tumor detection\data\raw\primary\pituitary\pituitary_Tr-pi_1190.jpg
pituitary,F:\brain tumor detection\data\raw\primary\pituitary\pituitary_Tr-pi_1191.jpg
pituitary,F:\brain tumor detection\data\raw\primary\pituitary\pituitary_Tr-pi_1192.jpg
pituitary,F:\brain tumor detection\data\raw\primary\pituitary\pituitary_Tr-pi_1193.jpg
pituitary,F:\brain tumor detection\data\raw\primary\pituitary\pituitary_Tr-pi_1194.jpg
pituitary,F:\brain tumor detection\data\raw\primary\pituitary\pituitary_Tr-pi_1195.jpg
pituitary,F:\brain tumor detection\data\raw\primary\pituitary\pituitary_Tr-pi_1196.jpg
pituitary,F:\brain tumor detection\data\raw\primary\pituitary\pituitary_Tr-pi_1197.jpg
pituitary,F:\brain tumor detection\data\raw\primary\pituitary\pituitary_Tr-pi_1198.jpg
pituitary,F:\brain tumor detection\data\raw\primary\pituitary\pituitary_Tr-pi_1199.jpg
pituitary,F:\brain tumor detection\data\raw\primary\pituitary\pituitary_Tr-pi_12.jpg
pituitary,F:\brain tumor detection\data\raw\primary\pituitary\pituitary_Tr-pi_120.jpg
pituitary,F:\brain tumor detection\data\raw\primary\pituitary\pituitary_Tr-pi_1200.jpg
pituitary,F:\brain tumor detection\data\raw\primary\pituitary\pituitary_Tr-pi_1201.jpg
pituitary,F:\brain tumor detection\data\raw\primary\pituitary\pituitary_Tr-pi_1202.jpg
pituitary,F:\brain tumor detection\data\raw\primary\pituitary\pituitary_Tr-pi_1203.jpg
pituitary,F:\brain tumor detection\data\raw\primary\pituitary\pituitary_Tr-pi_1204.jpg
pituitary,F:\brain tumor detection\data\raw\primary\pituitary\pituitary_Tr-pi_1205.jpg
pituitary,F:\brain tumor detection\data\raw\primary\pituitary\pituitary_Tr-pi_1206.jpg
pituitary,F:\brain tumor detection\data\raw\primary\pituitary\pituitary_Tr-pi_1207.jpg
pituitary,F:\brain tumor detection\data\raw\primary\pituitary\pituitary_Tr-pi_1208.jpg
pituitary,F:\brain tumor detection\data\raw\primary\pituitary\pituitary_Tr-pi_1209.jpg
pituitary,F:\brain tumor detection\data\raw\primary\pituitary\pituitary_Tr-pi_121.jpg
pituitary,F:\brain tumor detection\data\raw\primary\pituitary\pituitary_Tr-pi_1210.jpg
pituitary,F:\brain tumor detection\data\raw\primary\pituitary\pituitary_Tr-pi_1211.jpg
pituitary,F:\brain tumor detection\data\raw\primary\pituitary\pituitary_Tr-pi_1212.jpg
pituitary,F:\brain tumor detection\data\raw\primary\pituitary\pituitary_Tr-pi_1213.jpg
pituitary,F:\brain tumor detection\data\raw\primary\pituitary\pituitary_Tr-pi_1214.jpg
pituitary,F:\brain tumor detection\data\raw\primary\pituitary\pituitary_Tr-pi_1215.jpg
pituitary,F:\brain tumor detection\data\raw\primary\pituitary\pituitary_Tr-pi_1216.jpg
pituitary,F:\brain tumor detection\data\raw\primary\pituitary\pituitary_Tr-pi_1217.jpg
pituitary,F:\brain tumor detection\data\raw\primary\pituitary\pituitary_Tr-pi_1218.jpg
pituitary,F:\brain tumor detection\data\raw\primary\pituitary\pituitary_Tr-pi_1219.jpg
pituitary,F:\brain tumor detection\data\raw\primary\pituitary\pituitary_Tr-pi_122.jpg
pituitary,F:\brain tumor detection\data\raw\primary\pituitary\pituitary_Tr-pi_1220.jpg
pituitary,F:\brain tumor detection\data\raw\primary\pituitary\pituitary_Tr-pi_1221.jpg
pituitary,F:\brain tumor detection\data\raw\primary\pituitary\pituitary_Tr-pi_1222.jpg
pituitary,F:\brain tumor detection\data\raw\primary\pituitary\pituitary_Tr-pi_1223.jpg
pituitary,F:\brain tumor detection\data\raw\primary\pituitary\pituitary_Tr-pi_1224.jpg
pituitary,F:\brain tumor detection\data\raw\primary\pituitary\pituitary_Tr-pi_1225.jpg
pituitary,F:\brain tumor detection\data\raw\primary\pituitary\pituitary_Tr-pi_1226.jpg
pituitary,F:\brain tumor detection\data\raw\primary\pituitary\pituitary_Tr-pi_1227.jpg
pituitary,F:\brain tumor detection\data\raw\primary\pituitary\pituitary_Tr-pi_1228.jpg
pituitary,F:\brain tumor detection\data\raw\primary\pituitary\pituitary_Tr-pi_1229.jpg
pituitary,F:\brain tumor detection\data\raw\primary\pituitary\pituitary_Tr-pi_123.jpg
pituitary,F:\brain tumor detection\data\raw\primary\pituitary\pituitary_Tr-pi_1230.jpg
pituitary,F:\brain tumor detection\data\raw\primary\pituitary\pituitary_Tr-pi_1231.jpg
pituitary,F:\brain tumor detection\data\raw\primary\pituitary\pituitary_Tr-pi_1232.jpg
pituitary,F:\brain tumor detection\data\raw\primary\pituitary\pituitary_Tr-pi_1233.jpg
pituitary,F:\brain tumor detection\data\raw\primary\pituitary\pituitary_Tr-pi_1234.jpg
pituitary,F:\brain tumor detection\data\raw\primary\pituitary\pituitary_Tr-pi_1235.jpg
pituitary,F:\brain tumor detection\data\raw\primary\pituitary\pituitary_Tr-pi_1236.jpg
pituitary,F:\brain tumor detection\data\raw\primary\pituitary\pituitary_Tr-pi_1237.jpg
pituitary,F:\brain tumor detection\data\raw\primary\pituitary\pituitary_Tr-pi_1238.jpg
pituitary,F:\brain tumor detection\data\raw\primary\pituitary\pituitary_Tr-pi_1239.jpg
pituitary,F:\brain tumor detection\data\raw\primary\pituitary\pituitary_Tr-pi_124.jpg
pituitary,F:\brain tumor detection\data\raw\primary\pituitary\pituitary_Tr-pi_1240.jpg
pituitary,F:\brain tumor detection\data\raw\primary\pituitary\pituitary_Tr-pi_1241.jpg
pituitary,F:\brain tumor detection\data\raw\primary\pituitary\pituitary_Tr-pi_1242.jpg
pituitary,F:\brain tumor detection\data\raw\primary\pituitary\pituitary_Tr-pi_1243.jpg
pituitary,F:\brain tumor detection\data\raw\primary\pituitary\pituitary_Tr-pi_1244.jpg
pituitary,F:\brain tumor detection\data\raw\primary\pituitary\pituitary_Tr-pi_1245.jpg
pituitary,F:\brain tumor detection\data\raw\primary\pituitary\pituitary_Tr-pi_1246.jpg
pituitary,F:\brain tumor detection\data\raw\primary\pituitary\pituitary_Tr-pi_1247.jpg
pituitary,F:\brain tumor detection\data\raw\primary\pituitary\pituitary_Tr-pi_1248.jpg
pituitary,F:\brain tumor detection\data\raw\primary\pituitary\pituitary_Tr-pi_1249.jpg
pituitary,F:\brain tumor detection\data\raw\primary\pituitary\pituitary_Tr-pi_125.jpg
pituitary,F:\brain tumor detection\data\raw\primary\pituitary\pituitary_Tr-pi_1250.jpg
pituitary,F:\brain tumor detection\data\raw\primary\pituitary\pituitary_Tr-pi_1251.jpg
pituitary,F:\brain tumor detection\data\raw\primary\pituitary\pituitary_Tr-pi_1252.jpg
pituitary,F:\brain tumor detection\data\raw\primary\pituitary\pituitary_Tr-pi_1253.jpg
pituitary,F:\brain tumor detection\data\raw\primary\pituitary\pituitary_Tr-pi_1254.jpg
pituitary,F:\brain tumor detection\data\raw\primary\pituitary\pituitary_Tr-pi_1255.jpg
pituitary,F:\brain tumor detection\data\raw\primary\pituitary\pituitary_Tr-pi_1256.jpg
pituitary,F:\brain tumor detection\data\raw\primary\pituitary\pituitary_Tr-pi_1257.jpg
pituitary,F:\brain tumor detection\data\raw\primary\pituitary\pituitary_Tr-pi_1258.jpg
pituitary,F:\brain tumor detection\data\raw\primary\pituitary\pituitary_Tr-pi_1259.jpg
pituitary,F:\brain tumor detection\data\raw\primary\pituitary\pituitary_Tr-pi_126.jpg
pituitary,F:\brain tumor detection\data\raw\primary\pituitary\pituitary_Tr-pi_1260.jpg
pituitary,F:\brain tumor detection\data\raw\primary\pituitary\pituitary_Tr-pi_1261.jpg
pituitary,F:\brain tumor detection\data\raw\primary\pituitary\pituitary_Tr-pi_1262.jpg
pituitary,F:\brain tumor detection\data\raw\primary\pituitary\pituitary_Tr-pi_1263.jpg
pituitary,F:\brain tumor detection\data\raw\primary\pituitary\pituitary_Tr-pi_1264.jpg
pituitary,F:\brain tumor detection\data\raw\primary\pituitary\pituitary_Tr-pi_1265.jpg
pituitary,F:\brain tumor detection\data\raw\primary\pituitary\pituitary_Tr-pi_1266.jpg
pituitary,F:\brain tumor detection\data\raw\primary\pituitary\pituitary_Tr-pi_1267.jpg
pituitary,F:\brain tumor detection\data\raw\primary\pituitary\pituitary_Tr-pi_1268.jpg
pituitary,F:\brain tumor detection\data\raw\primary\pituitary\pituitary_Tr-pi_1269.jpg
pituitary,F:\brain tumor detection\data\raw\primary\pituitary\pituitary_Tr-pi_127.jpg
pituitary,F:\brain tumor detection\data\raw\primary\pituitary\pituitary_Tr-pi_1270.jpg
pituitary,F:\brain tumor detection\data\raw\primary\pituitary\pituitary_Tr-pi_1271.jpg
pituitary,F:\brain tumor detection\data\raw\primary\pituitary\pituitary_Tr-pi_1272.jpg
pituitary,F:\brain tumor detection\data\raw\primary\pituitary\pituitary_Tr-pi_1273.jpg
pituitary,F:\brain tumor detection\data\raw\primary\pituitary\pituitary_Tr-pi_1274.jpg
pituitary,F:\brain tumor detection\data\raw\primary\pituitary\pituitary_Tr-pi_1275.jpg
pituitary,F:\brain tumor detection\data\raw\primary\pituitary\pituitary_Tr-pi_1276.jpg
pituitary,F:\brain tumor detection\data\raw\primary\pituitary\pituitary_Tr-pi_1277.jpg
pituitary,F:\brain tumor detection\data\raw\primary\pituitary\pituitary_Tr-pi_1278.jpg
pituitary,F:\brain tumor detection\data\raw\primary\pituitary\pituitary_Tr-pi_1279.jpg
pituitary,F:\brain tumor detection\data\raw\primary\pituitary\pituitary_Tr-pi_128.jpg
pituitary,F:\brain tumor detection\data\raw\primary\pituitary\pituitary_Tr-pi_1280.jpg
pituitary,F:\brain tumor detection\data\raw\primary\pituitary\pituitary_Tr-pi_1281.jpg
pituitary,F:\brain tumor detection\data\raw\primary\pituitary\pituitary_Tr-pi_1282.jpg
pituitary,F:\brain tumor detection\data\raw\primary\pituitary\pituitary_Tr-pi_1283.jpg
pituitary,F:\brain tumor detection\data\raw\primary\pituitary\pituitary_Tr-pi_1284.jpg
pituitary,F:\brain tumor detection\data\raw\primary\pituitary\pituitary_Tr-pi_1285.jpg
pituitary,F:\brain tumor detection\data\raw\primary\pituitary\pituitary_Tr-pi_1286.jpg
pituitary,F:\brain tumor detection\data\raw\primary\pituitary\pituitary_Tr-pi_1287.jpg
pituitary,F:\brain tumor detection\data\raw\primary\pituitary\pituitary_Tr-pi_1288.jpg
pituitary,F:\brain tumor detection\data\raw\primary\pituitary\pituitary_Tr-pi_1289.jpg
pituitary,F:\brain tumor detection\data\raw\primary\pituitary\pituitary_Tr-pi_129.jpg
pituitary,F:\brain tumor detection\data\raw\primary\pituitary\pituitary_Tr-pi_1290.jpg
pituitary,F:\brain tumor detection\data\raw\primary\pituitary\pituitary_Tr-pi_1291.jpg
pituitary,F:\brain tumor detection\data\raw\primary\pituitary\pituitary_Tr-pi_1292.jpg
pituitary,F:\brain tumor detection\data\raw\primary\pituitary\pituitary_Tr-pi_1293.jpg
pituitary,F:\brain tumor detection\data\raw\primary\pituitary\pituitary_Tr-pi_1294.jpg
pituitary,F:\brain tumor detection\data\raw\primary\pituitary\pituitary_Tr-pi_1295.jpg
pituitary,F:\brain tumor detection\data\raw\primary\pituitary\pituitary_Tr-pi_1296.jpg
pituitary,F:\brain tumor detection\data\raw\primary\pituitary\pituitary_Tr-pi_1297.jpg
pituitary,F:\brain tumor detection\data\raw\primary\pituitary\pituitary_Tr-pi_1298.jpg
pituitary,F:\brain tumor detection\data\raw\primary\pituitary\pituitary_Tr-pi_1299.jpg
pituitary,F:\brain tumor detection\data\raw\primary\pituitary\pituitary_Tr-pi_13.jpg
pituitary,F:\brain tumor detection\data\raw\primary\pituitary\pituitary_Tr-pi_130.jpg
pituitary,F:\brain tumor detection\data\raw\primary\pituitary\pituitary_Tr-pi_1300.jpg
pituitary,F:\brain tumor detection\data\raw\primary\pituitary\pituitary_Tr-pi_1301.jpg
pituitary,F:\brain tumor detection\data\raw\primary\pituitary\pituitary_Tr-pi_1302.jpg
pituitary,F:\brain tumor detection\data\raw\primary\pituitary\pituitary_Tr-pi_1303.jpg
pituitary,F:\brain tumor detection\data\raw\primary\pituitary\pituitary_Tr-pi_1304.jpg
pituitary,F:\brain tumor detection\data\raw\primary\pituitary\pituitary_Tr-pi_1305.jpg
pituitary,F:\brain tumor detection\data\raw\primary\pituitary\pituitary_Tr-pi_1306.jpg
pituitary,F:\brain tumor detection\data\raw\primary\pituitary\pituitary_Tr-pi_1307.jpg
pituitary,F:\brain tumor detection\data\raw\primary\pituitary\pituitary_Tr-pi_1308.jpg
pituitary,F:\brain tumor detection\data\raw\primary\pituitary\pituitary_Tr-pi_1309.jpg
pituitary,F:\brain tumor detection\data\raw\primary\pituitary\pituitary_Tr-pi_131.jpg
pituitary,F:\brain tumor detection\data\raw\primary\pituitary\pituitary_Tr-pi_1310.jpg
pituitary,F:\brain tumor detection\data\raw\primary\pituitary\pituitary_Tr-pi_1311.jpg
pituitary,F:\brain tumor detection\data\raw\primary\pituitary\pituitary_Tr-pi_1312.jpg
pituitary,F:\brain tumor detection\data\raw\primary\pituitary\pituitary_Tr-pi_1313.jpg
pituitary,F:\brain tumor detection\data\raw\primary\pituitary\pituitary_Tr-pi_1314.jpg
pituitary,F:\brain tumor detection\data\raw\primary\pituitary\pituitary_Tr-pi_1315.jpg
pituitary,F:\brain tumor detection\data\raw\primary\pituitary\pituitary_Tr-pi_1316.jpg
pituitary,F:\brain tumor detection\data\raw\primary\pituitary\pituitary_Tr-pi_1317.jpg
pituitary,F:\brain tumor detection\data\raw\primary\pituitary\pituitary_Tr-pi_1318.jpg
pituitary,F:\brain tumor detection\data\raw\primary\pituitary\pituitary_Tr-pi_1319.jpg
pituitary,F:\brain tumor detection\data\raw\primary\pituitary\pituitary_Tr-pi_132.jpg
pituitary,F:\brain tumor detection\data\raw\primary\pituitary\pituitary_Tr-pi_1320.jpg
pituitary,F:\brain tumor detection\data\raw\primary\pituitary\pituitary_Tr-pi_1321.jpg
pituitary,F:\brain tumor detection\data\raw\primary\pituitary\pituitary_Tr-pi_1322.jpg
pituitary,F:\brain tumor detection\data\raw\primary\pituitary\pituitary_Tr-pi_1323.jpg
pituitary,F:\brain tumor detection\data\raw\primary\pituitary\pituitary_Tr-pi_1324.jpg
pituitary,F:\brain tumor detection\data\raw\primary\pituitary\pituitary_Tr-pi_1325.jpg
pituitary,F:\brain tumor detection\data\raw\primary\pituitary\pituitary_Tr-pi_1326.jpg
pituitary,F:\brain tumor detection\data\raw\primary\pituitary\pituitary_Tr-pi_1327.jpg
pituitary,F:\brain tumor detection\data\raw\primary\pituitary\pituitary_Tr-pi_1328.jpg
pituitary,F:\brain tumor detection\data\raw\primary\pituitary\pituitary_Tr-pi_1329.jpg
pituitary,F:\brain tumor detection\data\raw\primary\pituitary\pituitary_Tr-pi_133.jpg
pituitary,F:\brain tumor detection\data\raw\primary\pituitary\pituitary_Tr-pi_1330.jpg
pituitary,F:\brain tumor detection\data\raw\primary\pituitary\pituitary_Tr-pi_1331.jpg
pituitary,F:\brain tumor detection\data\raw\primary\pituitary\pituitary_Tr-pi_1332.jpg
pituitary,F:\brain tumor detection\data\raw\primary\pituitary\pituitary_Tr-pi_1333.jpg
pituitary,F:\brain tumor detection\data\raw\primary\pituitary\pituitary_Tr-pi_1334.jpg
pituitary,F:\brain tumor detection\data\raw\primary\pituitary\pituitary_Tr-pi_1335.jpg
pituitary,F:\brain tumor detection\data\raw\primary\pituitary\pituitary_Tr-pi_1336.jpg
pituitary,F:\brain tumor detection\data\raw\primary\pituitary\pituitary_Tr-pi_1337.jpg
pituitary,F:\brain tumor detection\data\raw\primary\pituitary\pituitary_Tr-pi_1338.jpg
pituitary,F:\brain tumor detection\data\raw\primary\pituitary\pituitary_Tr-pi_1339.jpg
pituitary,F:\brain tumor detection\data\raw\primary\pituitary\pituitary_Tr-pi_134.jpg
pituitary,F:\brain tumor detection\data\raw\primary\pituitary\pituitary_Tr-pi_1340.jpg
pituitary,F:\brain tumor detection\data\raw\primary\pituitary\pituitary_Tr-pi_1341.jpg
pituitary,F:\brain tumor detection\data\raw\primary\pituitary\pituitary_Tr-pi_1342.jpg
pituitary,F:\brain tumor detection\data\raw\primary\pituitary\pituitary_Tr-pi_1343.jpg
pituitary,F:\brain tumor detection\data\raw\primary\pituitary\pituitary_Tr-pi_1344.jpg
pituitary,F:\brain tumor detection\data\raw\primary\pituitary\pituitary_Tr-pi_1345.jpg
pituitary,F:\brain tumor detection\data\raw\primary\pituitary\pituitary_Tr-pi_1346.jpg
pituitary,F:\brain tumor detection\data\raw\primary\pituitary\pituitary_Tr-pi_1347.jpg
pituitary,F:\brain tumor detection\data\raw\primary\pituitary\pituitary_Tr-pi_1348.jpg
pituitary,F:\brain tumor detection\data\raw\primary\pituitary\pituitary_Tr-pi_1349.jpg
pituitary,F:\brain tumor detection\data\raw\primary\pituitary\pituitary_Tr-pi_135.jpg
pituitary,F:\brain tumor detection\data\raw\primary\pituitary\pituitary_Tr-pi_1350.jpg
pituitary,F:\brain tumor detection\data\raw\primary\pituitary\pituitary_Tr-pi_1351.jpg
pituitary,F:\brain tumor detection\data\raw\primary\pituitary\pituitary_Tr-pi_1352.jpg
pituitary,F:\brain tumor detection\data\raw\primary\pituitary\pituitary_Tr-pi_1353.jpg
pituitary,F:\brain tumor detection\data\raw\primary\pituitary\pituitary_Tr-pi_1354.jpg
pituitary,F:\brain tumor detection\data\raw\primary\pituitary\pituitary_Tr-pi_1355.jpg
pituitary,F:\brain tumor detection\data\raw\primary\pituitary\pituitary_Tr-pi_1356.jpg
pituitary,F:\brain tumor detection\data\raw\primary\pituitary\pituitary_Tr-pi_1357.jpg
pituitary,F:\brain tumor detection\data\raw\primary\pituitary\pituitary_Tr-pi_1358.jpg
pituitary,F:\brain tumor detection\data\raw\primary\pituitary\pituitary_Tr-pi_1359.jpg
pituitary,F:\brain tumor detection\data\raw\primary\pituitary\pituitary_Tr-pi_136.jpg
pituitary,F:\brain tumor detection\data\raw\primary\pituitary\pituitary_Tr-pi_1360.jpg
pituitary,F:\brain tumor detection\data\raw\primary\pituitary\pituitary_Tr-pi_1361.jpg
pituitary,F:\brain tumor detection\data\raw\primary\pituitary\pituitary_Tr-pi_1362.jpg
pituitary,F:\brain tumor detection\data\raw\primary\pituitary\pituitary_Tr-pi_1363.jpg
pituitary,F:\brain tumor detection\data\raw\primary\pituitary\pituitary_Tr-pi_1364.jpg
pituitary,F:\brain tumor detection\data\raw\primary\pituitary\pituitary_Tr-pi_1365.jpg
pituitary,F:\brain tumor detection\data\raw\primary\pituitary\pituitary_Tr-pi_1366.jpg
pituitary,F:\brain tumor detection\data\raw\primary\pituitary\pituitary_Tr-pi_1367.jpg
pituitary,F:\brain tumor detection\data\raw\primary\pituitary\pituitary_Tr-pi_1368.jpg
pituitary,F:\brain tumor detection\data\raw\primary\pituitary\pituitary_Tr-pi_1369.jpg
pituitary,F:\brain tumor detection\data\raw\primary\pituitary\pituitary_Tr-pi_137.jpg
pituitary,F:\brain tumor detection\data\raw\primary\pituitary\pituitary_Tr-pi_1370.jpg
pituitary,F:\brain tumor detection\data\raw\primary\pituitary\pituitary_Tr-pi_1371.jpg
pituitary,F:\brain tumor detection\data\raw\primary\pituitary\pituitary_Tr-pi_1372.jpg
pituitary,F:\brain tumor detection\data\raw\primary\pituitary\pituitary_Tr-pi_1373.jpg
pituitary,F:\brain tumor detection\data\raw\primary\pituitary\pituitary_Tr-pi_1374.jpg
pituitary,F:\brain tumor detection\data\raw\primary\pituitary\pituitary_Tr-pi_1375.jpg
pituitary,F:\brain tumor detection\data\raw\primary\pituitary\pituitary_Tr-pi_1376.jpg
pituitary,F:\brain tumor detection\data\raw\primary\pituitary\pituitary_Tr-pi_1377.jpg
pituitary,F:\brain tumor detection\data\raw\primary\pituitary\pituitary_Tr-pi_1378.jpg
pituitary,F:\brain tumor detection\data\raw\primary\pituitary\pituitary_Tr-pi_1379.jpg
pituitary,F:\brain tumor detection\data\raw\primary\pituitary\pituitary_Tr-pi_138.jpg
pituitary,F:\brain tumor detection\data\raw\primary\pituitary\pituitary_Tr-pi_1380.jpg
pituitary,F:\brain tumor detection\data\raw\primary\pituitary\pituitary_Tr-pi_1381.jpg
pituitary,F:\brain tumor detection\data\raw\primary\pituitary\pituitary_Tr-pi_1382.jpg
pituitary,F:\brain tumor detection\data\raw\primary\pituitary\pituitary_Tr-pi_1383.jpg
pituitary,F:\brain tumor detection\data\raw\primary\pituitary\pituitary_Tr-pi_1384.jpg
pituitary,F:\brain tumor detection\data\raw\primary\pituitary\pituitary_Tr-pi_1385.jpg
pituitary,F:\brain tumor detection\data\raw\primary\pituitary\pituitary_Tr-pi_1386.jpg
pituitary,F:\brain tumor detection\data\raw\primary\pituitary\pituitary_Tr-pi_1387.jpg
pituitary,F:\brain tumor detection\data\raw\primary\pituitary\pituitary_Tr-pi_1388.jpg
pituitary,F:\brain tumor detection\data\raw\primary\pituitary\pituitary_Tr-pi_1389.jpg
pituitary,F:\brain tumor detection\data\raw\primary\pituitary\pituitary_Tr-pi_139.jpg
pituitary,F:\brain tumor detection\data\raw\primary\pituitary\pituitary_Tr-pi_1390.jpg
pituitary,F:\brain tumor detection\data\raw\primary\pituitary\pituitary_Tr-pi_1391.jpg
pituitary,F:\brain tumor detection\data\raw\primary\pituitary\pituitary_Tr-pi_1392.jpg
pituitary,F:\brain tumor detection\data\raw\primary\pituitary\pituitary_Tr-pi_1393.jpg
pituitary,F:\brain tumor detection\data\raw\primary\pituitary\pituitary_Tr-pi_1394.jpg
pituitary,F:\brain tumor detection\data\raw\primary\pituitary\pituitary_Tr-pi_1395.jpg
pituitary,F:\brain tumor detection\data\raw\primary\pituitary\pituitary_Tr-pi_1396.jpg
pituitary,F:\brain tumor detection\data\raw\primary\pituitary\pituitary_Tr-pi_1397.jpg
pituitary,F:\brain tumor detection\data\raw\primary\pituitary\pituitary_Tr-pi_1398.jpg
pituitary,F:\brain tumor detection\data\raw\primary\pituitary\pituitary_Tr-pi_1399.jpg
pituitary,F:\brain tumor detection\data\raw\primary\pituitary\pituitary_Tr-pi_14.jpg
pituitary,F:\brain tumor detection\data\raw\primary\pituitary\pituitary_Tr-pi_140.jpg
pituitary,F:\brain tumor detection\data\raw\primary\pituitary\pituitary_Tr-pi_1400.jpg
pituitary,F:\brain tumor detection\data\raw\primary\pituitary\pituitary_Tr-pi_141.jpg
pituitary,F:\brain tumor detection\data\raw\primary\pituitary\pituitary_Tr-pi_142.jpg
pituitary,F:\brain tumor detection\data\raw\primary\pituitary\pituitary_Tr-pi_143.jpg
pituitary,F:\brain tumor detection\data\raw\primary\pituitary\pituitary_Tr-pi_144.jpg
pituitary,F:\brain tumor detection\data\raw\primary\pituitary\pituitary_Tr-pi_145.jpg
pituitary,F:\brain tumor detection\data\raw\primary\pituitary\pituitary_Tr-pi_146.jpg
pituitary,F:\brain tumor detection\data\raw\primary\pituitary\pituitary_Tr-pi_147.jpg
pituitary,F:\brain tumor detection\data\raw\primary\pituitary\pituitary_Tr-pi_148.jpg
pituitary,F:\brain tumor detection\data\raw\primary\pituitary\pituitary_Tr-pi_149.jpg
pituitary,F:\brain tumor detection\data\raw\primary\pituitary\pituitary_Tr-pi_15.jpg
pituitary,F:\brain tumor detection\data\raw\primary\pituitary\pituitary_Tr-pi_150.jpg
pituitary,F:\brain tumor detection\data\raw\primary\pituitary\pituitary_Tr-pi_151.jpg
pituitary,F:\brain tumor detection\data\raw\primary\pituitary\pituitary_Tr-pi_152.jpg
pituitary,F:\brain tumor detection\data\raw\primary\pituitary\pituitary_Tr-pi_153.jpg
pituitary,F:\brain tumor detection\data\raw\primary\pituitary\pituitary_Tr-pi_154.jpg
pituitary,F:\brain tumor detection\data\raw\primary\pituitary\pituitary_Tr-pi_155.jpg
pituitary,F:\brain tumor detection\data\raw\primary\pituitary\pituitary_Tr-pi_156.jpg
pituitary,F:\brain tumor detection\data\raw\primary\pituitary\pituitary_Tr-pi_157.jpg
pituitary,F:\brain tumor detection\data\raw\primary\pituitary\pituitary_Tr-pi_158.jpg
pituitary,F:\brain tumor detection\data\raw\primary\pituitary\pituitary_Tr-pi_159.jpg
pituitary,F:\brain tumor detection\data\raw\primary\pituitary\pituitary_Tr-pi_16.jpg
pituitary,F:\brain tumor detection\data\raw\primary\pituitary\pituitary_Tr-pi_160.jpg
pituitary,F:\brain tumor detection\data\raw\primary\pituitary\pituitary_Tr-pi_161.jpg
pituitary,F:\brain tumor detection\data\raw\primary\pituitary\pituitary_Tr-pi_162.jpg
pituitary,F:\brain tumor detection\data\raw\primary\pituitary\pituitary_Tr-pi_163.jpg
pituitary,F:\brain tumor detection\data\raw\primary\pituitary\pituitary_Tr-pi_164.jpg
pituitary,F:\brain tumor detection\data\raw\primary\pituitary\pituitary_Tr-pi_165.jpg
pituitary,F:\brain tumor detection\data\raw\primary\pituitary\pituitary_Tr-pi_166.jpg
pituitary,F:\brain tumor detection\data\raw\primary\pituitary\pituitary_Tr-pi_167.jpg
pituitary,F:\brain tumor detection\data\raw\primary\pituitary\pituitary_Tr-pi_168.jpg
pituitary,F:\brain tumor detection\data\raw\primary\pituitary\pituitary_Tr-pi_169.jpg
pituitary,F:\brain tumor detection\data\raw\primary\pituitary\pituitary_Tr-pi_17.jpg
pituitary,F:\brain tumor detection\data\raw\primary\pituitary\pituitary_Tr-pi_170.jpg
pituitary,F:\brain tumor detection\data\raw\primary\pituitary\pituitary_Tr-pi_171.jpg
pituitary,F:\brain tumor detection\data\raw\primary\pituitary\pituitary_Tr-pi_172.jpg
pituitary,F:\brain tumor detection\data\raw\primary\pituitary\pituitary_Tr-pi_173.jpg
pituitary,F:\brain tumor detection\data\raw\primary\pituitary\pituitary_Tr-pi_174.jpg
pituitary,F:\brain tumor detection\data\raw\primary\pituitary\pituitary_Tr-pi_175.jpg
pituitary,F:\brain tumor detection\data\raw\primary\pituitary\pituitary_Tr-pi_176.jpg
pituitary,F:\brain tumor detection\data\raw\primary\pituitary\pituitary_Tr-pi_177.jpg
pituitary,F:\brain tumor detection\data\raw\primary\pituitary\pituitary_Tr-pi_178.jpg
pituitary,F:\brain tumor detection\data\raw\primary\pituitary\pituitary_Tr-pi_179.jpg
pituitary,F:\brain tumor detection\data\raw\primary\pituitary\pituitary_Tr-pi_18.jpg
pituitary,F:\brain tumor detection\data\raw\primary\pituitary\pituitary_Tr-pi_180.jpg
pituitary,F:\brain tumor detection\data\raw\primary\pituitary\pituitary_Tr-pi_181.jpg
pituitary,F:\brain tumor detection\data\raw\primary\pituitary\pituitary_Tr-pi_182.jpg
pituitary,F:\brain tumor detection\data\raw\primary\pituitary\pituitary_Tr-pi_183.jpg
pituitary,F:\brain tumor detection\data\raw\primary\pituitary\pituitary_Tr-pi_184.jpg
pituitary,F:\brain tumor detection\data\raw\primary\pituitary\pituitary_Tr-pi_185.jpg
pituitary,F:\brain tumor detection\data\raw\primary\pituitary\pituitary_Tr-pi_186.jpg
pituitary,F:\brain tumor detection\data\raw\primary\pituitary\pituitary_Tr-pi_187.jpg
pituitary,F:\brain tumor detection\data\raw\primary\pituitary\pituitary_Tr-pi_188.jpg
pituitary,F:\brain tumor detection\data\raw\primary\pituitary\pituitary_Tr-pi_189.jpg
pituitary,F:\brain tumor detection\data\raw\primary\pituitary\pituitary_Tr-pi_19.jpg
pituitary,F:\brain tumor detection\data\raw\primary\pituitary\pituitary_Tr-pi_190.jpg
pituitary,F:\brain tumor detection\data\raw\primary\pituitary\pituitary_Tr-pi_191.jpg
pituitary,F:\brain tumor detection\data\raw\primary\pituitary\pituitary_Tr-pi_192.jpg
pituitary,F:\brain tumor detection\data\raw\primary\pituitary\pituitary_Tr-pi_193.jpg
pituitary,F:\brain tumor detection\data\raw\primary\pituitary\pituitary_Tr-pi_194.jpg
pituitary,F:\brain tumor detection\data\raw\primary\pituitary\pituitary_Tr-pi_195.jpg
pituitary,F:\brain tumor detection\data\raw\primary\pituitary\pituitary_Tr-pi_196.jpg
pituitary,F:\brain tumor detection\data\raw\primary\pituitary\pituitary_Tr-pi_197.jpg
pituitary,F:\brain tumor detection\data\raw\primary\pituitary\pituitary_Tr-pi_198.jpg
pituitary,F:\brain tumor detection\data\raw\primary\pituitary\pituitary_Tr-pi_199.jpg
pituitary,F:\brain tumor detection\data\raw\primary\pituitary\pituitary_Tr-pi_2.jpg
pituitary,F:\brain tumor detection\data\raw\primary\pituitary\pituitary_Tr-pi_20.jpg
pituitary,F:\brain tumor detection\data\raw\primary\pituitary\pituitary_Tr-pi_200.jpg
pituitary,F:\brain tumor detection\data\raw\primary\pituitary\pituitary_Tr-pi_201.jpg
pituitary,F:\brain tumor detection\data\raw\primary\pituitary\pituitary_Tr-pi_202.jpg
pituitary,F:\brain tumor detection\data\raw\primary\pituitary\pituitary_Tr-pi_203.jpg
pituitary,F:\brain tumor detection\data\raw\primary\pituitary\pituitary_Tr-pi_204.jpg
pituitary,F:\brain tumor detection\data\raw\primary\pituitary\pituitary_Tr-pi_205.jpg
pituitary,F:\brain tumor detection\data\raw\primary\pituitary\pituitary_Tr-pi_206.jpg
pituitary,F:\brain tumor detection\data\raw\primary\pituitary\pituitary_Tr-pi_207.jpg
pituitary,F:\brain tumor detection\data\raw\primary\pituitary\pituitary_Tr-pi_208.jpg
pituitary,F:\brain tumor detection\data\raw\primary\pituitary\pituitary_Tr-pi_209.jpg
pituitary,F:\brain tumor detection\data\raw\primary\pituitary\pituitary_Tr-pi_21.jpg
pituitary,F:\brain tumor detection\data\raw\primary\pituitary\pituitary_Tr-pi_210.jpg
pituitary,F:\brain tumor detection\data\raw\primary\pituitary\pituitary_Tr-pi_211.jpg
pituitary,F:\brain tumor detection\data\raw\primary\pituitary\pituitary_Tr-pi_212.jpg
pituitary,F:\brain tumor detection\data\raw\primary\pituitary\pituitary_Tr-pi_213.jpg
pituitary,F:\brain tumor detection\data\raw\primary\pituitary\pituitary_Tr-pi_214.jpg
pituitary,F:\brain tumor detection\data\raw\primary\pituitary\pituitary_Tr-pi_215.jpg
pituitary,F:\brain tumor detection\data\raw\primary\pituitary\pituitary_Tr-pi_216.jpg
pituitary,F:\brain tumor detection\data\raw\primary\pituitary\pituitary_Tr-pi_217.jpg
pituitary,F:\brain tumor detection\data\raw\primary\pituitary\pituitary_Tr-pi_218.jpg
pituitary,F:\brain tumor detection\data\raw\primary\pituitary\pituitary_Tr-pi_219.jpg
pituitary,F:\brain tumor detection\data\raw\primary\pituitary\pituitary_Tr-pi_22.jpg
pituitary,F:\brain tumor detection\data\raw\primary\pituitary\pituitary_Tr-pi_220.jpg
pituitary,F:\brain tumor detection\data\raw\primary\pituitary\pituitary_Tr-pi_221.jpg
pituitary,F:\brain tumor detection\data\raw\primary\pituitary\pituitary_Tr-pi_222.jpg
pituitary,F:\brain tumor detection\data\raw\primary\pituitary\pituitary_Tr-pi_223.jpg
pituitary,F:\brain tumor detection\data\raw\primary\pituitary\pituitary_Tr-pi_224.jpg
pituitary,F:\brain tumor detection\data\raw\primary\pituitary\pituitary_Tr-pi_225.jpg
pituitary,F:\brain tumor detection\data\raw\primary\pituitary\pituitary_Tr-pi_226.jpg
pituitary,F:\brain tumor detection\data\raw\primary\pituitary\pituitary_Tr-pi_227.jpg
pituitary,F:\brain tumor detection\data\raw\primary\pituitary\pituitary_Tr-pi_228.jpg
pituitary,F:\brain tumor detection\data\raw\primary\pituitary\pituitary_Tr-pi_229.jpg
pituitary,F:\brain tumor detection\data\raw\primary\pituitary\pituitary_Tr-pi_23.jpg
pituitary,F:\brain tumor detection\data\raw\primary\pituitary\pituitary_Tr-pi_230.jpg
pituitary,F:\brain tumor detection\data\raw\primary\pituitary\pituitary_Tr-pi_231.jpg
pituitary,F:\brain tumor detection\data\raw\primary\pituitary\pituitary_Tr-pi_232.jpg
pituitary,F:\brain tumor detection\data\raw\primary\pituitary\pituitary_Tr-pi_233.jpg
pituitary,F:\brain tumor detection\data\raw\primary\pituitary\pituitary_Tr-pi_234.jpg
pituitary,F:\brain tumor detection\data\raw\primary\pituitary\pituitary_Tr-pi_235.jpg
pituitary,F:\brain tumor detection\data\raw\primary\pituitary\pituitary_Tr-pi_236.jpg
pituitary,F:\brain tumor detection\data\raw\primary\pituitary\pituitary_Tr-pi_237.jpg
pituitary,F:\brain tumor detection\data\raw\primary\pituitary\pituitary_Tr-pi_238.jpg
pituitary,F:\brain tumor detection\data\raw\primary\pituitary\pituitary_Tr-pi_239.jpg
pituitary,F:\brain tumor detection\data\raw\primary\pituitary\pituitary_Tr-pi_24.jpg
pituitary,F:\brain tumor detection\data\raw\primary\pituitary\pituitary_Tr-pi_240.jpg
pituitary,F:\brain tumor detection\data\raw\primary\pituitary\pituitary_Tr-pi_241.jpg
pituitary,F:\brain tumor detection\data\raw\primary\pituitary\pituitary_Tr-pi_242.jpg
pituitary,F:\brain tumor detection\data\raw\primary\pituitary\pituitary_Tr-pi_243.jpg
pituitary,F:\brain tumor detection\data\raw\primary\pituitary\pituitary_Tr-pi_244.jpg
pituitary,F:\brain tumor detection\data\raw\primary\pituitary\pituitary_Tr-pi_245.jpg
pituitary,F:\brain tumor detection\data\raw\primary\pituitary\pituitary_Tr-pi_246.jpg
pituitary,F:\brain tumor detection\data\raw\primary\pituitary\pituitary_Tr-pi_247.jpg
pituitary,F:\brain tumor detection\data\raw\primary\pituitary\pituitary_Tr-pi_248.jpg
pituitary,F:\brain tumor detection\data\raw\primary\pituitary\pituitary_Tr-pi_249.jpg
pituitary,F:\brain tumor detection\data\raw\primary\pituitary\pituitary_Tr-pi_25.jpg
pituitary,F:\brain tumor detection\data\raw\primary\pituitary\pituitary_Tr-pi_250.jpg
pituitary,F:\brain tumor detection\data\raw\primary\pituitary\pituitary_Tr-pi_251.jpg
pituitary,F:\brain tumor detection\data\raw\primary\pituitary\pituitary_Tr-pi_252.jpg
pituitary,F:\brain tumor detection\data\raw\primary\pituitary\pituitary_Tr-pi_253.jpg
pituitary,F:\brain tumor detection\data\raw\primary\pituitary\pituitary_Tr-pi_254.jpg
pituitary,F:\brain tumor detection\data\raw\primary\pituitary\pituitary_Tr-pi_255.jpg
pituitary,F:\brain tumor detection\data\raw\primary\pituitary\pituitary_Tr-pi_256.jpg
pituitary,F:\brain tumor detection\data\raw\primary\pituitary\pituitary_Tr-pi_257.jpg
pituitary,F:\brain tumor detection\data\raw\primary\pituitary\pituitary_Tr-pi_258.jpg
pituitary,F:\brain tumor detection\data\raw\primary\pituitary\pituitary_Tr-pi_259.jpg
pituitary,F:\brain tumor detection\data\raw\primary\pituitary\pituitary_Tr-pi_26.jpg
pituitary,F:\brain tumor detection\data\raw\primary\pituitary\pituitary_Tr-pi_260.jpg
pituitary,F:\brain tumor detection\data\raw\primary\pituitary\pituitary_Tr-pi_261.jpg
pituitary,F:\brain tumor detection\data\raw\primary\pituitary\pituitary_Tr-pi_262.jpg
pituitary,F:\brain tumor detection\data\raw\primary\pituitary\pituitary_Tr-pi_263.jpg
pituitary,F:\brain tumor detection\data\raw\primary\pituitary\pituitary_Tr-pi_264.jpg
pituitary,F:\brain tumor detection\data\raw\primary\pituitary\pituitary_Tr-pi_265.jpg
pituitary,F:\brain tumor detection\data\raw\primary\pituitary\pituitary_Tr-pi_266.jpg
pituitary,F:\brain tumor detection\data\raw\primary\pituitary\pituitary_Tr-pi_267.jpg
pituitary,F:\brain tumor detection\data\raw\primary\pituitary\pituitary_Tr-pi_268.jpg
pituitary,F:\brain tumor detection\data\raw\primary\pituitary\pituitary_Tr-pi_269.jpg
pituitary,F:\brain tumor detection\data\raw\primary\pituitary\pituitary_Tr-pi_27.jpg
pituitary,F:\brain tumor detection\data\raw\primary\pituitary\pituitary_Tr-pi_270.jpg
pituitary,F:\brain tumor detection\data\raw\primary\pituitary\pituitary_Tr-pi_271.jpg
pituitary,F:\brain tumor detection\data\raw\primary\pituitary\pituitary_Tr-pi_272.jpg
pituitary,F:\brain tumor detection\data\raw\primary\pituitary\pituitary_Tr-pi_273.jpg
pituitary,F:\brain tumor detection\data\raw\primary\pituitary\pituitary_Tr-pi_274.jpg
pituitary,F:\brain tumor detection\data\raw\primary\pituitary\pituitary_Tr-pi_275.jpg
pituitary,F:\brain tumor detection\data\raw\primary\pituitary\pituitary_Tr-pi_276.jpg
pituitary,F:\brain tumor detection\data\raw\primary\pituitary\pituitary_Tr-pi_277.jpg
pituitary,F:\brain tumor detection\data\raw\primary\pituitary\pituitary_Tr-pi_278.jpg
pituitary,F:\brain tumor detection\data\raw\primary\pituitary\pituitary_Tr-pi_279.jpg
pituitary,F:\brain tumor detection\data\raw\primary\pituitary\pituitary_Tr-pi_28.jpg
pituitary,F:\brain tumor detection\data\raw\primary\pituitary\pituitary_Tr-pi_280.jpg
pituitary,F:\brain tumor detection\data\raw\primary\pituitary\pituitary_Tr-pi_281.jpg
pituitary,F:\brain tumor detection\data\raw\primary\pituitary\pituitary_Tr-pi_282.jpg
pituitary,F:\brain tumor detection\data\raw\primary\pituitary\pituitary_Tr-pi_283.jpg
pituitary,F:\brain tumor detection\data\raw\primary\pituitary\pituitary_Tr-pi_284.jpg
pituitary,F:\brain tumor detection\data\raw\primary\pituitary\pituitary_Tr-pi_285.jpg
pituitary,F:\brain tumor detection\data\raw\primary\pituitary\pituitary_Tr-pi_286.jpg
pituitary,F:\brain tumor detection\data\raw\primary\pituitary\pituitary_Tr-pi_287.jpg
pituitary,F:\brain tumor detection\data\raw\primary\pituitary\pituitary_Tr-pi_288.jpg
pituitary,F:\brain tumor detection\data\raw\primary\pituitary\pituitary_Tr-pi_289.jpg
pituitary,F:\brain tumor detection\data\raw\primary\pituitary\pituitary_Tr-pi_29.jpg
pituitary,F:\brain tumor detection\data\raw\primary\pituitary\pituitary_Tr-pi_290.jpg
pituitary,F:\brain tumor detection\data\raw\primary\pituitary\pituitary_Tr-pi_291.jpg
pituitary,F:\brain tumor detection\data\raw\primary\pituitary\pituitary_Tr-pi_292.jpg
pituitary,F:\brain tumor detection\data\raw\primary\pituitary\pituitary_Tr-pi_293.jpg
pituitary,F:\brain tumor detection\data\raw\primary\pituitary\pituitary_Tr-pi_294.jpg
pituitary,F:\brain tumor detection\data\raw\primary\pituitary\pituitary_Tr-pi_295.jpg
pituitary,F:\brain tumor detection\data\raw\primary\pituitary\pituitary_Tr-pi_296.jpg
pituitary,F:\brain tumor detection\data\raw\primary\pituitary\pituitary_Tr-pi_297.jpg
pituitary,F:\brain tumor detection\data\raw\primary\pituitary\pituitary_Tr-pi_298.jpg
pituitary,F:\brain tumor detection\data\raw\primary\pituitary\pituitary_Tr-pi_299.jpg
pituitary,F:\brain tumor detection\data\raw\primary\pituitary\pituitary_Tr-pi_3.jpg
pituitary,F:\brain tumor detection\data\raw\primary\pituitary\pituitary_Tr-pi_30.jpg
pituitary,F:\brain tumor detection\data\raw\primary\pituitary\pituitary_Tr-pi_300.jpg
pituitary,F:\brain tumor detection\data\raw\primary\pituitary\pituitary_Tr-pi_301.jpg
pituitary,F:\brain tumor detection\data\raw\primary\pituitary\pituitary_Tr-pi_302.jpg
pituitary,F:\brain tumor detection\data\raw\primary\pituitary\pituitary_Tr-pi_303.jpg
pituitary,F:\brain tumor detection\data\raw\primary\pituitary\pituitary_Tr-pi_304.jpg
pituitary,F:\brain tumor detection\data\raw\primary\pituitary\pituitary_Tr-pi_305.jpg
pituitary,F:\brain tumor detection\data\raw\primary\pituitary\pituitary_Tr-pi_306.jpg
pituitary,F:\brain tumor detection\data\raw\primary\pituitary\pituitary_Tr-pi_307.jpg
pituitary,F:\brain tumor detection\data\raw\primary\pituitary\pituitary_Tr-pi_308.jpg
pituitary,F:\brain tumor detection\data\raw\primary\pituitary\pituitary_Tr-pi_309.jpg
pituitary,F:\brain tumor detection\data\raw\primary\pituitary\pituitary_Tr-pi_31.jpg
pituitary,F:\brain tumor detection\data\raw\primary\pituitary\pituitary_Tr-pi_310.jpg
pituitary,F:\brain tumor detection\data\raw\primary\pituitary\pituitary_Tr-pi_311.jpg
pituitary,F:\brain tumor detection\data\raw\primary\pituitary\pituitary_Tr-pi_312.jpg
pituitary,F:\brain tumor detection\data\raw\primary\pituitary\pituitary_Tr-pi_313.jpg
pituitary,F:\brain tumor detection\data\raw\primary\pituitary\pituitary_Tr-pi_314.jpg
pituitary,F:\brain tumor detection\data\raw\primary\pituitary\pituitary_Tr-pi_315.jpg
pituitary,F:\brain tumor detection\data\raw\primary\pituitary\pituitary_Tr-pi_316.jpg
pituitary,F:\brain tumor detection\data\raw\primary\pituitary\pituitary_Tr-pi_317.jpg
pituitary,F:\brain tumor detection\data\raw\primary\pituitary\pituitary_Tr-pi_318.jpg
pituitary,F:\brain tumor detection\data\raw\primary\pituitary\pituitary_Tr-pi_319.jpg
pituitary,F:\brain tumor detection\data\raw\primary\pituitary\pituitary_Tr-pi_32.jpg
pituitary,F:\brain tumor detection\data\raw\primary\pituitary\pituitary_Tr-pi_320.jpg
pituitary,F:\brain tumor detection\data\raw\primary\pituitary\pituitary_Tr-pi_321.jpg
pituitary,F:\brain tumor detection\data\raw\primary\pituitary\pituitary_Tr-pi_322.jpg
pituitary,F:\brain tumor detection\data\raw\primary\pituitary\pituitary_Tr-pi_323.jpg
pituitary,F:\brain tumor detection\data\raw\primary\pituitary\pituitary_Tr-pi_324.jpg
pituitary,F:\brain tumor detection\data\raw\primary\pituitary\pituitary_Tr-pi_325.jpg
pituitary,F:\brain tumor detection\data\raw\primary\pituitary\pituitary_Tr-pi_326.jpg
pituitary,F:\brain tumor detection\data\raw\primary\pituitary\pituitary_Tr-pi_327.jpg
pituitary,F:\brain tumor detection\data\raw\primary\pituitary\pituitary_Tr-pi_328.jpg
pituitary,F:\brain tumor detection\data\raw\primary\pituitary\pituitary_Tr-pi_329.jpg
pituitary,F:\brain tumor detection\data\raw\primary\pituitary\pituitary_Tr-pi_33.jpg
pituitary,F:\brain tumor detection\data\raw\primary\pituitary\pituitary_Tr-pi_330.jpg
pituitary,F:\brain tumor detection\data\raw\primary\pituitary\pituitary_Tr-pi_331.jpg
pituitary,F:\brain tumor detection\data\raw\primary\pituitary\pituitary_Tr-pi_332.jpg
pituitary,F:\brain tumor detection\data\raw\primary\pituitary\pituitary_Tr-pi_333.jpg
pituitary,F:\brain tumor detection\data\raw\primary\pituitary\pituitary_Tr-pi_334.jpg
pituitary,F:\brain tumor detection\data\raw\primary\pituitary\pituitary_Tr-pi_335.jpg
pituitary,F:\brain tumor detection\data\raw\primary\pituitary\pituitary_Tr-pi_336.jpg
pituitary,F:\brain tumor detection\data\raw\primary\pituitary\pituitary_Tr-pi_337.jpg
pituitary,F:\brain tumor detection\data\raw\primary\pituitary\pituitary_Tr-pi_338.jpg
pituitary,F:\brain tumor detection\data\raw\primary\pituitary\pituitary_Tr-pi_339.jpg
pituitary,F:\brain tumor detection\data\raw\primary\pituitary\pituitary_Tr-pi_34.jpg
pituitary,F:\brain tumor detection\data\raw\primary\pituitary\pituitary_Tr-pi_340.jpg
pituitary,F:\brain tumor detection\data\raw\primary\pituitary\pituitary_Tr-pi_341.jpg
pituitary,F:\brain tumor detection\data\raw\primary\pituitary\pituitary_Tr-pi_342.jpg
pituitary,F:\brain tumor detection\data\raw\primary\pituitary\pituitary_Tr-pi_343.jpg
pituitary,F:\brain tumor detection\data\raw\primary\pituitary\pituitary_Tr-pi_344.jpg
pituitary,F:\brain tumor detection\data\raw\primary\pituitary\pituitary_Tr-pi_345.jpg
pituitary,F:\brain tumor detection\data\raw\primary\pituitary\pituitary_Tr-pi_346.jpg
pituitary,F:\brain tumor detection\data\raw\primary\pituitary\pituitary_Tr-pi_347.jpg
pituitary,F:\brain tumor detection\data\raw\primary\pituitary\pituitary_Tr-pi_348.jpg
pituitary,F:\brain tumor detection\data\raw\primary\pituitary\pituitary_Tr-pi_349.jpg
pituitary,F:\brain tumor detection\data\raw\primary\pituitary\pituitary_Tr-pi_35.jpg
pituitary,F:\brain tumor detection\data\raw\primary\pituitary\pituitary_Tr-pi_350.jpg
pituitary,F:\brain tumor detection\data\raw\primary\pituitary\pituitary_Tr-pi_351.jpg
pituitary,F:\brain tumor detection\data\raw\primary\pituitary\pituitary_Tr-pi_352.jpg
pituitary,F:\brain tumor detection\data\raw\primary\pituitary\pituitary_Tr-pi_353.jpg
pituitary,F:\brain tumor detection\data\raw\primary\pituitary\pituitary_Tr-pi_354.jpg
pituitary,F:\brain tumor detection\data\raw\primary\pituitary\pituitary_Tr-pi_355.jpg
pituitary,F:\brain tumor detection\data\raw\primary\pituitary\pituitary_Tr-pi_356.jpg
pituitary,F:\brain tumor detection\data\raw\primary\pituitary\pituitary_Tr-pi_357.jpg
pituitary,F:\brain tumor detection\data\raw\primary\pituitary\pituitary_Tr-pi_358.jpg
pituitary,F:\brain tumor detection\data\raw\primary\pituitary\pituitary_Tr-pi_359.jpg
pituitary,F:\brain tumor detection\data\raw\primary\pituitary\pituitary_Tr-pi_36.jpg
pituitary,F:\brain tumor detection\data\raw\primary\pituitary\pituitary_Tr-pi_360.jpg
pituitary,F:\brain tumor detection\data\raw\primary\pituitary\pituitary_Tr-pi_361.jpg
pituitary,F:\brain tumor detection\data\raw\primary\pituitary\pituitary_Tr-pi_362.jpg
pituitary,F:\brain tumor detection\data\raw\primary\pituitary\pituitary_Tr-pi_363.jpg
pituitary,F:\brain tumor detection\data\raw\primary\pituitary\pituitary_Tr-pi_364.jpg
pituitary,F:\brain tumor detection\data\raw\primary\pituitary\pituitary_Tr-pi_365.jpg
pituitary,F:\brain tumor detection\data\raw\primary\pituitary\pituitary_Tr-pi_366.jpg
pituitary,F:\brain tumor detection\data\raw\primary\pituitary\pituitary_Tr-pi_367.jpg
pituitary,F:\brain tumor detection\data\raw\primary\pituitary\pituitary_Tr-pi_368.jpg
pituitary,F:\brain tumor detection\data\raw\primary\pituitary\pituitary_Tr-pi_369.jpg
pituitary,F:\brain tumor detection\data\raw\primary\pituitary\pituitary_Tr-pi_37.jpg
pituitary,F:\brain tumor detection\data\raw\primary\pituitary\pituitary_Tr-pi_370.jpg
pituitary,F:\brain tumor detection\data\raw\primary\pituitary\pituitary_Tr-pi_371.jpg
pituitary,F:\brain tumor detection\data\raw\primary\pituitary\pituitary_Tr-pi_372.jpg
pituitary,F:\brain tumor detection\data\raw\primary\pituitary\pituitary_Tr-pi_373.jpg
pituitary,F:\brain tumor detection\data\raw\primary\pituitary\pituitary_Tr-pi_374.jpg
pituitary,F:\brain tumor detection\data\raw\primary\pituitary\pituitary_Tr-pi_375.jpg
pituitary,F:\brain tumor detection\data\raw\primary\pituitary\pituitary_Tr-pi_376.jpg
pituitary,F:\brain tumor detection\data\raw\primary\pituitary\pituitary_Tr-pi_377.jpg
pituitary,F:\brain tumor detection\data\raw\primary\pituitary\pituitary_Tr-pi_378.jpg
pituitary,F:\brain tumor detection\data\raw\primary\pituitary\pituitary_Tr-pi_379.jpg
pituitary,F:\brain tumor detection\data\raw\primary\pituitary\pituitary_Tr-pi_38.jpg
pituitary,F:\brain tumor detection\data\raw\primary\pituitary\pituitary_Tr-pi_380.jpg
pituitary,F:\brain tumor detection\data\raw\primary\pituitary\pituitary_Tr-pi_381.jpg
pituitary,F:\brain tumor detection\data\raw\primary\pituitary\pituitary_Tr-pi_382.jpg
pituitary,F:\brain tumor detection\data\raw\primary\pituitary\pituitary_Tr-pi_383.jpg
pituitary,F:\brain tumor detection\data\raw\primary\pituitary\pituitary_Tr-pi_384.jpg
pituitary,F:\brain tumor detection\data\raw\primary\pituitary\pituitary_Tr-pi_385.jpg
pituitary,F:\brain tumor detection\data\raw\primary\pituitary\pituitary_Tr-pi_386.jpg
pituitary,F:\brain tumor detection\data\raw\primary\pituitary\pituitary_Tr-pi_387.jpg
pituitary,F:\brain tumor detection\data\raw\primary\pituitary\pituitary_Tr-pi_388.jpg
pituitary,F:\brain tumor detection\data\raw\primary\pituitary\pituitary_Tr-pi_389.jpg
pituitary,F:\brain tumor detection\data\raw\primary\pituitary\pituitary_Tr-pi_39.jpg
pituitary,F:\brain tumor detection\data\raw\primary\pituitary\pituitary_Tr-pi_390.jpg
pituitary,F:\brain tumor detection\data\raw\primary\pituitary\pituitary_Tr-pi_391.jpg
pituitary,F:\brain tumor detection\data\raw\primary\pituitary\pituitary_Tr-pi_392.jpg
pituitary,F:\brain tumor detection\data\raw\primary\pituitary\pituitary_Tr-pi_393.jpg
pituitary,F:\brain tumor detection\data\raw\primary\pituitary\pituitary_Tr-pi_394.jpg
pituitary,F:\brain tumor detection\data\raw\primary\pituitary\pituitary_Tr-pi_395.jpg
pituitary,F:\brain tumor detection\data\raw\primary\pituitary\pituitary_Tr-pi_396.jpg
pituitary,F:\brain tumor detection\data\raw\primary\pituitary\pituitary_Tr-pi_397.jpg
pituitary,F:\brain tumor detection\data\raw\primary\pituitary\pituitary_Tr-pi_398.jpg
pituitary,F:\brain tumor detection\data\raw\primary\pituitary\pituitary_Tr-pi_399.jpg
pituitary,F:\brain tumor detection\data\raw\primary\pituitary\pituitary_Tr-pi_4.jpg
pituitary,F:\brain tumor detection\data\raw\primary\pituitary\pituitary_Tr-pi_40.jpg
pituitary,F:\brain tumor detection\data\raw\primary\pituitary\pituitary_Tr-pi_400.jpg
pituitary,F:\brain tumor detection\data\raw\primary\pituitary\pituitary_Tr-pi_401.jpg
pituitary,F:\brain tumor detection\data\raw\primary\pituitary\pituitary_Tr-pi_402.jpg
pituitary,F:\brain tumor detection\data\raw\primary\pituitary\pituitary_Tr-pi_403.jpg
pituitary,F:\brain tumor detection\data\raw\primary\pituitary\pituitary_Tr-pi_404.jpg
pituitary,F:\brain tumor detection\data\raw\primary\pituitary\pituitary_Tr-pi_405.jpg
pituitary,F:\brain tumor detection\data\raw\primary\pituitary\pituitary_Tr-pi_406.jpg
pituitary,F:\brain tumor detection\data\raw\primary\pituitary\pituitary_Tr-pi_407.jpg
pituitary,F:\brain tumor detection\data\raw\primary\pituitary\pituitary_Tr-pi_408.jpg
pituitary,F:\brain tumor detection\data\raw\primary\pituitary\pituitary_Tr-pi_409.jpg
pituitary,F:\brain tumor detection\data\raw\primary\pituitary\pituitary_Tr-pi_41.jpg
pituitary,F:\brain tumor detection\data\raw\primary\pituitary\pituitary_Tr-pi_410.jpg
pituitary,F:\brain tumor detection\data\raw\primary\pituitary\pituitary_Tr-pi_411.jpg
pituitary,F:\brain tumor detection\data\raw\primary\pituitary\pituitary_Tr-pi_412.jpg
pituitary,F:\brain tumor detection\data\raw\primary\pituitary\pituitary_Tr-pi_413.jpg
pituitary,F:\brain tumor detection\data\raw\primary\pituitary\pituitary_Tr-pi_414.jpg
pituitary,F:\brain tumor detection\data\raw\primary\pituitary\pituitary_Tr-pi_415.jpg
pituitary,F:\brain tumor detection\data\raw\primary\pituitary\pituitary_Tr-pi_416.jpg
pituitary,F:\brain tumor detection\data\raw\primary\pituitary\pituitary_Tr-pi_417.jpg
pituitary,F:\brain tumor detection\data\raw\primary\pituitary\pituitary_Tr-pi_418.jpg
pituitary,F:\brain tumor detection\data\raw\primary\pituitary\pituitary_Tr-pi_419.jpg
pituitary,F:\brain tumor detection\data\raw\primary\pituitary\pituitary_Tr-pi_42.jpg
pituitary,F:\brain tumor detection\data\raw\primary\pituitary\pituitary_Tr-pi_420.jpg
pituitary,F:\brain tumor detection\data\raw\primary\pituitary\pituitary_Tr-pi_421.jpg
pituitary,F:\brain tumor detection\data\raw\primary\pituitary\pituitary_Tr-pi_422.jpg
pituitary,F:\brain tumor detection\data\raw\primary\pituitary\pituitary_Tr-pi_423.jpg
pituitary,F:\brain tumor detection\data\raw\primary\pituitary\pituitary_Tr-pi_424.jpg
pituitary,F:\brain tumor detection\data\raw\primary\pituitary\pituitary_Tr-pi_425.jpg
pituitary,F:\brain tumor detection\data\raw\primary\pituitary\pituitary_Tr-pi_426.jpg
pituitary,F:\brain tumor detection\data\raw\primary\pituitary\pituitary_Tr-pi_427.jpg
pituitary,F:\brain tumor detection\data\raw\primary\pituitary\pituitary_Tr-pi_428.jpg
pituitary,F:\brain tumor detection\data\raw\primary\pituitary\pituitary_Tr-pi_429.jpg
pituitary,F:\brain tumor detection\data\raw\primary\pituitary\pituitary_Tr-pi_43.jpg
pituitary,F:\brain tumor detection\data\raw\primary\pituitary\pituitary_Tr-pi_430.jpg
pituitary,F:\brain tumor detection\data\raw\primary\pituitary\pituitary_Tr-pi_431.jpg
pituitary,F:\brain tumor detection\data\raw\primary\pituitary\pituitary_Tr-pi_432.jpg
pituitary,F:\brain tumor detection\data\raw\primary\pituitary\pituitary_Tr-pi_433.jpg
pituitary,F:\brain tumor detection\data\raw\primary\pituitary\pituitary_Tr-pi_434.jpg
pituitary,F:\brain tumor detection\data\raw\primary\pituitary\pituitary_Tr-pi_435.jpg
pituitary,F:\brain tumor detection\data\raw\primary\pituitary\pituitary_Tr-pi_436.jpg
pituitary,F:\brain tumor detection\data\raw\primary\pituitary\pituitary_Tr-pi_437.jpg
pituitary,F:\brain tumor detection\data\raw\primary\pituitary\pituitary_Tr-pi_438.jpg
pituitary,F:\brain tumor detection\data\raw\primary\pituitary\pituitary_Tr-pi_439.jpg
pituitary,F:\brain tumor detection\data\raw\primary\pituitary\pituitary_Tr-pi_44.jpg
pituitary,F:\brain tumor detection\data\raw\primary\pituitary\pituitary_Tr-pi_440.jpg
pituitary,F:\brain tumor detection\data\raw\primary\pituitary\pituitary_Tr-pi_441.jpg
pituitary,F:\brain tumor detection\data\raw\primary\pituitary\pituitary_Tr-pi_442.jpg
pituitary,F:\brain tumor detection\data\raw\primary\pituitary\pituitary_Tr-pi_443.jpg
pituitary,F:\brain tumor detection\data\raw\primary\pituitary\pituitary_Tr-pi_444.jpg
pituitary,F:\brain tumor detection\data\raw\primary\pituitary\pituitary_Tr-pi_445.jpg
pituitary,F:\brain tumor detection\data\raw\primary\pituitary\pituitary_Tr-pi_446.jpg
pituitary,F:\brain tumor detection\data\raw\primary\pituitary\pituitary_Tr-pi_447.jpg
pituitary,F:\brain tumor detection\data\raw\primary\pituitary\pituitary_Tr-pi_448.jpg
pituitary,F:\brain tumor detection\data\raw\primary\pituitary\pituitary_Tr-pi_449.jpg
pituitary,F:\brain tumor detection\data\raw\primary\pituitary\pituitary_Tr-pi_45.jpg
pituitary,F:\brain tumor detection\data\raw\primary\pituitary\pituitary_Tr-pi_450.jpg
pituitary,F:\brain tumor detection\data\raw\primary\pituitary\pituitary_Tr-pi_451.jpg
pituitary,F:\brain tumor detection\data\raw\primary\pituitary\pituitary_Tr-pi_452.jpg
pituitary,F:\brain tumor detection\data\raw\primary\pituitary\pituitary_Tr-pi_453.jpg
pituitary,F:\brain tumor detection\data\raw\primary\pituitary\pituitary_Tr-pi_454.jpg
pituitary,F:\brain tumor detection\data\raw\primary\pituitary\pituitary_Tr-pi_455.jpg
pituitary,F:\brain tumor detection\data\raw\primary\pituitary\pituitary_Tr-pi_456.jpg
pituitary,F:\brain tumor detection\data\raw\primary\pituitary\pituitary_Tr-pi_457.jpg
pituitary,F:\brain tumor detection\data\raw\primary\pituitary\pituitary_Tr-pi_458.jpg
pituitary,F:\brain tumor detection\data\raw\primary\pituitary\pituitary_Tr-pi_459.jpg
pituitary,F:\brain tumor detection\data\raw\primary\pituitary\pituitary_Tr-pi_46.jpg
pituitary,F:\brain tumor detection\data\raw\primary\pituitary\pituitary_Tr-pi_460.jpg
pituitary,F:\brain tumor detection\data\raw\primary\pituitary\pituitary_Tr-pi_461.jpg
pituitary,F:\brain tumor detection\data\raw\primary\pituitary\pituitary_Tr-pi_462.jpg
pituitary,F:\brain tumor detection\data\raw\primary\pituitary\pituitary_Tr-pi_463.jpg
pituitary,F:\brain tumor detection\data\raw\primary\pituitary\pituitary_Tr-pi_464.jpg
pituitary,F:\brain tumor detection\data\raw\primary\pituitary\pituitary_Tr-pi_465.jpg
pituitary,F:\brain tumor detection\data\raw\primary\pituitary\pituitary_Tr-pi_466.jpg
pituitary,F:\brain tumor detection\data\raw\primary\pituitary\pituitary_Tr-pi_467.jpg
pituitary,F:\brain tumor detection\data\raw\primary\pituitary\pituitary_Tr-pi_468.jpg
pituitary,F:\brain tumor detection\data\raw\primary\pituitary\pituitary_Tr-pi_469.jpg
pituitary,F:\brain tumor detection\data\raw\primary\pituitary\pituitary_Tr-pi_47.jpg
pituitary,F:\brain tumor detection\data\raw\primary\pituitary\pituitary_Tr-pi_470.jpg
pituitary,F:\brain tumor detection\data\raw\primary\pituitary\pituitary_Tr-pi_471.jpg
pituitary,F:\brain tumor detection\data\raw\primary\pituitary\pituitary_Tr-pi_472.jpg
pituitary,F:\brain tumor detection\data\raw\primary\pituitary\pituitary_Tr-pi_473.jpg
pituitary,F:\brain tumor detection\data\raw\primary\pituitary\pituitary_Tr-pi_474.jpg
pituitary,F:\brain tumor detection\data\raw\primary\pituitary\pituitary_Tr-pi_475.jpg
pituitary,F:\brain tumor detection\data\raw\primary\pituitary\pituitary_Tr-pi_476.jpg
pituitary,F:\brain tumor detection\data\raw\primary\pituitary\pituitary_Tr-pi_477.jpg
pituitary,F:\brain tumor detection\data\raw\primary\pituitary\pituitary_Tr-pi_478.jpg
pituitary,F:\brain tumor detection\data\raw\primary\pituitary\pituitary_Tr-pi_479.jpg
pituitary,F:\brain tumor detection\data\raw\primary\pituitary\pituitary_Tr-pi_48.jpg
pituitary,F:\brain tumor detection\data\raw\primary\pituitary\pituitary_Tr-pi_480.jpg
pituitary,F:\brain tumor detection\data\raw\primary\pituitary\pituitary_Tr-pi_481.jpg
pituitary,F:\brain tumor detection\data\raw\primary\pituitary\pituitary_Tr-pi_482.jpg
pituitary,F:\brain tumor detection\data\raw\primary\pituitary\pituitary_Tr-pi_483.jpg
pituitary,F:\brain tumor detection\data\raw\primary\pituitary\pituitary_Tr-pi_484.jpg
pituitary,F:\brain tumor detection\data\raw\primary\pituitary\pituitary_Tr-pi_485.jpg
pituitary,F:\brain tumor detection\data\raw\primary\pituitary\pituitary_Tr-pi_486.jpg
pituitary,F:\brain tumor detection\data\raw\primary\pituitary\pituitary_Tr-pi_487.jpg
pituitary,F:\brain tumor detection\data\raw\primary\pituitary\pituitary_Tr-pi_488.jpg
pituitary,F:\brain tumor detection\data\raw\primary\pituitary\pituitary_Tr-pi_489.jpg
pituitary,F:\brain tumor detection\data\raw\primary\pituitary\pituitary_Tr-pi_49.jpg
pituitary,F:\brain tumor detection\data\raw\primary\pituitary\pituitary_Tr-pi_490.jpg
pituitary,F:\brain tumor detection\data\raw\primary\pituitary\pituitary_Tr-pi_491.jpg
pituitary,F:\brain tumor detection\data\raw\primary\pituitary\pituitary_Tr-pi_492.jpg
pituitary,F:\brain tumor detection\data\raw\primary\pituitary\pituitary_Tr-pi_493.jpg
pituitary,F:\brain tumor detection\data\raw\primary\pituitary\pituitary_Tr-pi_494.jpg
pituitary,F:\brain tumor detection\data\raw\primary\pituitary\pituitary_Tr-pi_495.jpg
pituitary,F:\brain tumor detection\data\raw\primary\pituitary\pituitary_Tr-pi_496.jpg
pituitary,F:\brain tumor detection\data\raw\primary\pituitary\pituitary_Tr-pi_497.jpg
pituitary,F:\brain tumor detection\data\raw\primary\pituitary\pituitary_Tr-pi_498.jpg
pituitary,F:\brain tumor detection\data\raw\primary\pituitary\pituitary_Tr-pi_499.jpg
pituitary,F:\brain tumor detection\data\raw\primary\pituitary\pituitary_Tr-pi_5.jpg
pituitary,F:\brain tumor detection\data\raw\primary\pituitary\pituitary_Tr-pi_50.jpg
pituitary,F:\brain tumor detection\data\raw\primary\pituitary\pituitary_Tr-pi_500.jpg
pituitary,F:\brain tumor detection\data\raw\primary\pituitary\pituitary_Tr-pi_501.jpg
pituitary,F:\brain tumor detection\data\raw\primary\pituitary\pituitary_Tr-pi_502.jpg
pituitary,F:\brain tumor detection\data\raw\primary\pituitary\pituitary_Tr-pi_503.jpg
pituitary,F:\brain tumor detection\data\raw\primary\pituitary\pituitary_Tr-pi_504.jpg
pituitary,F:\brain tumor detection\data\raw\primary\pituitary\pituitary_Tr-pi_505.jpg
pituitary,F:\brain tumor detection\data\raw\primary\pituitary\pituitary_Tr-pi_506.jpg
pituitary,F:\brain tumor detection\data\raw\primary\pituitary\pituitary_Tr-pi_507.jpg
pituitary,F:\brain tumor detection\data\raw\primary\pituitary\pituitary_Tr-pi_508.jpg
pituitary,F:\brain tumor detection\data\raw\primary\pituitary\pituitary_Tr-pi_509.jpg
pituitary,F:\brain tumor detection\data\raw\primary\pituitary\pituitary_Tr-pi_51.jpg
pituitary,F:\brain tumor detection\data\raw\primary\pituitary\pituitary_Tr-pi_510.jpg
pituitary,F:\brain tumor detection\data\raw\primary\pituitary\pituitary_Tr-pi_511.jpg
pituitary,F:\brain tumor detection\data\raw\primary\pituitary\pituitary_Tr-pi_512.jpg
pituitary,F:\brain tumor detection\data\raw\primary\pituitary\pituitary_Tr-pi_513.jpg
pituitary,F:\brain tumor detection\data\raw\primary\pituitary\pituitary_Tr-pi_514.jpg
pituitary,F:\brain tumor detection\data\raw\primary\pituitary\pituitary_Tr-pi_515.jpg
pituitary,F:\brain tumor detection\data\raw\primary\pituitary\pituitary_Tr-pi_516.jpg
pituitary,F:\brain tumor detection\data\raw\primary\pituitary\pituitary_Tr-pi_517.jpg
pituitary,F:\brain tumor detection\data\raw\primary\pituitary\pituitary_Tr-pi_518.jpg
pituitary,F:\brain tumor detection\data\raw\primary\pituitary\pituitary_Tr-pi_519.jpg
pituitary,F:\brain tumor detection\data\raw\primary\pituitary\pituitary_Tr-pi_52.jpg
pituitary,F:\brain tumor detection\data\raw\primary\pituitary\pituitary_Tr-pi_520.jpg
pituitary,F:\brain tumor detection\data\raw\primary\pituitary\pituitary_Tr-pi_521.jpg
pituitary,F:\brain tumor detection\data\raw\primary\pituitary\pituitary_Tr-pi_522.jpg
pituitary,F:\brain tumor detection\data\raw\primary\pituitary\pituitary_Tr-pi_523.jpg
pituitary,F:\brain tumor detection\data\raw\primary\pituitary\pituitary_Tr-pi_524.jpg
pituitary,F:\brain tumor detection\data\raw\primary\pituitary\pituitary_Tr-pi_525.jpg
pituitary,F:\brain tumor detection\data\raw\primary\pituitary\pituitary_Tr-pi_526.jpg
pituitary,F:\brain tumor detection\data\raw\primary\pituitary\pituitary_Tr-pi_527.jpg
pituitary,F:\brain tumor detection\data\raw\primary\pituitary\pituitary_Tr-pi_528.jpg
pituitary,F:\brain tumor detection\data\raw\primary\pituitary\pituitary_Tr-pi_529.jpg
pituitary,F:\brain tumor detection\data\raw\primary\pituitary\pituitary_Tr-pi_53.jpg
pituitary,F:\brain tumor detection\data\raw\primary\pituitary\pituitary_Tr-pi_530.jpg
pituitary,F:\brain tumor detection\data\raw\primary\pituitary\pituitary_Tr-pi_531.jpg
pituitary,F:\brain tumor detection\data\raw\primary\pituitary\pituitary_Tr-pi_532.jpg
pituitary,F:\brain tumor detection\data\raw\primary\pituitary\pituitary_Tr-pi_533.jpg
pituitary,F:\brain tumor detection\data\raw\primary\pituitary\pituitary_Tr-pi_534.jpg
pituitary,F:\brain tumor detection\data\raw\primary\pituitary\pituitary_Tr-pi_535.jpg
pituitary,F:\brain tumor detection\data\raw\primary\pituitary\pituitary_Tr-pi_536.jpg
pituitary,F:\brain tumor detection\data\raw\primary\pituitary\pituitary_Tr-pi_537.jpg
pituitary,F:\brain tumor detection\data\raw\primary\pituitary\pituitary_Tr-pi_538.jpg
pituitary,F:\brain tumor detection\data\raw\primary\pituitary\pituitary_Tr-pi_539.jpg
pituitary,F:\brain tumor detection\data\raw\primary\pituitary\pituitary_Tr-pi_54.jpg
pituitary,F:\brain tumor detection\data\raw\primary\pituitary\pituitary_Tr-pi_540.jpg
pituitary,F:\brain tumor detection\data\raw\primary\pituitary\pituitary_Tr-pi_541.jpg
pituitary,F:\brain tumor detection\data\raw\primary\pituitary\pituitary_Tr-pi_542.jpg
pituitary,F:\brain tumor detection\data\raw\primary\pituitary\pituitary_Tr-pi_543.jpg
pituitary,F:\brain tumor detection\data\raw\primary\pituitary\pituitary_Tr-pi_544.jpg
pituitary,F:\brain tumor detection\data\raw\primary\pituitary\pituitary_Tr-pi_545.jpg
pituitary,F:\brain tumor detection\data\raw\primary\pituitary\pituitary_Tr-pi_546.jpg
pituitary,F:\brain tumor detection\data\raw\primary\pituitary\pituitary_Tr-pi_547.jpg
pituitary,F:\brain tumor detection\data\raw\primary\pituitary\pituitary_Tr-pi_548.jpg
pituitary,F:\brain tumor detection\data\raw\primary\pituitary\pituitary_Tr-pi_549.jpg
pituitary,F:\brain tumor detection\data\raw\primary\pituitary\pituitary_Tr-pi_55.jpg
pituitary,F:\brain tumor detection\data\raw\primary\pituitary\pituitary_Tr-pi_550.jpg
pituitary,F:\brain tumor detection\data\raw\primary\pituitary\pituitary_Tr-pi_551.jpg
pituitary,F:\brain tumor detection\data\raw\primary\pituitary\pituitary_Tr-pi_552.jpg
pituitary,F:\brain tumor detection\data\raw\primary\pituitary\pituitary_Tr-pi_553.jpg
pituitary,F:\brain tumor detection\data\raw\primary\pituitary\pituitary_Tr-pi_554.jpg
pituitary,F:\brain tumor detection\data\raw\primary\pituitary\pituitary_Tr-pi_555.jpg
pituitary,F:\brain tumor detection\data\raw\primary\pituitary\pituitary_Tr-pi_556.jpg
pituitary,F:\brain tumor detection\data\raw\primary\pituitary\pituitary_Tr-pi_557.jpg
pituitary,F:\brain tumor detection\data\raw\primary\pituitary\pituitary_Tr-pi_558.jpg
pituitary,F:\brain tumor detection\data\raw\primary\pituitary\pituitary_Tr-pi_559.jpg
pituitary,F:\brain tumor detection\data\raw\primary\pituitary\pituitary_Tr-pi_56.jpg
pituitary,F:\brain tumor detection\data\raw\primary\pituitary\pituitary_Tr-pi_560.jpg
pituitary,F:\brain tumor detection\data\raw\primary\pituitary\pituitary_Tr-pi_561.jpg
pituitary,F:\brain tumor detection\data\raw\primary\pituitary\pituitary_Tr-pi_562.jpg
pituitary,F:\brain tumor detection\data\raw\primary\pituitary\pituitary_Tr-pi_563.jpg
pituitary,F:\brain tumor detection\data\raw\primary\pituitary\pituitary_Tr-pi_564.jpg
pituitary,F:\brain tumor detection\data\raw\primary\pituitary\pituitary_Tr-pi_565.jpg
pituitary,F:\brain tumor detection\data\raw\primary\pituitary\pituitary_Tr-pi_566.jpg
pituitary,F:\brain tumor detection\data\raw\primary\pituitary\pituitary_Tr-pi_567.jpg
pituitary,F:\brain tumor detection\data\raw\primary\pituitary\pituitary_Tr-pi_568.jpg
pituitary,F:\brain tumor detection\data\raw\primary\pituitary\pituitary_Tr-pi_569.jpg
pituitary,F:\brain tumor detection\data\raw\primary\pituitary\pituitary_Tr-pi_57.jpg
pituitary,F:\brain tumor detection\data\raw\primary\pituitary\pituitary_Tr-pi_570.jpg
pituitary,F:\brain tumor detection\data\raw\primary\pituitary\pituitary_Tr-pi_571.jpg
pituitary,F:\brain tumor detection\data\raw\primary\pituitary\pituitary_Tr-pi_572.jpg
pituitary,F:\brain tumor detection\data\raw\primary\pituitary\pituitary_Tr-pi_573.jpg
pituitary,F:\brain tumor detection\data\raw\primary\pituitary\pituitary_Tr-pi_574.jpg
pituitary,F:\brain tumor detection\data\raw\primary\pituitary\pituitary_Tr-pi_575.jpg
pituitary,F:\brain tumor detection\data\raw\primary\pituitary\pituitary_Tr-pi_576.jpg
pituitary,F:\brain tumor detection\data\raw\primary\pituitary\pituitary_Tr-pi_577.jpg
pituitary,F:\brain tumor detection\data\raw\primary\pituitary\pituitary_Tr-pi_578.jpg
pituitary,F:\brain tumor detection\data\raw\primary\pituitary\pituitary_Tr-pi_579.jpg
pituitary,F:\brain tumor detection\data\raw\primary\pituitary\pituitary_Tr-pi_58.jpg
pituitary,F:\brain tumor detection\data\raw\primary\pituitary\pituitary_Tr-pi_580.jpg
pituitary,F:\brain tumor detection\data\raw\primary\pituitary\pituitary_Tr-pi_581.jpg
pituitary,F:\brain tumor detection\data\raw\primary\pituitary\pituitary_Tr-pi_582.jpg
pituitary,F:\brain tumor detection\data\raw\primary\pituitary\pituitary_Tr-pi_583.jpg
pituitary,F:\brain tumor detection\data\raw\primary\pituitary\pituitary_Tr-pi_584.jpg
pituitary,F:\brain tumor detection\data\raw\primary\pituitary\pituitary_Tr-pi_585.jpg
pituitary,F:\brain tumor detection\data\raw\primary\pituitary\pituitary_Tr-pi_586.jpg
pituitary,F:\brain tumor detection\data\raw\primary\pituitary\pituitary_Tr-pi_587.jpg
pituitary,F:\brain tumor detection\data\raw\primary\pituitary\pituitary_Tr-pi_588.jpg
pituitary,F:\brain tumor detection\data\raw\primary\pituitary\pituitary_Tr-pi_589.jpg
pituitary,F:\brain tumor detection\data\raw\primary\pituitary\pituitary_Tr-pi_59.jpg
pituitary,F:\brain tumor detection\data\raw\primary\pituitary\pituitary_Tr-pi_590.jpg
pituitary,F:\brain tumor detection\data\raw\primary\pituitary\pituitary_Tr-pi_591.jpg
pituitary,F:\brain tumor detection\data\raw\primary\pituitary\pituitary_Tr-pi_592.jpg
pituitary,F:\brain tumor detection\data\raw\primary\pituitary\pituitary_Tr-pi_593.jpg
pituitary,F:\brain tumor detection\data\raw\primary\pituitary\pituitary_Tr-pi_594.jpg
pituitary,F:\brain tumor detection\data\raw\primary\pituitary\pituitary_Tr-pi_595.jpg
pituitary,F:\brain tumor detection\data\raw\primary\pituitary\pituitary_Tr-pi_596.jpg
pituitary,F:\brain tumor detection\data\raw\primary\pituitary\pituitary_Tr-pi_597.jpg
pituitary,F:\brain tumor detection\data\raw\primary\pituitary\pituitary_Tr-pi_598.jpg
pituitary,F:\brain tumor detection\data\raw\primary\pituitary\pituitary_Tr-pi_599.jpg
pituitary,F:\brain tumor detection\data\raw\primary\pituitary\pituitary_Tr-pi_6.jpg
pituitary,F:\brain tumor detection\data\raw\primary\pituitary\pituitary_Tr-pi_60.jpg
pituitary,F:\brain tumor detection\data\raw\primary\pituitary\pituitary_Tr-pi_600.jpg
pituitary,F:\brain tumor detection\data\raw\primary\pituitary\pituitary_Tr-pi_601.jpg
pituitary,F:\brain tumor detection\data\raw\primary\pituitary\pituitary_Tr-pi_602.jpg
pituitary,F:\brain tumor detection\data\raw\primary\pituitary\pituitary_Tr-pi_603.jpg
pituitary,F:\brain tumor detection\data\raw\primary\pituitary\pituitary_Tr-pi_604.jpg
pituitary,F:\brain tumor detection\data\raw\primary\pituitary\pituitary_Tr-pi_605.jpg
pituitary,F:\brain tumor detection\data\raw\primary\pituitary\pituitary_Tr-pi_606.jpg
pituitary,F:\brain tumor detection\data\raw\primary\pituitary\pituitary_Tr-pi_607.jpg
pituitary,F:\brain tumor detection\data\raw\primary\pituitary\pituitary_Tr-pi_608.jpg
pituitary,F:\brain tumor detection\data\raw\primary\pituitary\pituitary_Tr-pi_609.jpg
pituitary,F:\brain tumor detection\data\raw\primary\pituitary\pituitary_Tr-pi_61.jpg
pituitary,F:\brain tumor detection\data\raw\primary\pituitary\pituitary_Tr-pi_610.jpg
pituitary,F:\brain tumor detection\data\raw\primary\pituitary\pituitary_Tr-pi_611.jpg
pituitary,F:\brain tumor detection\data\raw\primary\pituitary\pituitary_Tr-pi_612.jpg
pituitary,F:\brain tumor detection\data\raw\primary\pituitary\pituitary_Tr-pi_613.jpg
pituitary,F:\brain tumor detection\data\raw\primary\pituitary\pituitary_Tr-pi_614.jpg
pituitary,F:\brain tumor detection\data\raw\primary\pituitary\pituitary_Tr-pi_615.jpg
pituitary,F:\brain tumor detection\data\raw\primary\pituitary\pituitary_Tr-pi_616.jpg
pituitary,F:\brain tumor detection\data\raw\primary\pituitary\pituitary_Tr-pi_617.jpg
pituitary,F:\brain tumor detection\data\raw\primary\pituitary\pituitary_Tr-pi_618.jpg
pituitary,F:\brain tumor detection\data\raw\primary\pituitary\pituitary_Tr-pi_619.jpg
pituitary,F:\brain tumor detection\data\raw\primary\pituitary\pituitary_Tr-pi_62.jpg
pituitary,F:\brain tumor detection\data\raw\primary\pituitary\pituitary_Tr-pi_620.jpg
pituitary,F:\brain tumor detection\data\raw\primary\pituitary\pituitary_Tr-pi_621.jpg
pituitary,F:\brain tumor detection\data\raw\primary\pituitary\pituitary_Tr-pi_622.jpg
pituitary,F:\brain tumor detection\data\raw\primary\pituitary\pituitary_Tr-pi_623.jpg
pituitary,F:\brain tumor detection\data\raw\primary\pituitary\pituitary_Tr-pi_624.jpg
pituitary,F:\brain tumor detection\data\raw\primary\pituitary\pituitary_Tr-pi_625.jpg
pituitary,F:\brain tumor detection\data\raw\primary\pituitary\pituitary_Tr-pi_626.jpg
pituitary,F:\brain tumor detection\data\raw\primary\pituitary\pituitary_Tr-pi_627.jpg
pituitary,F:\brain tumor detection\data\raw\primary\pituitary\pituitary_Tr-pi_628.jpg
pituitary,F:\brain tumor detection\data\raw\primary\pituitary\pituitary_Tr-pi_629.jpg
pituitary,F:\brain tumor detection\data\raw\primary\pituitary\pituitary_Tr-pi_63.jpg
pituitary,F:\brain tumor detection\data\raw\primary\pituitary\pituitary_Tr-pi_630.jpg
pituitary,F:\brain tumor detection\data\raw\primary\pituitary\pituitary_Tr-pi_631.jpg
pituitary,F:\brain tumor detection\data\raw\primary\pituitary\pituitary_Tr-pi_632.jpg
pituitary,F:\brain tumor detection\data\raw\primary\pituitary\pituitary_Tr-pi_633.jpg
pituitary,F:\brain tumor detection\data\raw\primary\pituitary\pituitary_Tr-pi_634.jpg
pituitary,F:\brain tumor detection\data\raw\primary\pituitary\pituitary_Tr-pi_635.jpg
pituitary,F:\brain tumor detection\data\raw\primary\pituitary\pituitary_Tr-pi_636.jpg
pituitary,F:\brain tumor detection\data\raw\primary\pituitary\pituitary_Tr-pi_637.jpg
pituitary,F:\brain tumor detection\data\raw\primary\pituitary\pituitary_Tr-pi_638.jpg
pituitary,F:\brain tumor detection\data\raw\primary\pituitary\pituitary_Tr-pi_639.jpg
pituitary,F:\brain tumor detection\data\raw\primary\pituitary\pituitary_Tr-pi_64.jpg
pituitary,F:\brain tumor detection\data\raw\primary\pituitary\pituitary_Tr-pi_640.jpg
pituitary,F:\brain tumor detection\data\raw\primary\pituitary\pituitary_Tr-pi_641.jpg
pituitary,F:\brain tumor detection\data\raw\primary\pituitary\pituitary_Tr-pi_642.jpg
pituitary,F:\brain tumor detection\data\raw\primary\pituitary\pituitary_Tr-pi_643.jpg
pituitary,F:\brain tumor detection\data\raw\primary\pituitary\pituitary_Tr-pi_644.jpg
pituitary,F:\brain tumor detection\data\raw\primary\pituitary\pituitary_Tr-pi_645.jpg
pituitary,F:\brain tumor detection\data\raw\primary\pituitary\pituitary_Tr-pi_646.jpg
pituitary,F:\brain tumor detection\data\raw\primary\pituitary\pituitary_Tr-pi_647.jpg
pituitary,F:\brain tumor detection\data\raw\primary\pituitary\pituitary_Tr-pi_648.jpg
pituitary,F:\brain tumor detection\data\raw\primary\pituitary\pituitary_Tr-pi_649.jpg
pituitary,F:\brain tumor detection\data\raw\primary\pituitary\pituitary_Tr-pi_65.jpg
pituitary,F:\brain tumor detection\data\raw\primary\pituitary\pituitary_Tr-pi_650.jpg
pituitary,F:\brain tumor detection\data\raw\primary\pituitary\pituitary_Tr-pi_651.jpg
pituitary,F:\brain tumor detection\data\raw\primary\pituitary\pituitary_Tr-pi_652.jpg
pituitary,F:\brain tumor detection\data\raw\primary\pituitary\pituitary_Tr-pi_653.jpg
pituitary,F:\brain tumor detection\data\raw\primary\pituitary\pituitary_Tr-pi_654.jpg
pituitary,F:\brain tumor detection\data\raw\primary\pituitary\pituitary_Tr-pi_655.jpg
pituitary,F:\brain tumor detection\data\raw\primary\pituitary\pituitary_Tr-pi_656.jpg
pituitary,F:\brain tumor detection\data\raw\primary\pituitary\pituitary_Tr-pi_657.jpg
pituitary,F:\brain tumor detection\data\raw\primary\pituitary\pituitary_Tr-pi_658.jpg
pituitary,F:\brain tumor detection\data\raw\primary\pituitary\pituitary_Tr-pi_659.jpg
pituitary,F:\brain tumor detection\data\raw\primary\pituitary\pituitary_Tr-pi_66.jpg
pituitary,F:\brain tumor detection\data\raw\primary\pituitary\pituitary_Tr-pi_660.jpg
pituitary,F:\brain tumor detection\data\raw\primary\pituitary\pituitary_Tr-pi_661.jpg
pituitary,F:\brain tumor detection\data\raw\primary\pituitary\pituitary_Tr-pi_662.jpg
pituitary,F:\brain tumor detection\data\raw\primary\pituitary\pituitary_Tr-pi_663.jpg
pituitary,F:\brain tumor detection\data\raw\primary\pituitary\pituitary_Tr-pi_664.jpg
pituitary,F:\brain tumor detection\data\raw\primary\pituitary\pituitary_Tr-pi_665.jpg
pituitary,F:\brain tumor detection\data\raw\primary\pituitary\pituitary_Tr-pi_666.jpg
pituitary,F:\brain tumor detection\data\raw\primary\pituitary\pituitary_Tr-pi_667.jpg
pituitary,F:\brain tumor detection\data\raw\primary\pituitary\pituitary_Tr-pi_668.jpg
pituitary,F:\brain tumor detection\data\raw\primary\pituitary\pituitary_Tr-pi_669.jpg
pituitary,F:\brain tumor detection\data\raw\primary\pituitary\pituitary_Tr-pi_67.jpg
pituitary,F:\brain tumor detection\data\raw\primary\pituitary\pituitary_Tr-pi_670.jpg
pituitary,F:\brain tumor detection\data\raw\primary\pituitary\pituitary_Tr-pi_671.jpg
pituitary,F:\brain tumor detection\data\raw\primary\pituitary\pituitary_Tr-pi_672.jpg
pituitary,F:\brain tumor detection\data\raw\primary\pituitary\pituitary_Tr-pi_673.jpg
pituitary,F:\brain tumor detection\data\raw\primary\pituitary\pituitary_Tr-pi_674.jpg
pituitary,F:\brain tumor detection\data\raw\primary\pituitary\pituitary_Tr-pi_675.jpg
pituitary,F:\brain tumor detection\data\raw\primary\pituitary\pituitary_Tr-pi_676.jpg
pituitary,F:\brain tumor detection\data\raw\primary\pituitary\pituitary_Tr-pi_677.jpg
pituitary,F:\brain tumor detection\data\raw\primary\pituitary\pituitary_Tr-pi_678.jpg
pituitary,F:\brain tumor detection\data\raw\primary\pituitary\pituitary_Tr-pi_679.jpg
pituitary,F:\brain tumor detection\data\raw\primary\pituitary\pituitary_Tr-pi_68.jpg
pituitary,F:\brain tumor detection\data\raw\primary\pituitary\pituitary_Tr-pi_680.jpg
pituitary,F:\brain tumor detection\data\raw\primary\pituitary\pituitary_Tr-pi_681.jpg
pituitary,F:\brain tumor detection\data\raw\primary\pituitary\pituitary_Tr-pi_682.jpg
pituitary,F:\brain tumor detection\data\raw\primary\pituitary\pituitary_Tr-pi_683.jpg
pituitary,F:\brain tumor detection\data\raw\primary\pituitary\pituitary_Tr-pi_684.jpg
pituitary,F:\brain tumor detection\data\raw\primary\pituitary\pituitary_Tr-pi_685.jpg
pituitary,F:\brain tumor detection\data\raw\primary\pituitary\pituitary_Tr-pi_686.jpg
pituitary,F:\brain tumor detection\data\raw\primary\pituitary\pituitary_Tr-pi_687.jpg
pituitary,F:\brain tumor detection\data\raw\primary\pituitary\pituitary_Tr-pi_688.jpg
pituitary,F:\brain tumor detection\data\raw\primary\pituitary\pituitary_Tr-pi_689.jpg
pituitary,F:\brain tumor detection\data\raw\primary\pituitary\pituitary_Tr-pi_69.jpg
pituitary,F:\brain tumor detection\data\raw\primary\pituitary\pituitary_Tr-pi_690.jpg
pituitary,F:\brain tumor detection\data\raw\primary\pituitary\pituitary_Tr-pi_691.jpg
pituitary,F:\brain tumor detection\data\raw\primary\pituitary\pituitary_Tr-pi_692.jpg
pituitary,F:\brain tumor detection\data\raw\primary\pituitary\pituitary_Tr-pi_693.jpg
pituitary,F:\brain tumor detection\data\raw\primary\pituitary\pituitary_Tr-pi_694.jpg
pituitary,F:\brain tumor detection\data\raw\primary\pituitary\pituitary_Tr-pi_695.jpg
pituitary,F:\brain tumor detection\data\raw\primary\pituitary\pituitary_Tr-pi_696.jpg
pituitary,F:\brain tumor detection\data\raw\primary\pituitary\pituitary_Tr-pi_697.jpg
pituitary,F:\brain tumor detection\data\raw\primary\pituitary\pituitary_Tr-pi_698.jpg
pituitary,F:\brain tumor detection\data\raw\primary\pituitary\pituitary_Tr-pi_699.jpg
pituitary,F:\brain tumor detection\data\raw\primary\pituitary\pituitary_Tr-pi_7.jpg
pituitary,F:\brain tumor detection\data\raw\primary\pituitary\pituitary_Tr-pi_70.jpg
pituitary,F:\brain tumor detection\data\raw\primary\pituitary\pituitary_Tr-pi_700.jpg
pituitary,F:\brain tumor detection\data\raw\primary\pituitary\pituitary_Tr-pi_701.jpg
pituitary,F:\brain tumor detection\data\raw\primary\pituitary\pituitary_Tr-pi_702.jpg
pituitary,F:\brain tumor detection\data\raw\primary\pituitary\pituitary_Tr-pi_703.jpg
pituitary,F:\brain tumor detection\data\raw\primary\pituitary\pituitary_Tr-pi_704.jpg
pituitary,F:\brain tumor detection\data\raw\primary\pituitary\pituitary_Tr-pi_705.jpg
pituitary,F:\brain tumor detection\data\raw\primary\pituitary\pituitary_Tr-pi_706.jpg
pituitary,F:\brain tumor detection\data\raw\primary\pituitary\pituitary_Tr-pi_707.jpg
pituitary,F:\brain tumor detection\data\raw\primary\pituitary\pituitary_Tr-pi_708.jpg
pituitary,F:\brain tumor detection\data\raw\primary\pituitary\pituitary_Tr-pi_709.jpg
pituitary,F:\brain tumor detection\data\raw\primary\pituitary\pituitary_Tr-pi_71.jpg
pituitary,F:\brain tumor detection\data\raw\primary\pituitary\pituitary_Tr-pi_710.jpg
pituitary,F:\brain tumor detection\data\raw\primary\pituitary\pituitary_Tr-pi_711.jpg
pituitary,F:\brain tumor detection\data\raw\primary\pituitary\pituitary_Tr-pi_712.jpg
pituitary,F:\brain tumor detection\data\raw\primary\pituitary\pituitary_Tr-pi_713.jpg
pituitary,F:\brain tumor detection\data\raw\primary\pituitary\pituitary_Tr-pi_714.jpg
pituitary,F:\brain tumor detection\data\raw\primary\pituitary\pituitary_Tr-pi_715.jpg
pituitary,F:\brain tumor detection\data\raw\primary\pituitary\pituitary_Tr-pi_716.jpg
pituitary,F:\brain tumor detection\data\raw\primary\pituitary\pituitary_Tr-pi_717.jpg
pituitary,F:\brain tumor detection\data\raw\primary\pituitary\pituitary_Tr-pi_718.jpg
pituitary,F:\brain tumor detection\data\raw\primary\pituitary\pituitary_Tr-pi_719.jpg
pituitary,F:\brain tumor detection\data\raw\primary\pituitary\pituitary_Tr-pi_72.jpg
pituitary,F:\brain tumor detection\data\raw\primary\pituitary\pituitary_Tr-pi_720.jpg
pituitary,F:\brain tumor detection\data\raw\primary\pituitary\pituitary_Tr-pi_721.jpg
pituitary,F:\brain tumor detection\data\raw\primary\pituitary\pituitary_Tr-pi_722.jpg
pituitary,F:\brain tumor detection\data\raw\primary\pituitary\pituitary_Tr-pi_723.jpg
pituitary,F:\brain tumor detection\data\raw\primary\pituitary\pituitary_Tr-pi_724.jpg
pituitary,F:\brain tumor detection\data\raw\primary\pituitary\pituitary_Tr-pi_725.jpg
pituitary,F:\brain tumor detection\data\raw\primary\pituitary\pituitary_Tr-pi_726.jpg
pituitary,F:\brain tumor detection\data\raw\primary\pituitary\pituitary_Tr-pi_727.jpg
pituitary,F:\brain tumor detection\data\raw\primary\pituitary\pituitary_Tr-pi_728.jpg
pituitary,F:\brain tumor detection\data\raw\primary\pituitary\pituitary_Tr-pi_729.jpg
pituitary,F:\brain tumor detection\data\raw\primary\pituitary\pituitary_Tr-pi_73.jpg
pituitary,F:\brain tumor detection\data\raw\primary\pituitary\pituitary_Tr-pi_730.jpg
pituitary,F:\brain tumor detection\data\raw\primary\pituitary\pituitary_Tr-pi_731.jpg
pituitary,F:\brain tumor detection\data\raw\primary\pituitary\pituitary_Tr-pi_732.jpg
pituitary,F:\brain tumor detection\data\raw\primary\pituitary\pituitary_Tr-pi_733.jpg
pituitary,F:\brain tumor detection\data\raw\primary\pituitary\pituitary_Tr-pi_734.jpg
pituitary,F:\brain tumor detection\data\raw\primary\pituitary\pituitary_Tr-pi_735.jpg
pituitary,F:\brain tumor detection\data\raw\primary\pituitary\pituitary_Tr-pi_736.jpg
pituitary,F:\brain tumor detection\data\raw\primary\pituitary\pituitary_Tr-pi_737.jpg
pituitary,F:\brain tumor detection\data\raw\primary\pituitary\pituitary_Tr-pi_738.jpg
pituitary,F:\brain tumor detection\data\raw\primary\pituitary\pituitary_Tr-pi_739.jpg
pituitary,F:\brain tumor detection\data\raw\primary\pituitary\pituitary_Tr-pi_74.jpg
pituitary,F:\brain tumor detection\data\raw\primary\pituitary\pituitary_Tr-pi_740.jpg
pituitary,F:\brain tumor detection\data\raw\primary\pituitary\pituitary_Tr-pi_741.jpg
pituitary,F:\brain tumor detection\data\raw\primary\pituitary\pituitary_Tr-pi_742.jpg
pituitary,F:\brain tumor detection\data\raw\primary\pituitary\pituitary_Tr-pi_743.jpg
pituitary,F:\brain tumor detection\data\raw\primary\pituitary\pituitary_Tr-pi_744.jpg
pituitary,F:\brain tumor detection\data\raw\primary\pituitary\pituitary_Tr-pi_745.jpg
pituitary,F:\brain tumor detection\data\raw\primary\pituitary\pituitary_Tr-pi_746.jpg
pituitary,F:\brain tumor detection\data\raw\primary\pituitary\pituitary_Tr-pi_747.jpg
pituitary,F:\brain tumor detection\data\raw\primary\pituitary\pituitary_Tr-pi_748.jpg
pituitary,F:\brain tumor detection\data\raw\primary\pituitary\pituitary_Tr-pi_749.jpg
pituitary,F:\brain tumor detection\data\raw\primary\pituitary\pituitary_Tr-pi_75.jpg
pituitary,F:\brain tumor detection\data\raw\primary\pituitary\pituitary_Tr-pi_750.jpg
pituitary,F:\brain tumor detection\data\raw\primary\pituitary\pituitary_Tr-pi_751.jpg
pituitary,F:\brain tumor detection\data\raw\primary\pituitary\pituitary_Tr-pi_752.jpg
pituitary,F:\brain tumor detection\data\raw\primary\pituitary\pituitary_Tr-pi_753.jpg
pituitary,F:\brain tumor detection\data\raw\primary\pituitary\pituitary_Tr-pi_754.jpg
pituitary,F:\brain tumor detection\data\raw\primary\pituitary\pituitary_Tr-pi_755.jpg
pituitary,F:\brain tumor detection\data\raw\primary\pituitary\pituitary_Tr-pi_756.jpg
pituitary,F:\brain tumor detection\data\raw\primary\pituitary\pituitary_Tr-pi_757.jpg
pituitary,F:\brain tumor detection\data\raw\primary\pituitary\pituitary_Tr-pi_758.jpg
pituitary,F:\brain tumor detection\data\raw\primary\pituitary\pituitary_Tr-pi_759.jpg
pituitary,F:\brain tumor detection\data\raw\primary\pituitary\pituitary_Tr-pi_76.jpg
pituitary,F:\brain tumor detection\data\raw\primary\pituitary\pituitary_Tr-pi_760.jpg
pituitary,F:\brain tumor detection\data\raw\primary\pituitary\pituitary_Tr-pi_761.jpg
pituitary,F:\brain tumor detection\data\raw\primary\pituitary\pituitary_Tr-pi_762.jpg
pituitary,F:\brain tumor detection\data\raw\primary\pituitary\pituitary_Tr-pi_763.jpg
pituitary,F:\brain tumor detection\data\raw\primary\pituitary\pituitary_Tr-pi_764.jpg
pituitary,F:\brain tumor detection\data\raw\primary\pituitary\pituitary_Tr-pi_765.jpg
pituitary,F:\brain tumor detection\data\raw\primary\pituitary\pituitary_Tr-pi_766.jpg
pituitary,F:\brain tumor detection\data\raw\primary\pituitary\pituitary_Tr-pi_767.jpg
pituitary,F:\brain tumor detection\data\raw\primary\pituitary\pituitary_Tr-pi_768.jpg
pituitary,F:\brain tumor detection\data\raw\primary\pituitary\pituitary_Tr-pi_769.jpg
pituitary,F:\brain tumor detection\data\raw\primary\pituitary\pituitary_Tr-pi_77.jpg
pituitary,F:\brain tumor detection\data\raw\primary\pituitary\pituitary_Tr-pi_770.jpg
pituitary,F:\brain tumor detection\data\raw\primary\pituitary\pituitary_Tr-pi_771.jpg
pituitary,F:\brain tumor detection\data\raw\primary\pituitary\pituitary_Tr-pi_772.jpg
pituitary,F:\brain tumor detection\data\raw\primary\pituitary\pituitary_Tr-pi_773.jpg
pituitary,F:\brain tumor detection\data\raw\primary\pituitary\pituitary_Tr-pi_774.jpg
pituitary,F:\brain tumor detection\data\raw\primary\pituitary\pituitary_Tr-pi_775.jpg
pituitary,F:\brain tumor detection\data\raw\primary\pituitary\pituitary_Tr-pi_776.jpg
pituitary,F:\brain tumor detection\data\raw\primary\pituitary\pituitary_Tr-pi_777.jpg
pituitary,F:\brain tumor detection\data\raw\primary\pituitary\pituitary_Tr-pi_778.jpg
pituitary,F:\brain tumor detection\data\raw\primary\pituitary\pituitary_Tr-pi_779.jpg
pituitary,F:\brain tumor detection\data\raw\primary\pituitary\pituitary_Tr-pi_78.jpg
pituitary,F:\brain tumor detection\data\raw\primary\pituitary\pituitary_Tr-pi_780.jpg
pituitary,F:\brain tumor detection\data\raw\primary\pituitary\pituitary_Tr-pi_781.jpg
pituitary,F:\brain tumor detection\data\raw\primary\pituitary\pituitary_Tr-pi_782.jpg
pituitary,F:\brain tumor detection\data\raw\primary\pituitary\pituitary_Tr-pi_783.jpg
pituitary,F:\brain tumor detection\data\raw\primary\pituitary\pituitary_Tr-pi_784.jpg
pituitary,F:\brain tumor detection\data\raw\primary\pituitary\pituitary_Tr-pi_785.jpg
pituitary,F:\brain tumor detection\data\raw\primary\pituitary\pituitary_Tr-pi_786.jpg
pituitary,F:\brain tumor detection\data\raw\primary\pituitary\pituitary_Tr-pi_787.jpg
pituitary,F:\brain tumor detection\data\raw\primary\pituitary\pituitary_Tr-pi_788.jpg
pituitary,F:\brain tumor detection\data\raw\primary\pituitary\pituitary_Tr-pi_789.jpg
pituitary,F:\brain tumor detection\data\raw\primary\pituitary\pituitary_Tr-pi_79.jpg
pituitary,F:\brain tumor detection\data\raw\primary\pituitary\pituitary_Tr-pi_790.jpg
pituitary,F:\brain tumor detection\data\raw\primary\pituitary\pituitary_Tr-pi_791.jpg
pituitary,F:\brain tumor detection\data\raw\primary\pituitary\pituitary_Tr-pi_792.jpg
pituitary,F:\brain tumor detection\data\raw\primary\pituitary\pituitary_Tr-pi_793.jpg
pituitary,F:\brain tumor detection\data\raw\primary\pituitary\pituitary_Tr-pi_794.jpg
pituitary,F:\brain tumor detection\data\raw\primary\pituitary\pituitary_Tr-pi_795.jpg
pituitary,F:\brain tumor detection\data\raw\primary\pituitary\pituitary_Tr-pi_796.jpg
pituitary,F:\brain tumor detection\data\raw\primary\pituitary\pituitary_Tr-pi_797.jpg
pituitary,F:\brain tumor detection\data\raw\primary\pituitary\pituitary_Tr-pi_798.jpg
pituitary,F:\brain tumor detection\data\raw\primary\pituitary\pituitary_Tr-pi_799.jpg
pituitary,F:\brain tumor detection\data\raw\primary\pituitary\pituitary_Tr-pi_8.jpg
pituitary,F:\brain tumor detection\data\raw\primary\pituitary\pituitary_Tr-pi_80.jpg
pituitary,F:\brain tumor detection\data\raw\primary\pituitary\pituitary_Tr-pi_800.jpg
pituitary,F:\brain tumor detection\data\raw\primary\pituitary\pituitary_Tr-pi_801.jpg
pituitary,F:\brain tumor detection\data\raw\primary\pituitary\pituitary_Tr-pi_802.jpg
pituitary,F:\brain tumor detection\data\raw\primary\pituitary\pituitary_Tr-pi_803.jpg
pituitary,F:\brain tumor detection\data\raw\primary\pituitary\pituitary_Tr-pi_804.jpg
pituitary,F:\brain tumor detection\data\raw\primary\pituitary\pituitary_Tr-pi_805.jpg
pituitary,F:\brain tumor detection\data\raw\primary\pituitary\pituitary_Tr-pi_806.jpg
pituitary,F:\brain tumor detection\data\raw\primary\pituitary\pituitary_Tr-pi_807.jpg
pituitary,F:\brain tumor detection\data\raw\primary\pituitary\pituitary_Tr-pi_808.jpg
pituitary,F:\brain tumor detection\data\raw\primary\pituitary\pituitary_Tr-pi_809.jpg
pituitary,F:\brain tumor detection\data\raw\primary\pituitary\pituitary_Tr-pi_81.jpg
pituitary,F:\brain tumor detection\data\raw\primary\pituitary\pituitary_Tr-pi_810.jpg
pituitary,F:\brain tumor detection\data\raw\primary\pituitary\pituitary_Tr-pi_811.jpg
pituitary,F:\brain tumor detection\data\raw\primary\pituitary\pituitary_Tr-pi_812.jpg
pituitary,F:\brain tumor detection\data\raw\primary\pituitary\pituitary_Tr-pi_813.jpg
pituitary,F:\brain tumor detection\data\raw\primary\pituitary\pituitary_Tr-pi_814.jpg
pituitary,F:\brain tumor detection\data\raw\primary\pituitary\pituitary_Tr-pi_815.jpg
pituitary,F:\brain tumor detection\data\raw\primary\pituitary\pituitary_Tr-pi_816.jpg
pituitary,F:\brain tumor detection\data\raw\primary\pituitary\pituitary_Tr-pi_817.jpg
pituitary,F:\brain tumor detection\data\raw\primary\pituitary\pituitary_Tr-pi_818.jpg
pituitary,F:\brain tumor detection\data\raw\primary\pituitary\pituitary_Tr-pi_819.jpg
pituitary,F:\brain tumor detection\data\raw\primary\pituitary\pituitary_Tr-pi_82.jpg
pituitary,F:\brain tumor detection\data\raw\primary\pituitary\pituitary_Tr-pi_820.jpg
pituitary,F:\brain tumor detection\data\raw\primary\pituitary\pituitary_Tr-pi_821.jpg
pituitary,F:\brain tumor detection\data\raw\primary\pituitary\pituitary_Tr-pi_822.jpg
pituitary,F:\brain tumor detection\data\raw\primary\pituitary\pituitary_Tr-pi_823.jpg
pituitary,F:\brain tumor detection\data\raw\primary\pituitary\pituitary_Tr-pi_824.jpg
pituitary,F:\brain tumor detection\data\raw\primary\pituitary\pituitary_Tr-pi_825.jpg
pituitary,F:\brain tumor detection\data\raw\primary\pituitary\pituitary_Tr-pi_826.jpg
pituitary,F:\brain tumor detection\data\raw\primary\pituitary\pituitary_Tr-pi_827.jpg
pituitary,F:\brain tumor detection\data\raw\primary\pituitary\pituitary_Tr-pi_828.jpg
pituitary,F:\brain tumor detection\data\raw\primary\pituitary\pituitary_Tr-pi_829.jpg
pituitary,F:\brain tumor detection\data\raw\primary\pituitary\pituitary_Tr-pi_83.jpg
pituitary,F:\brain tumor detection\data\raw\primary\pituitary\pituitary_Tr-pi_830.jpg
pituitary,F:\brain tumor detection\data\raw\primary\pituitary\pituitary_Tr-pi_831.jpg
pituitary,F:\brain tumor detection\data\raw\primary\pituitary\pituitary_Tr-pi_832.jpg
pituitary,F:\brain tumor detection\data\raw\primary\pituitary\pituitary_Tr-pi_833.jpg
pituitary,F:\brain tumor detection\data\raw\primary\pituitary\pituitary_Tr-pi_834.jpg
pituitary,F:\brain tumor detection\data\raw\primary\pituitary\pituitary_Tr-pi_835.jpg
pituitary,F:\brain tumor detection\data\raw\primary\pituitary\pituitary_Tr-pi_836.jpg
pituitary,F:\brain tumor detection\data\raw\primary\pituitary\pituitary_Tr-pi_837.jpg
pituitary,F:\brain tumor detection\data\raw\primary\pituitary\pituitary_Tr-pi_838.jpg
pituitary,F:\brain tumor detection\data\raw\primary\pituitary\pituitary_Tr-pi_839.jpg
pituitary,F:\brain tumor detection\data\raw\primary\pituitary\pituitary_Tr-pi_84.jpg
pituitary,F:\brain tumor detection\data\raw\primary\pituitary\pituitary_Tr-pi_840.jpg
pituitary,F:\brain tumor detection\data\raw\primary\pituitary\pituitary_Tr-pi_841.jpg
pituitary,F:\brain tumor detection\data\raw\primary\pituitary\pituitary_Tr-pi_842.jpg
pituitary,F:\brain tumor detection\data\raw\primary\pituitary\pituitary_Tr-pi_843.jpg
pituitary,F:\brain tumor detection\data\raw\primary\pituitary\pituitary_Tr-pi_844.jpg
pituitary,F:\brain tumor detection\data\raw\primary\pituitary\pituitary_Tr-pi_845.jpg
pituitary,F:\brain tumor detection\data\raw\primary\pituitary\pituitary_Tr-pi_846.jpg
pituitary,F:\brain tumor detection\data\raw\primary\pituitary\pituitary_Tr-pi_847.jpg
pituitary,F:\brain tumor detection\data\raw\primary\pituitary\pituitary_Tr-pi_848.jpg
pituitary,F:\brain tumor detection\data\raw\primary\pituitary\pituitary_Tr-pi_849.jpg
pituitary,F:\brain tumor detection\data\raw\primary\pituitary\pituitary_Tr-pi_85.jpg
pituitary,F:\brain tumor detection\data\raw\primary\pituitary\pituitary_Tr-pi_850.jpg
pituitary,F:\brain tumor detection\data\raw\primary\pituitary\pituitary_Tr-pi_851.jpg
pituitary,F:\brain tumor detection\data\raw\primary\pituitary\pituitary_Tr-pi_852.jpg
pituitary,F:\brain tumor detection\data\raw\primary\pituitary\pituitary_Tr-pi_853.jpg
pituitary,F:\brain tumor detection\data\raw\primary\pituitary\pituitary_Tr-pi_854.jpg
pituitary,F:\brain tumor detection\data\raw\primary\pituitary\pituitary_Tr-pi_855.jpg
pituitary,F:\brain tumor detection\data\raw\primary\pituitary\pituitary_Tr-pi_856.jpg
pituitary,F:\brain tumor detection\data\raw\primary\pituitary\pituitary_Tr-pi_857.jpg
pituitary,F:\brain tumor detection\data\raw\primary\pituitary\pituitary_Tr-pi_858.jpg
pituitary,F:\brain tumor detection\data\raw\primary\pituitary\pituitary_Tr-pi_859.jpg
pituitary,F:\brain tumor detection\data\raw\primary\pituitary\pituitary_Tr-pi_86.jpg
pituitary,F:\brain tumor detection\data\raw\primary\pituitary\pituitary_Tr-pi_860.jpg
pituitary,F:\brain tumor detection\data\raw\primary\pituitary\pituitary_Tr-pi_861.jpg
pituitary,F:\brain tumor detection\data\raw\primary\pituitary\pituitary_Tr-pi_862.jpg
pituitary,F:\brain tumor detection\data\raw\primary\pituitary\pituitary_Tr-pi_863.jpg
pituitary,F:\brain tumor detection\data\raw\primary\pituitary\pituitary_Tr-pi_864.jpg
pituitary,F:\brain tumor detection\data\raw\primary\pituitary\pituitary_Tr-pi_865.jpg
pituitary,F:\brain tumor detection\data\raw\primary\pituitary\pituitary_Tr-pi_866.jpg
pituitary,F:\brain tumor detection\data\raw\primary\pituitary\pituitary_Tr-pi_867.jpg
pituitary,F:\brain tumor detection\data\raw\primary\pituitary\pituitary_Tr-pi_868.jpg
pituitary,F:\brain tumor detection\data\raw\primary\pituitary\pituitary_Tr-pi_869.jpg
pituitary,F:\brain tumor detection\data\raw\primary\pituitary\pituitary_Tr-pi_87.jpg
pituitary,F:\brain tumor detection\data\raw\primary\pituitary\pituitary_Tr-pi_870.jpg
pituitary,F:\brain tumor detection\data\raw\primary\pituitary\pituitary_Tr-pi_871.jpg
pituitary,F:\brain tumor detection\data\raw\primary\pituitary\pituitary_Tr-pi_872.jpg
pituitary,F:\brain tumor detection\data\raw\primary\pituitary\pituitary_Tr-pi_873.jpg
pituitary,F:\brain tumor detection\data\raw\primary\pituitary\pituitary_Tr-pi_874.jpg
pituitary,F:\brain tumor detection\data\raw\primary\pituitary\pituitary_Tr-pi_875.jpg
pituitary,F:\brain tumor detection\data\raw\primary\pituitary\pituitary_Tr-pi_876.jpg
pituitary,F:\brain tumor detection\data\raw\primary\pituitary\pituitary_Tr-pi_877.jpg
pituitary,F:\brain tumor detection\data\raw\primary\pituitary\pituitary_Tr-pi_878.jpg
pituitary,F:\brain tumor detection\data\raw\primary\pituitary\pituitary_Tr-pi_879.jpg
pituitary,F:\brain tumor detection\data\raw\primary\pituitary\pituitary_Tr-pi_88.jpg
pituitary,F:\brain tumor detection\data\raw\primary\pituitary\pituitary_Tr-pi_880.jpg
pituitary,F:\brain tumor detection\data\raw\primary\pituitary\pituitary_Tr-pi_881.jpg
pituitary,F:\brain tumor detection\data\raw\primary\pituitary\pituitary_Tr-pi_882.jpg
pituitary,F:\brain tumor detection\data\raw\primary\pituitary\pituitary_Tr-pi_883.jpg
pituitary,F:\brain tumor detection\data\raw\primary\pituitary\pituitary_Tr-pi_884.jpg
pituitary,F:\brain tumor detection\data\raw\primary\pituitary\pituitary_Tr-pi_885.jpg
pituitary,F:\brain tumor detection\data\raw\primary\pituitary\pituitary_Tr-pi_886.jpg
pituitary,F:\brain tumor detection\data\raw\primary\pituitary\pituitary_Tr-pi_887.jpg
pituitary,F:\brain tumor detection\data\raw\primary\pituitary\pituitary_Tr-pi_888.jpg
pituitary,F:\brain tumor detection\data\raw\primary\pituitary\pituitary_Tr-pi_889.jpg
pituitary,F:\brain tumor detection\data\raw\primary\pituitary\pituitary_Tr-pi_89.jpg
pituitary,F:\brain tumor detection\data\raw\primary\pituitary\pituitary_Tr-pi_890.jpg
pituitary,F:\brain tumor detection\data\raw\primary\pituitary\pituitary_Tr-pi_891.jpg
pituitary,F:\brain tumor detection\data\raw\primary\pituitary\pituitary_Tr-pi_892.jpg
pituitary,F:\brain tumor detection\data\raw\primary\pituitary\pituitary_Tr-pi_893.jpg
pituitary,F:\brain tumor detection\data\raw\primary\pituitary\pituitary_Tr-pi_894.jpg
pituitary,F:\brain tumor detection\data\raw\primary\pituitary\pituitary_Tr-pi_895.jpg
pituitary,F:\brain tumor detection\data\raw\primary\pituitary\pituitary_Tr-pi_896.jpg
pituitary,F:\brain tumor detection\data\raw\primary\pituitary\pituitary_Tr-pi_897.jpg
pituitary,F:\brain tumor detection\data\raw\primary\pituitary\pituitary_Tr-pi_898.jpg
pituitary,F:\brain tumor detection\data\raw\primary\pituitary\pituitary_Tr-pi_899.jpg
pituitary,F:\brain tumor detection\data\raw\primary\pituitary\pituitary_Tr-pi_9.jpg
pituitary,F:\brain tumor detection\data\raw\primary\pituitary\pituitary_Tr-pi_90.jpg
pituitary,F:\brain tumor detection\data\raw\primary\pituitary\pituitary_Tr-pi_900.jpg
pituitary,F:\brain tumor detection\data\raw\primary\pituitary\pituitary_Tr-pi_901.jpg
pituitary,F:\brain tumor detection\data\raw\primary\pituitary\pituitary_Tr-pi_902.jpg
pituitary,F:\brain tumor detection\data\raw\primary\pituitary\pituitary_Tr-pi_903.jpg
pituitary,F:\brain tumor detection\data\raw\primary\pituitary\pituitary_Tr-pi_904.jpg
pituitary,F:\brain tumor detection\data\raw\primary\pituitary\pituitary_Tr-pi_905.jpg
pituitary,F:\brain tumor detection\data\raw\primary\pituitary\pituitary_Tr-pi_906.jpg
pituitary,F:\brain tumor detection\data\raw\primary\pituitary\pituitary_Tr-pi_907.jpg
pituitary,F:\brain tumor detection\data\raw\primary\pituitary\pituitary_Tr-pi_908.jpg
pituitary,F:\brain tumor detection\data\raw\primary\pituitary\pituitary_Tr-pi_909.jpg
pituitary,F:\brain tumor detection\data\raw\primary\pituitary\pituitary_Tr-pi_91.jpg
pituitary,F:\brain tumor detection\data\raw\primary\pituitary\pituitary_Tr-pi_910.jpg
pituitary,F:\brain tumor detection\data\raw\primary\pituitary\pituitary_Tr-pi_911.jpg
pituitary,F:\brain tumor detection\data\raw\primary\pituitary\pituitary_Tr-pi_912.jpg
pituitary,F:\brain tumor detection\data\raw\primary\pituitary\pituitary_Tr-pi_913.jpg
pituitary,F:\brain tumor detection\data\raw\primary\pituitary\pituitary_Tr-pi_914.jpg
pituitary,F:\brain tumor detection\data\raw\primary\pituitary\pituitary_Tr-pi_915.jpg
pituitary,F:\brain tumor detection\data\raw\primary\pituitary\pituitary_Tr-pi_916.jpg
pituitary,F:\brain tumor detection\data\raw\primary\pituitary\pituitary_Tr-pi_917.jpg
pituitary,F:\brain tumor detection\data\raw\primary\pituitary\pituitary_Tr-pi_918.jpg
pituitary,F:\brain tumor detection\data\raw\primary\pituitary\pituitary_Tr-pi_919.jpg
pituitary,F:\brain tumor detection\data\raw\primary\pituitary\pituitary_Tr-pi_92.jpg
pituitary,F:\brain tumor detection\data\raw\primary\pituitary\pituitary_Tr-pi_920.jpg
pituitary,F:\brain tumor detection\data\raw\primary\pituitary\pituitary_Tr-pi_921.jpg
pituitary,F:\brain tumor detection\data\raw\primary\pituitary\pituitary_Tr-pi_922.jpg
pituitary,F:\brain tumor detection\data\raw\primary\pituitary\pituitary_Tr-pi_923.jpg
pituitary,F:\brain tumor detection\data\raw\primary\pituitary\pituitary_Tr-pi_924.jpg
pituitary,F:\brain tumor detection\data\raw\primary\pituitary\pituitary_Tr-pi_925.jpg
pituitary,F:\brain tumor detection\data\raw\primary\pituitary\pituitary_Tr-pi_926.jpg
pituitary,F:\brain tumor detection\data\raw\primary\pituitary\pituitary_Tr-pi_927.jpg
pituitary,F:\brain tumor detection\data\raw\primary\pituitary\pituitary_Tr-pi_928.jpg
pituitary,F:\brain tumor detection\data\raw\primary\pituitary\pituitary_Tr-pi_929.jpg
pituitary,F:\brain tumor detection\data\raw\primary\pituitary\pituitary_Tr-pi_93.jpg
pituitary,F:\brain tumor detection\data\raw\primary\pituitary\pituitary_Tr-pi_930.jpg
pituitary,F:\brain tumor detection\data\raw\primary\pituitary\pituitary_Tr-pi_931.jpg
pituitary,F:\brain tumor detection\data\raw\primary\pituitary\pituitary_Tr-pi_932.jpg
pituitary,F:\brain tumor detection\data\raw\primary\pituitary\pituitary_Tr-pi_933.jpg
pituitary,F:\brain tumor detection\data\raw\primary\pituitary\pituitary_Tr-pi_934.jpg
pituitary,F:\brain tumor detection\data\raw\primary\pituitary\pituitary_Tr-pi_935.jpg
pituitary,F:\brain tumor detection\data\raw\primary\pituitary\pituitary_Tr-pi_936.jpg
pituitary,F:\brain tumor detection\data\raw\primary\pituitary\pituitary_Tr-pi_937.jpg
pituitary,F:\brain tumor detection\data\raw\primary\pituitary\pituitary_Tr-pi_938.jpg
pituitary,F:\brain tumor detection\data\raw\primary\pituitary\pituitary_Tr-pi_939.jpg
pituitary,F:\brain tumor detection\data\raw\primary\pituitary\pituitary_Tr-pi_94.jpg
pituitary,F:\brain tumor detection\data\raw\primary\pituitary\pituitary_Tr-pi_940.jpg
pituitary,F:\brain tumor detection\data\raw\primary\pituitary\pituitary_Tr-pi_941.jpg
pituitary,F:\brain tumor detection\data\raw\primary\pituitary\pituitary_Tr-pi_942.jpg
pituitary,F:\brain tumor detection\data\raw\primary\pituitary\pituitary_Tr-pi_943.jpg
pituitary,F:\brain tumor detection\data\raw\primary\pituitary\pituitary_Tr-pi_944.jpg
pituitary,F:\brain tumor detection\data\raw\primary\pituitary\pituitary_Tr-pi_945.jpg
pituitary,F:\brain tumor detection\data\raw\primary\pituitary\pituitary_Tr-pi_946.jpg
pituitary,F:\brain tumor detection\data\raw\primary\pituitary\pituitary_Tr-pi_947.jpg
pituitary,F:\brain tumor detection\data\raw\primary\pituitary\pituitary_Tr-pi_948.jpg
pituitary,F:\brain tumor detection\data\raw\primary\pituitary\pituitary_Tr-pi_949.jpg
pituitary,F:\brain tumor detection\data\raw\primary\pituitary\pituitary_Tr-pi_95.jpg
pituitary,F:\brain tumor detection\data\raw\primary\pituitary\pituitary_Tr-pi_950.jpg
pituitary,F:\brain tumor detection\data\raw\primary\pituitary\pituitary_Tr-pi_951.jpg
pituitary,F:\brain tumor detection\data\raw\primary\pituitary\pituitary_Tr-pi_952.jpg
pituitary,F:\brain tumor detection\data\raw\primary\pituitary\pituitary_Tr-pi_953.jpg
pituitary,F:\brain tumor detection\data\raw\primary\pituitary\pituitary_Tr-pi_954.jpg
pituitary,F:\brain tumor detection\data\raw\primary\pituitary\pituitary_Tr-pi_955.jpg
pituitary,F:\brain tumor detection\data\raw\primary\pituitary\pituitary_Tr-pi_956.jpg
pituitary,F:\brain tumor detection\data\raw\primary\pituitary\pituitary_Tr-pi_957.jpg
pituitary,F:\brain tumor detection\data\raw\primary\pituitary\pituitary_Tr-pi_958.jpg
pituitary,F:\brain tumor detection\data\raw\primary\pituitary\pituitary_Tr-pi_959.jpg
pituitary,F:\brain tumor detection\data\raw\primary\pituitary\pituitary_Tr-pi_96.jpg
pituitary,F:\brain tumor detection\data\raw\primary\pituitary\pituitary_Tr-pi_960.jpg
pituitary,F:\brain tumor detection\data\raw\primary\pituitary\pituitary_Tr-pi_961.jpg
pituitary,F:\brain tumor detection\data\raw\primary\pituitary\pituitary_Tr-pi_962.jpg
pituitary,F:\brain tumor detection\data\raw\primary\pituitary\pituitary_Tr-pi_963.jpg
pituitary,F:\brain tumor detection\data\raw\primary\pituitary\pituitary_Tr-pi_964.jpg
pituitary,F:\brain tumor detection\data\raw\primary\pituitary\pituitary_Tr-pi_965.jpg
pituitary,F:\brain tumor detection\data\raw\primary\pituitary\pituitary_Tr-pi_966.jpg
pituitary,F:\brain tumor detection\data\raw\primary\pituitary\pituitary_Tr-pi_967.jpg
pituitary,F:\brain tumor detection\data\raw\primary\pituitary\pituitary_Tr-pi_968.jpg
pituitary,F:\brain tumor detection\data\raw\primary\pituitary\pituitary_Tr-pi_969.jpg
pituitary,F:\brain tumor detection\data\raw\primary\pituitary\pituitary_Tr-pi_97.jpg
pituitary,F:\brain tumor detection\data\raw\primary\pituitary\pituitary_Tr-pi_970.jpg
pituitary,F:\brain tumor detection\data\raw\primary\pituitary\pituitary_Tr-pi_971.jpg
pituitary,F:\brain tumor detection\data\raw\primary\pituitary\pituitary_Tr-pi_972.jpg
pituitary,F:\brain tumor detection\data\raw\primary\pituitary\pituitary_Tr-pi_973.jpg
pituitary,F:\brain tumor detection\data\raw\primary\pituitary\pituitary_Tr-pi_974.jpg
pituitary,F:\brain tumor detection\data\raw\primary\pituitary\pituitary_Tr-pi_975.jpg
pituitary,F:\brain tumor detection\data\raw\primary\pituitary\pituitary_Tr-pi_976.jpg
pituitary,F:\brain tumor detection\data\raw\primary\pituitary\pituitary_Tr-pi_977.jpg
pituitary,F:\brain tumor detection\data\raw\primary\pituitary\pituitary_Tr-pi_978.jpg
pituitary,F:\brain tumor detection\data\raw\primary\pituitary\pituitary_Tr-pi_979.jpg
pituitary,F:\brain tumor detection\data\raw\primary\pituitary\pituitary_Tr-pi_98.jpg
pituitary,F:\brain tumor detection\data\raw\primary\pituitary\pituitary_Tr-pi_980.jpg
pituitary,F:\brain tumor detection\data\raw\primary\pituitary\pituitary_Tr-pi_981.jpg
pituitary,F:\brain tumor detection\data\raw\primary\pituitary\pituitary_Tr-pi_982.jpg
pituitary,F:\brain tumor detection\data\raw\primary\pituitary\pituitary_Tr-pi_983.jpg
pituitary,F:\brain tumor detection\data\raw\primary\pituitary\pituitary_Tr-pi_984.jpg
pituitary,F:\brain tumor detection\data\raw\primary\pituitary\pituitary_Tr-pi_985.jpg
pituitary,F:\brain tumor detection\data\raw\primary\pituitary\pituitary_Tr-pi_986.jpg
pituitary,F:\brain tumor detection\data\raw\primary\pituitary\pituitary_Tr-pi_987.jpg
pituitary,F:\brain tumor detection\data\raw\primary\pituitary\pituitary_Tr-pi_988.jpg
pituitary,F:\brain tumor detection\data\raw\primary\pituitary\pituitary_Tr-pi_989.jpg
pituitary,F:\brain tumor detection\data\raw\primary\pituitary\pituitary_Tr-pi_99.jpg
pituitary,F:\brain tumor detection\data\raw\primary\pituitary\pituitary_Tr-pi_990.jpg
pituitary,F:\brain tumor detection\data\raw\primary\pituitary\pituitary_Tr-pi_991.jpg
pituitary,F:\brain tumor detection\data\raw\primary\pituitary\pituitary_Tr-pi_992.jpg
pituitary,F:\brain tumor detection\data\raw\primary\pituitary\pituitary_Tr-pi_993.jpg
pituitary,F:\brain tumor detection\data\raw\primary\pituitary\pituitary_Tr-pi_994.jpg
pituitary,F:\brain tumor detection\data\raw\primary\pituitary\pituitary_Tr-pi_995.jpg
pituitary,F:\brain tumor detection\data\raw\primary\pituitary\pituitary_Tr-pi_996.jpg
pituitary,F:\brain tumor detection\data\raw\primary\pituitary\pituitary_Tr-pi_997.jpg
pituitary,F:\brain tumor detection\data\raw\primary\pituitary\pituitary_Tr-pi_998.jpg
pituitary,F:\brain tumor detection\data\raw\primary\pituitary\pituitary_Tr-pi_999.jpg
