label,path
glioma,F:\brain tumor detection\data\raw\secondary\normalized\glioma\glioma_tumor_image(1).jpg
glioma,F:\brain tumor detection\data\raw\secondary\normalized\glioma\glioma_tumor_image(10).jpg
glioma,F:\brain tumor detection\data\raw\secondary\normalized\glioma\glioma_tumor_image(100).jpg
glioma,F:\brain tumor detection\data\raw\secondary\normalized\glioma\glioma_tumor_image(11).jpg
glioma,F:\brain tumor detection\data\raw\secondary\normalized\glioma\glioma_tumor_image(12).jpg
glioma,F:\brain tumor detection\data\raw\secondary\normalized\glioma\glioma_tumor_image(13).jpg
glioma,F:\brain tumor detection\data\raw\secondary\normalized\glioma\glioma_tumor_image(14).jpg
glioma,F:\brain tumor detection\data\raw\secondary\normalized\glioma\glioma_tumor_image(15).jpg
glioma,F:\brain tumor detection\data\raw\secondary\normalized\glioma\glioma_tumor_image(16).jpg
glioma,F:\brain tumor detection\data\raw\secondary\normalized\glioma\glioma_tumor_image(17).jpg
glioma,F:\brain tumor detection\data\raw\secondary\normalized\glioma\glioma_tumor_image(18).jpg
glioma,F:\brain tumor detection\data\raw\secondary\normalized\glioma\glioma_tumor_image(19).jpg
glioma,F:\brain tumor detection\data\raw\secondary\normalized\glioma\glioma_tumor_image(2).jpg
glioma,F:\brain tumor detection\data\raw\secondary\normalized\glioma\glioma_tumor_image(20).jpg
glioma,F:\brain tumor detection\data\raw\secondary\normalized\glioma\glioma_tumor_image(21).jpg
glioma,F:\brain tumor detection\data\raw\secondary\normalized\glioma\glioma_tumor_image(22).jpg
glioma,F:\brain tumor detection\data\raw\secondary\normalized\glioma\glioma_tumor_image(23).jpg
glioma,F:\brain tumor detection\data\raw\secondary\normalized\glioma\glioma_tumor_image(24).jpg
glioma,F:\brain tumor detection\data\raw\secondary\normalized\glioma\glioma_tumor_image(25).jpg
glioma,F:\brain tumor detection\data\raw\secondary\normalized\glioma\glioma_tumor_image(26).jpg
glioma,F:\brain tumor detection\data\raw\secondary\normalized\glioma\glioma_tumor_image(27).jpg
glioma,F:\brain tumor detection\data\raw\secondary\normalized\glioma\glioma_tumor_image(28).jpg
glioma,F:\brain tumor detection\data\raw\secondary\normalized\glioma\glioma_tumor_image(29).jpg
glioma,F:\brain tumor detection\data\raw\secondary\normalized\glioma\glioma_tumor_image(3).jpg
glioma,F:\brain tumor detection\data\raw\secondary\normalized\glioma\glioma_tumor_image(30).jpg
glioma,F:\brain tumor detection\data\raw\secondary\normalized\glioma\glioma_tumor_image(31).jpg
glioma,F:\brain tumor detection\data\raw\secondary\normalized\glioma\glioma_tumor_image(32).jpg
glioma,F:\brain tumor detection\data\raw\secondary\normalized\glioma\glioma_tumor_image(33).jpg
glioma,F:\brain tumor detection\data\raw\secondary\normalized\glioma\glioma_tumor_image(34).jpg
glioma,F:\brain tumor detection\data\raw\secondary\normalized\glioma\glioma_tumor_image(35).jpg
glioma,F:\brain tumor detection\data\raw\secondary\normalized\glioma\glioma_tumor_image(36).jpg
glioma,F:\brain tumor detection\data\raw\secondary\normalized\glioma\glioma_tumor_image(37).jpg
glioma,F:\brain tumor detection\data\raw\secondary\normalized\glioma\glioma_tumor_image(38).jpg
glioma,F:\brain tumor detection\data\raw\secondary\normalized\glioma\glioma_tumor_image(39).jpg
glioma,F:\brain tumor detection\data\raw\secondary\normalized\glioma\glioma_tumor_image(4).jpg
glioma,F:\brain tumor detection\data\raw\secondary\normalized\glioma\glioma_tumor_image(40).jpg
glioma,F:\brain tumor detection\data\raw\secondary\normalized\glioma\glioma_tumor_image(41).jpg
glioma,F:\brain tumor detection\data\raw\secondary\normalized\glioma\glioma_tumor_image(42).jpg
glioma,F:\brain tumor detection\data\raw\secondary\normalized\glioma\glioma_tumor_image(43).jpg
glioma,F:\brain tumor detection\data\raw\secondary\normalized\glioma\glioma_tumor_image(44).jpg
glioma,F:\brain tumor detection\data\raw\secondary\normalized\glioma\glioma_tumor_image(45).jpg
glioma,F:\brain tumor detection\data\raw\secondary\normalized\glioma\glioma_tumor_image(46).jpg
glioma,F:\brain tumor detection\data\raw\secondary\normalized\glioma\glioma_tumor_image(47).jpg
glioma,F:\brain tumor detection\data\raw\secondary\normalized\glioma\glioma_tumor_image(48).jpg
glioma,F:\brain tumor detection\data\raw\secondary\normalized\glioma\glioma_tumor_image(49).jpg
glioma,F:\brain tumor detection\data\raw\secondary\normalized\glioma\glioma_tumor_image(5).jpg
glioma,F:\brain tumor detection\data\raw\secondary\normalized\glioma\glioma_tumor_image(50).jpg
glioma,F:\brain tumor detection\data\raw\secondary\normalized\glioma\glioma_tumor_image(51).jpg
glioma,F:\brain tumor detection\data\raw\secondary\normalized\glioma\glioma_tumor_image(52).jpg
glioma,F:\brain tumor detection\data\raw\secondary\normalized\glioma\glioma_tumor_image(53).jpg
glioma,F:\brain tumor detection\data\raw\secondary\normalized\glioma\glioma_tumor_image(54).jpg
glioma,F:\brain tumor detection\data\raw\secondary\normalized\glioma\glioma_tumor_image(55).jpg
glioma,F:\brain tumor detection\data\raw\secondary\normalized\glioma\glioma_tumor_image(56).jpg
glioma,F:\brain tumor detection\data\raw\secondary\normalized\glioma\glioma_tumor_image(57).jpg
glioma,F:\brain tumor detection\data\raw\secondary\normalized\glioma\glioma_tumor_image(58).jpg
glioma,F:\brain tumor detection\data\raw\secondary\normalized\glioma\glioma_tumor_image(59).jpg
glioma,F:\brain tumor detection\data\raw\secondary\normalized\glioma\glioma_tumor_image(6).jpg
glioma,F:\brain tumor detection\data\raw\secondary\normalized\glioma\glioma_tumor_image(60).jpg
glioma,F:\brain tumor detection\data\raw\secondary\normalized\glioma\glioma_tumor_image(61).jpg
glioma,F:\brain tumor detection\data\raw\secondary\normalized\glioma\glioma_tumor_image(62).jpg
glioma,F:\brain tumor detection\data\raw\secondary\normalized\glioma\glioma_tumor_image(63).jpg
glioma,F:\brain tumor detection\data\raw\secondary\normalized\glioma\glioma_tumor_image(64).jpg
glioma,F:\brain tumor detection\data\raw\secondary\normalized\glioma\glioma_tumor_image(65).jpg
glioma,F:\brain tumor detection\data\raw\secondary\normalized\glioma\glioma_tumor_image(66).jpg
glioma,F:\brain tumor detection\data\raw\secondary\normalized\glioma\glioma_tumor_image(67).jpg
glioma,F:\brain tumor detection\data\raw\secondary\normalized\glioma\glioma_tumor_image(68).jpg
glioma,F:\brain tumor detection\data\raw\secondary\normalized\glioma\glioma_tumor_image(69).jpg
glioma,F:\brain tumor detection\data\raw\secondary\normalized\glioma\glioma_tumor_image(7).jpg
glioma,F:\brain tumor detection\data\raw\secondary\normalized\glioma\glioma_tumor_image(70).jpg
glioma,F:\brain tumor detection\data\raw\secondary\normalized\glioma\glioma_tumor_image(71).jpg
glioma,F:\brain tumor detection\data\raw\secondary\normalized\glioma\glioma_tumor_image(72).jpg
glioma,F:\brain tumor detection\data\raw\secondary\normalized\glioma\glioma_tumor_image(73).jpg
glioma,F:\brain tumor detection\data\raw\secondary\normalized\glioma\glioma_tumor_image(74).jpg
glioma,F:\brain tumor detection\data\raw\secondary\normalized\glioma\glioma_tumor_image(75).jpg
glioma,F:\brain tumor detection\data\raw\secondary\normalized\glioma\glioma_tumor_image(76).jpg
glioma,F:\brain tumor detection\data\raw\secondary\normalized\glioma\glioma_tumor_image(77).jpg
glioma,F:\brain tumor detection\data\raw\secondary\normalized\glioma\glioma_tumor_image(78).jpg
glioma,F:\brain tumor detection\data\raw\secondary\normalized\glioma\glioma_tumor_image(79).jpg
glioma,F:\brain tumor detection\data\raw\secondary\normalized\glioma\glioma_tumor_image(8).jpg
glioma,F:\brain tumor detection\data\raw\secondary\normalized\glioma\glioma_tumor_image(80).jpg
glioma,F:\brain tumor detection\data\raw\secondary\normalized\glioma\glioma_tumor_image(81).jpg
glioma,F:\brain tumor detection\data\raw\secondary\normalized\glioma\glioma_tumor_image(82).jpg
glioma,F:\brain tumor detection\data\raw\secondary\normalized\glioma\glioma_tumor_image(83).jpg
glioma,F:\brain tumor detection\data\raw\secondary\normalized\glioma\glioma_tumor_image(84).jpg
glioma,F:\brain tumor detection\data\raw\secondary\normalized\glioma\glioma_tumor_image(85).jpg
glioma,F:\brain tumor detection\data\raw\secondary\normalized\glioma\glioma_tumor_image(86).jpg
glioma,F:\brain tumor detection\data\raw\secondary\normalized\glioma\glioma_tumor_image(87).jpg
glioma,F:\brain tumor detection\data\raw\secondary\normalized\glioma\glioma_tumor_image(88).jpg
glioma,F:\brain tumor detection\data\raw\secondary\normalized\glioma\glioma_tumor_image(89).jpg
glioma,F:\brain tumor detection\data\raw\secondary\normalized\glioma\glioma_tumor_image(9).jpg
glioma,F:\brain tumor detection\data\raw\secondary\normalized\glioma\glioma_tumor_image(90).jpg
glioma,F:\brain tumor detection\data\raw\secondary\normalized\glioma\glioma_tumor_image(91).jpg
glioma,F:\brain tumor detection\data\raw\secondary\normalized\glioma\glioma_tumor_image(92).jpg
glioma,F:\brain tumor detection\data\raw\secondary\normalized\glioma\glioma_tumor_image(93).jpg
glioma,F:\brain tumor detection\data\raw\secondary\normalized\glioma\glioma_tumor_image(94).jpg
glioma,F:\brain tumor detection\data\raw\secondary\normalized\glioma\glioma_tumor_image(95).jpg
glioma,F:\brain tumor detection\data\raw\secondary\normalized\glioma\glioma_tumor_image(97).jpg
glioma,F:\brain tumor detection\data\raw\secondary\normalized\glioma\glioma_tumor_image(98).jpg
glioma,F:\brain tumor detection\data\raw\secondary\normalized\glioma\glioma_tumor_image(99).jpg
glioma,F:\brain tumor detection\data\raw\secondary\normalized\glioma\glioma_tumor_image.jpg
meningioma,F:\brain tumor detection\data\raw\secondary\normalized\meningioma\meningioma_tumor_image(1).jpg
meningioma,F:\brain tumor detection\data\raw\secondary\normalized\meningioma\meningioma_tumor_image(10).jpg
meningioma,F:\brain tumor detection\data\raw\secondary\normalized\meningioma\meningioma_tumor_image(100).jpg
meningioma,F:\brain tumor detection\data\raw\secondary\normalized\meningioma\meningioma_tumor_image(102).jpg
meningioma,F:\brain tumor detection\data\raw\secondary\normalized\meningioma\meningioma_tumor_image(106).jpg
meningioma,F:\brain tumor detection\data\raw\secondary\normalized\meningioma\meningioma_tumor_image(107).jpg
meningioma,F:\brain tumor detection\data\raw\secondary\normalized\meningioma\meningioma_tumor_image(109).jpg
meningioma,F:\brain tumor detection\data\raw\secondary\normalized\meningioma\meningioma_tumor_image(11).jpg
meningioma,F:\brain tumor detection\data\raw\secondary\normalized\meningioma\meningioma_tumor_image(112).jpg
meningioma,F:\brain tumor detection\data\raw\secondary\normalized\meningioma\meningioma_tumor_image(113).jpg
meningioma,F:\brain tumor detection\data\raw\secondary\normalized\meningioma\meningioma_tumor_image(118).jpg
meningioma,F:\brain tumor detection\data\raw\secondary\normalized\meningioma\meningioma_tumor_image(12).jpg
meningioma,F:\brain tumor detection\data\raw\secondary\normalized\meningioma\meningioma_tumor_image(120).jpg
meningioma,F:\brain tumor detection\data\raw\secondary\normalized\meningioma\meningioma_tumor_image(121).jpg
meningioma,F:\brain tumor detection\data\raw\secondary\normalized\meningioma\meningioma_tumor_image(123).jpg
meningioma,F:\brain tumor detection\data\raw\secondary\normalized\meningioma\meningioma_tumor_image(124).jpg
meningioma,F:\brain tumor detection\data\raw\secondary\normalized\meningioma\meningioma_tumor_image(125).jpg
meningioma,F:\brain tumor detection\data\raw\secondary\normalized\meningioma\meningioma_tumor_image(126).jpg
meningioma,F:\brain tumor detection\data\raw\secondary\normalized\meningioma\meningioma_tumor_image(127).jpg
meningioma,F:\brain tumor detection\data\raw\secondary\normalized\meningioma\meningioma_tumor_image(13).jpg
meningioma,F:\brain tumor detection\data\raw\secondary\normalized\meningioma\meningioma_tumor_image(14).jpg
meningioma,F:\brain tumor detection\data\raw\secondary\normalized\meningioma\meningioma_tumor_image(15).jpg
meningioma,F:\brain tumor detection\data\raw\secondary\normalized\meningioma\meningioma_tumor_image(16).jpg
meningioma,F:\brain tumor detection\data\raw\secondary\normalized\meningioma\meningioma_tumor_image(17).jpg
meningioma,F:\brain tumor detection\data\raw\secondary\normalized\meningioma\meningioma_tumor_image(18).jpg
meningioma,F:\brain tumor detection\data\raw\secondary\normalized\meningioma\meningioma_tumor_image(19).jpg
meningioma,F:\brain tumor detection\data\raw\secondary\normalized\meningioma\meningioma_tumor_image(2).jpg
meningioma,F:\brain tumor detection\data\raw\secondary\normalized\meningioma\meningioma_tumor_image(20).jpg
meningioma,F:\brain tumor detection\data\raw\secondary\normalized\meningioma\meningioma_tumor_image(21).jpg
meningioma,F:\brain tumor detection\data\raw\secondary\normalized\meningioma\meningioma_tumor_image(22).jpg
meningioma,F:\brain tumor detection\data\raw\secondary\normalized\meningioma\meningioma_tumor_image(23).jpg
meningioma,F:\brain tumor detection\data\raw\secondary\normalized\meningioma\meningioma_tumor_image(24).jpg
meningioma,F:\brain tumor detection\data\raw\secondary\normalized\meningioma\meningioma_tumor_image(25).jpg
meningioma,F:\brain tumor detection\data\raw\secondary\normalized\meningioma\meningioma_tumor_image(26).jpg
meningioma,F:\brain tumor detection\data\raw\secondary\normalized\meningioma\meningioma_tumor_image(27).jpg
meningioma,F:\brain tumor detection\data\raw\secondary\normalized\meningioma\meningioma_tumor_image(28).jpg
meningioma,F:\brain tumor detection\data\raw\secondary\normalized\meningioma\meningioma_tumor_image(29).jpg
meningioma,F:\brain tumor detection\data\raw\secondary\normalized\meningioma\meningioma_tumor_image(3).jpg
meningioma,F:\brain tumor detection\data\raw\secondary\normalized\meningioma\meningioma_tumor_image(30).jpg
meningioma,F:\brain tumor detection\data\raw\secondary\normalized\meningioma\meningioma_tumor_image(31).jpg
meningioma,F:\brain tumor detection\data\raw\secondary\normalized\meningioma\meningioma_tumor_image(32).jpg
meningioma,F:\brain tumor detection\data\raw\secondary\normalized\meningioma\meningioma_tumor_image(33).jpg
meningioma,F:\brain tumor detection\data\raw\secondary\normalized\meningioma\meningioma_tumor_image(34).jpg
meningioma,F:\brain tumor detection\data\raw\secondary\normalized\meningioma\meningioma_tumor_image(35).jpg
meningioma,F:\brain tumor detection\data\raw\secondary\normalized\meningioma\meningioma_tumor_image(36).jpg
meningioma,F:\brain tumor detection\data\raw\secondary\normalized\meningioma\meningioma_tumor_image(37).jpg
meningioma,F:\brain tumor detection\data\raw\secondary\normalized\meningioma\meningioma_tumor_image(38).jpg
meningioma,F:\brain tumor detection\data\raw\secondary\normalized\meningioma\meningioma_tumor_image(39).jpg
meningioma,F:\brain tumor detection\data\raw\secondary\normalized\meningioma\meningioma_tumor_image(4).jpg
meningioma,F:\brain tumor detection\data\raw\secondary\normalized\meningioma\meningioma_tumor_image(40).jpg
meningioma,F:\brain tumor detection\data\raw\secondary\normalized\meningioma\meningioma_tumor_image(41).jpg
meningioma,F:\brain tumor detection\data\raw\secondary\normalized\meningioma\meningioma_tumor_image(42).jpg
meningioma,F:\brain tumor detection\data\raw\secondary\normalized\meningioma\meningioma_tumor_image(43).jpg
meningioma,F:\brain tumor detection\data\raw\secondary\normalized\meningioma\meningioma_tumor_image(44).jpg
meningioma,F:\brain tumor detection\data\raw\secondary\normalized\meningioma\meningioma_tumor_image(45).jpg
meningioma,F:\brain tumor detection\data\raw\secondary\normalized\meningioma\meningioma_tumor_image(46).jpg
meningioma,F:\brain tumor detection\data\raw\secondary\normalized\meningioma\meningioma_tumor_image(47).jpg
meningioma,F:\brain tumor detection\data\raw\secondary\normalized\meningioma\meningioma_tumor_image(48).jpg
meningioma,F:\brain tumor detection\data\raw\secondary\normalized\meningioma\meningioma_tumor_image(49).jpg
meningioma,F:\brain tumor detection\data\raw\secondary\normalized\meningioma\meningioma_tumor_image(5).jpg
meningioma,F:\brain tumor detection\data\raw\secondary\normalized\meningioma\meningioma_tumor_image(50).jpg
meningioma,F:\brain tumor detection\data\raw\secondary\normalized\meningioma\meningioma_tumor_image(51).jpg
meningioma,F:\brain tumor detection\data\raw\secondary\normalized\meningioma\meningioma_tumor_image(52).jpg
meningioma,F:\brain tumor detection\data\raw\secondary\normalized\meningioma\meningioma_tumor_image(53).jpg
meningioma,F:\brain tumor detection\data\raw\secondary\normalized\meningioma\meningioma_tumor_image(54).jpg
meningioma,F:\brain tumor detection\data\raw\secondary\normalized\meningioma\meningioma_tumor_image(55).jpg
meningioma,F:\brain tumor detection\data\raw\secondary\normalized\meningioma\meningioma_tumor_image(56).jpg
meningioma,F:\brain tumor detection\data\raw\secondary\normalized\meningioma\meningioma_tumor_image(57).jpg
meningioma,F:\brain tumor detection\data\raw\secondary\normalized\meningioma\meningioma_tumor_image(58).jpg
meningioma,F:\brain tumor detection\data\raw\secondary\normalized\meningioma\meningioma_tumor_image(59).jpg
meningioma,F:\brain tumor detection\data\raw\secondary\normalized\meningioma\meningioma_tumor_image(6).jpg
meningioma,F:\brain tumor detection\data\raw\secondary\normalized\meningioma\meningioma_tumor_image(60).jpg
meningioma,F:\brain tumor detection\data\raw\secondary\normalized\meningioma\meningioma_tumor_image(61).jpg
meningioma,F:\brain tumor detection\data\raw\secondary\normalized\meningioma\meningioma_tumor_image(62).jpg
meningioma,F:\brain tumor detection\data\raw\secondary\normalized\meningioma\meningioma_tumor_image(63).jpg
meningioma,F:\brain tumor detection\data\raw\secondary\normalized\meningioma\meningioma_tumor_image(64).jpg
meningioma,F:\brain tumor detection\data\raw\secondary\normalized\meningioma\meningioma_tumor_image(65).jpg
meningioma,F:\brain tumor detection\data\raw\secondary\normalized\meningioma\meningioma_tumor_image(66).jpg
meningioma,F:\brain tumor detection\data\raw\secondary\normalized\meningioma\meningioma_tumor_image(67).jpg
meningioma,F:\brain tumor detection\data\raw\secondary\normalized\meningioma\meningioma_tumor_image(68).jpg
meningioma,F:\brain tumor detection\data\raw\secondary\normalized\meningioma\meningioma_tumor_image(69).jpg
meningioma,F:\brain tumor detection\data\raw\secondary\normalized\meningioma\meningioma_tumor_image(7).jpg
meningioma,F:\brain tumor detection\data\raw\secondary\normalized\meningioma\meningioma_tumor_image(70).jpg
meningioma,F:\brain tumor detection\data\raw\secondary\normalized\meningioma\meningioma_tumor_image(71).jpg
meningioma,F:\brain tumor detection\data\raw\secondary\normalized\meningioma\meningioma_tumor_image(72).jpg
meningioma,F:\brain tumor detection\data\raw\secondary\normalized\meningioma\meningioma_tumor_image(73).jpg
meningioma,F:\brain tumor detection\data\raw\secondary\normalized\meningioma\meningioma_tumor_image(74).jpg
meningioma,F:\brain tumor detection\data\raw\secondary\normalized\meningioma\meningioma_tumor_image(75).jpg
meningioma,F:\brain tumor detection\data\raw\secondary\normalized\meningioma\meningioma_tumor_image(76).jpg
meningioma,F:\brain tumor detection\data\raw\secondary\normalized\meningioma\meningioma_tumor_image(77).jpg
meningioma,F:\brain tumor detection\data\raw\secondary\normalized\meningioma\meningioma_tumor_image(78).jpg
meningioma,F:\brain tumor detection\data\raw\secondary\normalized\meningioma\meningioma_tumor_image(79).jpg
meningioma,F:\brain tumor detection\data\raw\secondary\normalized\meningioma\meningioma_tumor_image(8).jpg
meningioma,F:\brain tumor detection\data\raw\secondary\normalized\meningioma\meningioma_tumor_image(80).jpg
meningioma,F:\brain tumor detection\data\raw\secondary\normalized\meningioma\meningioma_tumor_image(81).jpg
meningioma,F:\brain tumor detection\data\raw\secondary\normalized\meningioma\meningioma_tumor_image(82).jpg
meningioma,F:\brain tumor detection\data\raw\secondary\normalized\meningioma\meningioma_tumor_image(83).jpg
meningioma,F:\brain tumor detection\data\raw\secondary\normalized\meningioma\meningioma_tumor_image(84).jpg
meningioma,F:\brain tumor detection\data\raw\secondary\normalized\meningioma\meningioma_tumor_image(85).jpg
meningioma,F:\brain tumor detection\data\raw\secondary\normalized\meningioma\meningioma_tumor_image(86).jpg
meningioma,F:\brain tumor detection\data\raw\secondary\normalized\meningioma\meningioma_tumor_image(87).jpg
meningioma,F:\brain tumor detection\data\raw\secondary\normalized\meningioma\meningioma_tumor_image(88).jpg
meningioma,F:\brain tumor detection\data\raw\secondary\normalized\meningioma\meningioma_tumor_image(89).jpg
meningioma,F:\brain tumor detection\data\raw\secondary\normalized\meningioma\meningioma_tumor_image(9).jpg
meningioma,F:\brain tumor detection\data\raw\secondary\normalized\meningioma\meningioma_tumor_image(90).jpg
meningioma,F:\brain tumor detection\data\raw\secondary\normalized\meningioma\meningioma_tumor_image(91).jpg
meningioma,F:\brain tumor detection\data\raw\secondary\normalized\meningioma\meningioma_tumor_image(92).jpg
meningioma,F:\brain tumor detection\data\raw\secondary\normalized\meningioma\meningioma_tumor_image(93).jpg
meningioma,F:\brain tumor detection\data\raw\secondary\normalized\meningioma\meningioma_tumor_image(94).jpg
meningioma,F:\brain tumor detection\data\raw\secondary\normalized\meningioma\meningioma_tumor_image(95).jpg
meningioma,F:\brain tumor detection\data\raw\secondary\normalized\meningioma\meningioma_tumor_image(96).jpg
meningioma,F:\brain tumor detection\data\raw\secondary\normalized\meningioma\meningioma_tumor_image(97).jpg
meningioma,F:\brain tumor detection\data\raw\secondary\normalized\meningioma\meningioma_tumor_image(98).jpg
meningioma,F:\brain tumor detection\data\raw\secondary\normalized\meningioma\meningioma_tumor_image(99).jpg
meningioma,F:\brain tumor detection\data\raw\secondary\normalized\meningioma\meningioma_tumor_image.jpg
notumor,F:\brain tumor detection\data\raw\secondary\normalized\notumor\no_tumor_image(1).jpg
notumor,F:\brain tumor detection\data\raw\secondary\normalized\notumor\no_tumor_image(10).jpg
notumor,F:\brain tumor detection\data\raw\secondary\normalized\notumor\no_tumor_image(100).jpg
notumor,F:\brain tumor detection\data\raw\secondary\normalized\notumor\no_tumor_image(101).jpg
notumor,F:\brain tumor detection\data\raw\secondary\normalized\notumor\no_tumor_image(102).jpg
notumor,F:\brain tumor detection\data\raw\secondary\normalized\notumor\no_tumor_image(103).jpg
notumor,F:\brain tumor detection\data\raw\secondary\normalized\notumor\no_tumor_image(104).jpg
notumor,F:\brain tumor detection\data\raw\secondary\normalized\notumor\no_tumor_image(11).jpg
notumor,F:\brain tumor detection\data\raw\secondary\normalized\notumor\no_tumor_image(12).jpg
notumor,F:\brain tumor detection\data\raw\secondary\normalized\notumor\no_tumor_image(13).jpg
notumor,F:\brain tumor detection\data\raw\secondary\normalized\notumor\no_tumor_image(14).jpg
notumor,F:\brain tumor detection\data\raw\secondary\normalized\notumor\no_tumor_image(15).jpg
notumor,F:\brain tumor detection\data\raw\secondary\normalized\notumor\no_tumor_image(16).jpg
notumor,F:\brain tumor detection\data\raw\secondary\normalized\notumor\no_tumor_image(17).jpg
notumor,F:\brain tumor detection\data\raw\secondary\normalized\notumor\no_tumor_image(18).jpg
notumor,F:\brain tumor detection\data\raw\secondary\normalized\notumor\no_tumor_image(19).jpg
notumor,F:\brain tumor detection\data\raw\secondary\normalized\notumor\no_tumor_image(2).jpg
notumor,F:\brain tumor detection\data\raw\secondary\normalized\notumor\no_tumor_image(20).jpg
notumor,F:\brain tumor detection\data\raw\secondary\normalized\notumor\no_tumor_image(21).jpg
notumor,F:\brain tumor detection\data\raw\secondary\normalized\notumor\no_tumor_image(22).jpg
notumor,F:\brain tumor detection\data\raw\secondary\normalized\notumor\no_tumor_image(23).jpg
notumor,F:\brain tumor detection\data\raw\secondary\normalized\notumor\no_tumor_image(24).jpg
notumor,F:\brain tumor detection\data\raw\secondary\normalized\notumor\no_tumor_image(25).jpg
notumor,F:\brain tumor detection\data\raw\secondary\normalized\notumor\no_tumor_image(26).jpg
notumor,F:\brain tumor detection\data\raw\secondary\normalized\notumor\no_tumor_image(27).jpg
notumor,F:\brain tumor detection\data\raw\secondary\normalized\notumor\no_tumor_image(28).jpg
notumor,F:\brain tumor detection\data\raw\secondary\normalized\notumor\no_tumor_image(29).jpg
notumor,F:\brain tumor detection\data\raw\secondary\normalized\notumor\no_tumor_image(3).jpg
notumor,F:\brain tumor detection\data\raw\secondary\normalized\notumor\no_tumor_image(30).jpg
notumor,F:\brain tumor detection\data\raw\secondary\normalized\notumor\no_tumor_image(31).jpg
notumor,F:\brain tumor detection\data\raw\secondary\normalized\notumor\no_tumor_image(32).jpg
notumor,F:\brain tumor detection\data\raw\secondary\normalized\notumor\no_tumor_image(33).jpg
notumor,F:\brain tumor detection\data\raw\secondary\normalized\notumor\no_tumor_image(34).jpg
notumor,F:\brain tumor detection\data\raw\secondary\normalized\notumor\no_tumor_image(35).jpg
notumor,F:\brain tumor detection\data\raw\secondary\normalized\notumor\no_tumor_image(36).jpg
notumor,F:\brain tumor detection\data\raw\secondary\normalized\notumor\no_tumor_image(37).jpg
notumor,F:\brain tumor detection\data\raw\secondary\normalized\notumor\no_tumor_image(38).jpg
notumor,F:\brain tumor detection\data\raw\secondary\normalized\notumor\no_tumor_image(39).jpg
notumor,F:\brain tumor detection\data\raw\secondary\normalized\notumor\no_tumor_image(4).jpg
notumor,F:\brain tumor detection\data\raw\secondary\normalized\notumor\no_tumor_image(40).jpg
notumor,F:\brain tumor detection\data\raw\secondary\normalized\notumor\no_tumor_image(41).jpg
notumor,F:\brain tumor detection\data\raw\secondary\normalized\notumor\no_tumor_image(42).jpg
notumor,F:\brain tumor detection\data\raw\secondary\normalized\notumor\no_tumor_image(43).jpg
notumor,F:\brain tumor detection\data\raw\secondary\normalized\notumor\no_tumor_image(44).jpg
notumor,F:\brain tumor detection\data\raw\secondary\normalized\notumor\no_tumor_image(45).jpg
notumor,F:\brain tumor detection\data\raw\secondary\normalized\notumor\no_tumor_image(46).jpg
notumor,F:\brain tumor detection\data\raw\secondary\normalized\notumor\no_tumor_image(47).jpg
notumor,F:\brain tumor detection\data\raw\secondary\normalized\notumor\no_tumor_image(48).jpg
notumor,F:\brain tumor detection\data\raw\secondary\normalized\notumor\no_tumor_image(49).jpg
notumor,F:\brain tumor detection\data\raw\secondary\normalized\notumor\no_tumor_image(5).jpg
notumor,F:\brain tumor detection\data\raw\secondary\normalized\notumor\no_tumor_image(50).jpg
notumor,F:\brain tumor detection\data\raw\secondary\normalized\notumor\no_tumor_image(51).jpg
notumor,F:\brain tumor detection\data\raw\secondary\normalized\notumor\no_tumor_image(52).jpg
notumor,F:\brain tumor detection\data\raw\secondary\normalized\notumor\no_tumor_image(53).jpg
notumor,F:\brain tumor detection\data\raw\secondary\normalized\notumor\no_tumor_image(54).jpg
notumor,F:\brain tumor detection\data\raw\secondary\normalized\notumor\no_tumor_image(55).jpg
notumor,F:\brain tumor detection\data\raw\secondary\normalized\notumor\no_tumor_image(56).jpg
notumor,F:\brain tumor detection\data\raw\secondary\normalized\notumor\no_tumor_image(57).jpg
notumor,F:\brain tumor detection\data\raw\secondary\normalized\notumor\no_tumor_image(58).jpg
notumor,F:\brain tumor detection\data\raw\secondary\normalized\notumor\no_tumor_image(59).jpg
notumor,F:\brain tumor detection\data\raw\secondary\normalized\notumor\no_tumor_image(6).jpg
notumor,F:\brain tumor detection\data\raw\secondary\normalized\notumor\no_tumor_image(60).jpg
notumor,F:\brain tumor detection\data\raw\secondary\normalized\notumor\no_tumor_image(61).jpg
notumor,F:\brain tumor detection\data\raw\secondary\normalized\notumor\no_tumor_image(62).jpg
notumor,F:\brain tumor detection\data\raw\secondary\normalized\notumor\no_tumor_image(63).jpg
notumor,F:\brain tumor detection\data\raw\secondary\normalized\notumor\no_tumor_image(64).jpg
notumor,F:\brain tumor detection\data\raw\secondary\normalized\notumor\no_tumor_image(65).jpg
notumor,F:\brain tumor detection\data\raw\secondary\normalized\notumor\no_tumor_image(66).jpg
notumor,F:\brain tumor detection\data\raw\secondary\normalized\notumor\no_tumor_image(67).jpg
notumor,F:\brain tumor detection\data\raw\secondary\normalized\notumor\no_tumor_image(68).jpg
notumor,F:\brain tumor detection\data\raw\secondary\normalized\notumor\no_tumor_image(69).jpg
notumor,F:\brain tumor detection\data\raw\secondary\normalized\notumor\no_tumor_image(7).jpg
notumor,F:\brain tumor detection\data\raw\secondary\normalized\notumor\no_tumor_image(70).jpg
notumor,F:\brain tumor detection\data\raw\secondary\normalized\notumor\no_tumor_image(71).jpg
notumor,F:\brain tumor detection\data\raw\secondary\normalized\notumor\no_tumor_image(72).jpg
notumor,F:\brain tumor detection\data\raw\secondary\normalized\notumor\no_tumor_image(73).jpg
notumor,F:\brain tumor detection\data\raw\secondary\normalized\notumor\no_tumor_image(74).jpg
notumor,F:\brain tumor detection\data\raw\secondary\normalized\notumor\no_tumor_image(75).jpg
notumor,F:\brain tumor detection\data\raw\secondary\normalized\notumor\no_tumor_image(76).jpg
notumor,F:\brain tumor detection\data\raw\secondary\normalized\notumor\no_tumor_image(77).jpg
notumor,F:\brain tumor detection\data\raw\secondary\normalized\notumor\no_tumor_image(78).jpg
notumor,F:\brain tumor detection\data\raw\secondary\normalized\notumor\no_tumor_image(79).jpg
notumor,F:\brain tumor detection\data\raw\secondary\normalized\notumor\no_tumor_image(8).jpg
notumor,F:\brain tumor detection\data\raw\secondary\normalized\notumor\no_tumor_image(80).jpg
notumor,F:\brain tumor detection\data\raw\secondary\normalized\notumor\no_tumor_image(81).jpg
notumor,F:\brain tumor detection\data\raw\secondary\normalized\notumor\no_tumor_image(82).jpg
notumor,F:\brain tumor detection\data\raw\secondary\normalized\notumor\no_tumor_image(83).jpg
notumor,F:\brain tumor detection\data\raw\secondary\normalized\notumor\no_tumor_image(84).jpg
notumor,F:\brain tumor detection\data\raw\secondary\normalized\notumor\no_tumor_image(85).jpg
notumor,F:\brain tumor detection\data\raw\secondary\normalized\notumor\no_tumor_image(86).jpg
notumor,F:\brain tumor detection\data\raw\secondary\normalized\notumor\no_tumor_image(87).jpg
notumor,F:\brain tumor detection\data\raw\secondary\normalized\notumor\no_tumor_image(88).jpg
notumor,F:\brain tumor detection\data\raw\secondary\normalized\notumor\no_tumor_image(89).jpg
notumor,F:\brain tumor detection\data\raw\secondary\normalized\notumor\no_tumor_image(9).jpg
notumor,F:\brain tumor detection\data\raw\secondary\normalized\notumor\no_tumor_image(90).jpg
notumor,F:\brain tumor detection\data\raw\secondary\normalized\notumor\no_tumor_image(91).jpg
notumor,F:\brain tumor detection\data\raw\secondary\normalized\notumor\no_tumor_image(92).jpg
notumor,F:\brain tumor detection\data\raw\secondary\normalized\notumor\no_tumor_image(93).jpg
notumor,F:\brain tumor detection\data\raw\secondary\normalized\notumor\no_tumor_image(94).jpg
notumor,F:\brain tumor detection\data\raw\secondary\normalized\notumor\no_tumor_image(95).jpg
notumor,F:\brain tumor detection\data\raw\secondary\normalized\notumor\no_tumor_image(96).jpg
notumor,F:\brain tumor detection\data\raw\secondary\normalized\notumor\no_tumor_image(97).jpg
notumor,F:\brain tumor detection\data\raw\secondary\normalized\notumor\no_tumor_image(98).jpg
notumor,F:\brain tumor detection\data\raw\secondary\normalized\notumor\no_tumor_image(99).jpg
notumor,F:\brain tumor detection\data\raw\secondary\normalized\notumor\no_tumor_image.jpg
pituitary,F:\brain tumor detection\data\raw\secondary\normalized\pituitary\pituitary_tumor_image(1).jpg
pituitary,F:\brain tumor detection\data\raw\secondary\normalized\pituitary\pituitary_tumor_image(10).jpg
pituitary,F:\brain tumor detection\data\raw\secondary\normalized\pituitary\pituitary_tumor_image(11).jpg
pituitary,F:\brain tumor detection\data\raw\secondary\normalized\pituitary\pituitary_tumor_image(13).jpg
pituitary,F:\brain tumor detection\data\raw\secondary\normalized\pituitary\pituitary_tumor_image(15).jpg
pituitary,F:\brain tumor detection\data\raw\secondary\normalized\pituitary\pituitary_tumor_image(18).jpg
pituitary,F:\brain tumor detection\data\raw\secondary\normalized\pituitary\pituitary_tumor_image(19).jpg
pituitary,F:\brain tumor detection\data\raw\secondary\normalized\pituitary\pituitary_tumor_image(2).jpg
pituitary,F:\brain tumor detection\data\raw\secondary\normalized\pituitary\pituitary_tumor_image(20).jpg
pituitary,F:\brain tumor detection\data\raw\secondary\normalized\pituitary\pituitary_tumor_image(21).jpg
pituitary,F:\brain tumor detection\data\raw\secondary\normalized\pituitary\pituitary_tumor_image(22).jpg
pituitary,F:\brain tumor detection\data\raw\secondary\normalized\pituitary\pituitary_tumor_image(23).jpg
pituitary,F:\brain tumor detection\data\raw\secondary\normalized\pituitary\pituitary_tumor_image(27).jpg
pituitary,F:\brain tumor detection\data\raw\secondary\normalized\pituitary\pituitary_tumor_image(28).jpg
pituitary,F:\brain tumor detection\data\raw\secondary\normalized\pituitary\pituitary_tumor_image(3).jpg
pituitary,F:\brain tumor detection\data\raw\secondary\normalized\pituitary\pituitary_tumor_image(30).jpg
pituitary,F:\brain tumor detection\data\raw\secondary\normalized\pituitary\pituitary_tumor_image(31).jpg
pituitary,F:\brain tumor detection\data\raw\secondary\normalized\pituitary\pituitary_tumor_image(34).jpg
pituitary,F:\brain tumor detection\data\raw\secondary\normalized\pituitary\pituitary_tumor_image(35).jpg
pituitary,F:\brain tumor detection\data\raw\secondary\normalized\pituitary\pituitary_tumor_image(36).jpg
pituitary,F:\brain tumor detection\data\raw\secondary\normalized\pituitary\pituitary_tumor_image(37).jpg
pituitary,F:\brain tumor detection\data\raw\secondary\normalized\pituitary\pituitary_tumor_image(38).jpg
pituitary,F:\brain tumor detection\data\raw\secondary\normalized\pituitary\pituitary_tumor_image(41).jpg
pituitary,F:\brain tumor detection\data\raw\secondary\normalized\pituitary\pituitary_tumor_image(42).jpg
pituitary,F:\brain tumor detection\data\raw\secondary\normalized\pituitary\pituitary_tumor_image(43).jpg
pituitary,F:\brain tumor detection\data\raw\secondary\normalized\pituitary\pituitary_tumor_image(44).jpg
pituitary,F:\brain tumor detection\data\raw\secondary\normalized\pituitary\pituitary_tumor_image(45).jpg
pituitary,F:\brain tumor detection\data\raw\secondary\normalized\pituitary\pituitary_tumor_image(46).jpg
pituitary,F:\brain tumor detection\data\raw\secondary\normalized\pituitary\pituitary_tumor_image(47).jpg
pituitary,F:\brain tumor detection\data\raw\secondary\normalized\pituitary\pituitary_tumor_image(48).jpg
pituitary,F:\brain tumor detection\data\raw\secondary\normalized\pituitary\pituitary_tumor_image(49).jpg
pituitary,F:\brain tumor detection\data\raw\secondary\normalized\pituitary\pituitary_tumor_image(5).jpg
pituitary,F:\brain tumor detection\data\raw\secondary\normalized\pituitary\pituitary_tumor_image(51).jpg
pituitary,F:\brain tumor detection\data\raw\secondary\normalized\pituitary\pituitary_tumor_image(52).jpg
pituitary,F:\brain tumor detection\data\raw\secondary\normalized\pituitary\pituitary_tumor_image(53).jpg
pituitary,F:\brain tumor detection\data\raw\secondary\normalized\pituitary\pituitary_tumor_image(54).jpg
pituitary,F:\brain tumor detection\data\raw\secondary\normalized\pituitary\pituitary_tumor_image(55).jpg
pituitary,F:\brain tumor detection\data\raw\secondary\normalized\pituitary\pituitary_tumor_image(56).jpg
pituitary,F:\brain tumor detection\data\raw\secondary\normalized\pituitary\pituitary_tumor_image(57).jpg
pituitary,F:\brain tumor detection\data\raw\secondary\normalized\pituitary\pituitary_tumor_image(6).jpg
pituitary,F:\brain tumor detection\data\raw\secondary\normalized\pituitary\pituitary_tumor_image(60).jpg
pituitary,F:\brain tumor detection\data\raw\secondary\normalized\pituitary\pituitary_tumor_image(61).jpg
pituitary,F:\brain tumor detection\data\raw\secondary\normalized\pituitary\pituitary_tumor_image(63).jpg
pituitary,F:\brain tumor detection\data\raw\secondary\normalized\pituitary\pituitary_tumor_image(64).jpg
pituitary,F:\brain tumor detection\data\raw\secondary\normalized\pituitary\pituitary_tumor_image(65).jpg
pituitary,F:\brain tumor detection\data\raw\secondary\normalized\pituitary\pituitary_tumor_image(66).jpg
pituitary,F:\brain tumor detection\data\raw\secondary\normalized\pituitary\pituitary_tumor_image(67).jpg
pituitary,F:\brain tumor detection\data\raw\secondary\normalized\pituitary\pituitary_tumor_image(68).jpg
pituitary,F:\brain tumor detection\data\raw\secondary\normalized\pituitary\pituitary_tumor_image(69).jpg
pituitary,F:\brain tumor detection\data\raw\secondary\normalized\pituitary\pituitary_tumor_image(7).jpg
pituitary,F:\brain tumor detection\data\raw\secondary\normalized\pituitary\pituitary_tumor_image(70).jpg
pituitary,F:\brain tumor detection\data\raw\secondary\normalized\pituitary\pituitary_tumor_image(73).jpg
pituitary,F:\brain tumor detection\data\raw\secondary\normalized\pituitary\pituitary_tumor_image(76).jpg
pituitary,F:\brain tumor detection\data\raw\secondary\normalized\pituitary\pituitary_tumor_image(77).jpg
pituitary,F:\brain tumor detection\data\raw\secondary\normalized\pituitary\pituitary_tumor_image(78).jpg
pituitary,F:\brain tumor detection\data\raw\secondary\normalized\pituitary\pituitary_tumor_image(79).jpg
pituitary,F:\brain tumor detection\data\raw\secondary\normalized\pituitary\pituitary_tumor_image(8).jpg
pituitary,F:\brain tumor detection\data\raw\secondary\normalized\pituitary\pituitary_tumor_image(81).jpg
pituitary,F:\brain tumor detection\data\raw\secondary\normalized\pituitary\pituitary_tumor_image(82).jpg
pituitary,F:\brain tumor detection\data\raw\secondary\normalized\pituitary\pituitary_tumor_image(85).jpg
pituitary,F:\brain tumor detection\data\raw\secondary\normalized\pituitary\pituitary_tumor_image(86).jpg
pituitary,F:\brain tumor detection\data\raw\secondary\normalized\pituitary\pituitary_tumor_image(87).jpg
pituitary,F:\brain tumor detection\data\raw\secondary\normalized\pituitary\pituitary_tumor_image(88).jpg
pituitary,F:\brain tumor detection\data\raw\secondary\normalized\pituitary\pituitary_tumor_image(89).jpg
pituitary,F:\brain tumor detection\data\raw\secondary\normalized\pituitary\pituitary_tumor_image(90).jpg
pituitary,F:\brain tumor detection\data\raw\secondary\normalized\pituitary\pituitary_tumor_image(91).jpg
pituitary,F:\brain tumor detection\data\raw\secondary\normalized\pituitary\pituitary_tumor_image(92).jpg
pituitary,F:\brain tumor detection\data\raw\secondary\normalized\pituitary\pituitary_tumor_image(93).jpg
pituitary,F:\brain tumor detection\data\raw\secondary\normalized\pituitary\pituitary_tumor_image(94).jpg
pituitary,F:\brain tumor detection\data\raw\secondary\normalized\pituitary\pituitary_tumor_image(95).jpg
pituitary,F:\brain tumor detection\data\raw\secondary\normalized\pituitary\pituitary_tumor_image(96).jpg
pituitary,F:\brain tumor detection\data\raw\secondary\normalized\pituitary\pituitary_tumor_image(97).jpg
pituitary,F:\brain tumor detection\data\raw\secondary\normalized\pituitary\pituitary_tumor_image(98).jpg
pituitary,F:\brain tumor detection\data\raw\secondary\normalized\pituitary\pituitary_tumor_image.jpg
glioma,F:\brain tumor detection\data\raw\secondary\normalized\glioma\glioma_tumor_gg (1).jpg
glioma,F:\brain tumor detection\data\raw\secondary\normalized\glioma\glioma_tumor_gg (10).jpg
glioma,F:\brain tumor detection\data\raw\secondary\normalized\glioma\glioma_tumor_gg (100).jpg
glioma,F:\brain tumor detection\data\raw\secondary\normalized\glioma\glioma_tumor_gg (101).jpg
glioma,F:\brain tumor detection\data\raw\secondary\normalized\glioma\glioma_tumor_gg (102).jpg
glioma,F:\brain tumor detection\data\raw\secondary\normalized\glioma\glioma_tumor_gg (103).jpg
glioma,F:\brain tumor detection\data\raw\secondary\normalized\glioma\glioma_tumor_gg (104).jpg
glioma,F:\brain tumor detection\data\raw\secondary\normalized\glioma\glioma_tumor_gg (105).jpg
glioma,F:\brain tumor detection\data\raw\secondary\normalized\glioma\glioma_tumor_gg (106).jpg
glioma,F:\brain tumor detection\data\raw\secondary\normalized\glioma\glioma_tumor_gg (107).jpg
glioma,F:\brain tumor detection\data\raw\secondary\normalized\glioma\glioma_tumor_gg (108).jpg
glioma,F:\brain tumor detection\data\raw\secondary\normalized\glioma\glioma_tumor_gg (109).jpg
glioma,F:\brain tumor detection\data\raw\secondary\normalized\glioma\glioma_tumor_gg (11).jpg
glioma,F:\brain tumor detection\data\raw\secondary\normalized\glioma\glioma_tumor_gg (110).jpg
glioma,F:\brain tumor detection\data\raw\secondary\normalized\glioma\glioma_tumor_gg (111).jpg
glioma,F:\brain tumor detection\data\raw\secondary\normalized\glioma\glioma_tumor_gg (112).jpg
glioma,F:\brain tumor detection\data\raw\secondary\normalized\glioma\glioma_tumor_gg (113).jpg
glioma,F:\brain tumor detection\data\raw\secondary\normalized\glioma\glioma_tumor_gg (114).jpg
glioma,F:\brain tumor detection\data\raw\secondary\normalized\glioma\glioma_tumor_gg (115).jpg
glioma,F:\brain tumor detection\data\raw\secondary\normalized\glioma\glioma_tumor_gg (116).jpg
glioma,F:\brain tumor detection\data\raw\secondary\normalized\glioma\glioma_tumor_gg (117).jpg
glioma,F:\brain tumor detection\data\raw\secondary\normalized\glioma\glioma_tumor_gg (118).jpg
glioma,F:\brain tumor detection\data\raw\secondary\normalized\glioma\glioma_tumor_gg (119).jpg
glioma,F:\brain tumor detection\data\raw\secondary\normalized\glioma\glioma_tumor_gg (12).jpg
glioma,F:\brain tumor detection\data\raw\secondary\normalized\glioma\glioma_tumor_gg (120).jpg
glioma,F:\brain tumor detection\data\raw\secondary\normalized\glioma\glioma_tumor_gg (121).jpg
glioma,F:\brain tumor detection\data\raw\secondary\normalized\glioma\glioma_tumor_gg (122).jpg
glioma,F:\brain tumor detection\data\raw\secondary\normalized\glioma\glioma_tumor_gg (123).jpg
glioma,F:\brain tumor detection\data\raw\secondary\normalized\glioma\glioma_tumor_gg (124).jpg
glioma,F:\brain tumor detection\data\raw\secondary\normalized\glioma\glioma_tumor_gg (125).jpg
glioma,F:\brain tumor detection\data\raw\secondary\normalized\glioma\glioma_tumor_gg (126).jpg
glioma,F:\brain tumor detection\data\raw\secondary\normalized\glioma\glioma_tumor_gg (127).jpg
glioma,F:\brain tumor detection\data\raw\secondary\normalized\glioma\glioma_tumor_gg (128).jpg
glioma,F:\brain tumor detection\data\raw\secondary\normalized\glioma\glioma_tumor_gg (129).jpg
glioma,F:\brain tumor detection\data\raw\secondary\normalized\glioma\glioma_tumor_gg (13).jpg
glioma,F:\brain tumor detection\data\raw\secondary\normalized\glioma\glioma_tumor_gg (130).jpg
glioma,F:\brain tumor detection\data\raw\secondary\normalized\glioma\glioma_tumor_gg (131).jpg
glioma,F:\brain tumor detection\data\raw\secondary\normalized\glioma\glioma_tumor_gg (132).jpg
glioma,F:\brain tumor detection\data\raw\secondary\normalized\glioma\glioma_tumor_gg (133).jpg
glioma,F:\brain tumor detection\data\raw\secondary\normalized\glioma\glioma_tumor_gg (134).jpg
glioma,F:\brain tumor detection\data\raw\secondary\normalized\glioma\glioma_tumor_gg (135).jpg
glioma,F:\brain tumor detection\data\raw\secondary\normalized\glioma\glioma_tumor_gg (136).jpg
glioma,F:\brain tumor detection\data\raw\secondary\normalized\glioma\glioma_tumor_gg (137).jpg
glioma,F:\brain tumor detection\data\raw\secondary\normalized\glioma\glioma_tumor_gg (138).jpg
glioma,F:\brain tumor detection\data\raw\secondary\normalized\glioma\glioma_tumor_gg (139).jpg
glioma,F:\brain tumor detection\data\raw\secondary\normalized\glioma\glioma_tumor_gg (14).jpg
glioma,F:\brain tumor detection\data\raw\secondary\normalized\glioma\glioma_tumor_gg (140).jpg
glioma,F:\brain tumor detection\data\raw\secondary\normalized\glioma\glioma_tumor_gg (141).jpg
glioma,F:\brain tumor detection\data\raw\secondary\normalized\glioma\glioma_tumor_gg (142).jpg
glioma,F:\brain tumor detection\data\raw\secondary\normalized\glioma\glioma_tumor_gg (143).jpg
glioma,F:\brain tumor detection\data\raw\secondary\normalized\glioma\glioma_tumor_gg (144).jpg
glioma,F:\brain tumor detection\data\raw\secondary\normalized\glioma\glioma_tumor_gg (145).jpg
glioma,F:\brain tumor detection\data\raw\secondary\normalized\glioma\glioma_tumor_gg (146).jpg
glioma,F:\brain tumor detection\data\raw\secondary\normalized\glioma\glioma_tumor_gg (147).jpg
glioma,F:\brain tumor detection\data\raw\secondary\normalized\glioma\glioma_tumor_gg (148).jpg
glioma,F:\brain tumor detection\data\raw\secondary\normalized\glioma\glioma_tumor_gg (149).jpg
glioma,F:\brain tumor detection\data\raw\secondary\normalized\glioma\glioma_tumor_gg (15).jpg
glioma,F:\brain tumor detection\data\raw\secondary\normalized\glioma\glioma_tumor_gg (150).jpg
glioma,F:\brain tumor detection\data\raw\secondary\normalized\glioma\glioma_tumor_gg (151).jpg
glioma,F:\brain tumor detection\data\raw\secondary\normalized\glioma\glioma_tumor_gg (152).jpg
glioma,F:\brain tumor detection\data\raw\secondary\normalized\glioma\glioma_tumor_gg (153).jpg
glioma,F:\brain tumor detection\data\raw\secondary\normalized\glioma\glioma_tumor_gg (154).jpg
glioma,F:\brain tumor detection\data\raw\secondary\normalized\glioma\glioma_tumor_gg (155).jpg
glioma,F:\brain tumor detection\data\raw\secondary\normalized\glioma\glioma_tumor_gg (156).jpg
glioma,F:\brain tumor detection\data\raw\secondary\normalized\glioma\glioma_tumor_gg (157).jpg
glioma,F:\brain tumor detection\data\raw\secondary\normalized\glioma\glioma_tumor_gg (158).jpg
glioma,F:\brain tumor detection\data\raw\secondary\normalized\glioma\glioma_tumor_gg (159).jpg
glioma,F:\brain tumor detection\data\raw\secondary\normalized\glioma\glioma_tumor_gg (16).jpg
glioma,F:\brain tumor detection\data\raw\secondary\normalized\glioma\glioma_tumor_gg (160).jpg
glioma,F:\brain tumor detection\data\raw\secondary\normalized\glioma\glioma_tumor_gg (161).jpg
glioma,F:\brain tumor detection\data\raw\secondary\normalized\glioma\glioma_tumor_gg (162).jpg
glioma,F:\brain tumor detection\data\raw\secondary\normalized\glioma\glioma_tumor_gg (163).jpg
glioma,F:\brain tumor detection\data\raw\secondary\normalized\glioma\glioma_tumor_gg (164).jpg
glioma,F:\brain tumor detection\data\raw\secondary\normalized\glioma\glioma_tumor_gg (165).jpg
glioma,F:\brain tumor detection\data\raw\secondary\normalized\glioma\glioma_tumor_gg (166).jpg
glioma,F:\brain tumor detection\data\raw\secondary\normalized\glioma\glioma_tumor_gg (167).jpg
glioma,F:\brain tumor detection\data\raw\secondary\normalized\glioma\glioma_tumor_gg (168).jpg
glioma,F:\brain tumor detection\data\raw\secondary\normalized\glioma\glioma_tumor_gg (169).jpg
glioma,F:\brain tumor detection\data\raw\secondary\normalized\glioma\glioma_tumor_gg (17).jpg
glioma,F:\brain tumor detection\data\raw\secondary\normalized\glioma\glioma_tumor_gg (170).jpg
glioma,F:\brain tumor detection\data\raw\secondary\normalized\glioma\glioma_tumor_gg (171).jpg
glioma,F:\brain tumor detection\data\raw\secondary\normalized\glioma\glioma_tumor_gg (172).jpg
glioma,F:\brain tumor detection\data\raw\secondary\normalized\glioma\glioma_tumor_gg (173).jpg
glioma,F:\brain tumor detection\data\raw\secondary\normalized\glioma\glioma_tumor_gg (174).jpg
glioma,F:\brain tumor detection\data\raw\secondary\normalized\glioma\glioma_tumor_gg (175).jpg
glioma,F:\brain tumor detection\data\raw\secondary\normalized\glioma\glioma_tumor_gg (176).jpg
glioma,F:\brain tumor detection\data\raw\secondary\normalized\glioma\glioma_tumor_gg (177).jpg
glioma,F:\brain tumor detection\data\raw\secondary\normalized\glioma\glioma_tumor_gg (178).jpg
glioma,F:\brain tumor detection\data\raw\secondary\normalized\glioma\glioma_tumor_gg (179).jpg
glioma,F:\brain tumor detection\data\raw\secondary\normalized\glioma\glioma_tumor_gg (18).jpg
glioma,F:\brain tumor detection\data\raw\secondary\normalized\glioma\glioma_tumor_gg (180).jpg
glioma,F:\brain tumor detection\data\raw\secondary\normalized\glioma\glioma_tumor_gg (181).jpg
glioma,F:\brain tumor detection\data\raw\secondary\normalized\glioma\glioma_tumor_gg (182).jpg
glioma,F:\brain tumor detection\data\raw\secondary\normalized\glioma\glioma_tumor_gg (183).jpg
glioma,F:\brain tumor detection\data\raw\secondary\normalized\glioma\glioma_tumor_gg (184).jpg
glioma,F:\brain tumor detection\data\raw\secondary\normalized\glioma\glioma_tumor_gg (185).jpg
glioma,F:\brain tumor detection\data\raw\secondary\normalized\glioma\glioma_tumor_gg (186).jpg
glioma,F:\brain tumor detection\data\raw\secondary\normalized\glioma\glioma_tumor_gg (187).jpg
glioma,F:\brain tumor detection\data\raw\secondary\normalized\glioma\glioma_tumor_gg (188).jpg
glioma,F:\brain tumor detection\data\raw\secondary\normalized\glioma\glioma_tumor_gg (189).jpg
glioma,F:\brain tumor detection\data\raw\secondary\normalized\glioma\glioma_tumor_gg (19).jpg
glioma,F:\brain tumor detection\data\raw\secondary\normalized\glioma\glioma_tumor_gg (190).jpg
glioma,F:\brain tumor detection\data\raw\secondary\normalized\glioma\glioma_tumor_gg (191).jpg
glioma,F:\brain tumor detection\data\raw\secondary\normalized\glioma\glioma_tumor_gg (192).jpg
glioma,F:\brain tumor detection\data\raw\secondary\normalized\glioma\glioma_tumor_gg (193).jpg
glioma,F:\brain tumor detection\data\raw\secondary\normalized\glioma\glioma_tumor_gg (194).jpg
glioma,F:\brain tumor detection\data\raw\secondary\normalized\glioma\glioma_tumor_gg (195).jpg
glioma,F:\brain tumor detection\data\raw\secondary\normalized\glioma\glioma_tumor_gg (196).jpg
glioma,F:\brain tumor detection\data\raw\secondary\normalized\glioma\glioma_tumor_gg (197).jpg
glioma,F:\brain tumor detection\data\raw\secondary\normalized\glioma\glioma_tumor_gg (198).jpg
glioma,F:\brain tumor detection\data\raw\secondary\normalized\glioma\glioma_tumor_gg (199).jpg
glioma,F:\brain tumor detection\data\raw\secondary\normalized\glioma\glioma_tumor_gg (2).jpg
glioma,F:\brain tumor detection\data\raw\secondary\normalized\glioma\glioma_tumor_gg (20).jpg
glioma,F:\brain tumor detection\data\raw\secondary\normalized\glioma\glioma_tumor_gg (200).jpg
glioma,F:\brain tumor detection\data\raw\secondary\normalized\glioma\glioma_tumor_gg (201).jpg
glioma,F:\brain tumor detection\data\raw\secondary\normalized\glioma\glioma_tumor_gg (202).jpg
glioma,F:\brain tumor detection\data\raw\secondary\normalized\glioma\glioma_tumor_gg (203).jpg
glioma,F:\brain tumor detection\data\raw\secondary\normalized\glioma\glioma_tumor_gg (204).jpg
glioma,F:\brain tumor detection\data\raw\secondary\normalized\glioma\glioma_tumor_gg (205).jpg
glioma,F:\brain tumor detection\data\raw\secondary\normalized\glioma\glioma_tumor_gg (206).jpg
glioma,F:\brain tumor detection\data\raw\secondary\normalized\glioma\glioma_tumor_gg (207).jpg
glioma,F:\brain tumor detection\data\raw\secondary\normalized\glioma\glioma_tumor_gg (208).jpg
glioma,F:\brain tumor detection\data\raw\secondary\normalized\glioma\glioma_tumor_gg (209).jpg
glioma,F:\brain tumor detection\data\raw\secondary\normalized\glioma\glioma_tumor_gg (21).jpg
glioma,F:\brain tumor detection\data\raw\secondary\normalized\glioma\glioma_tumor_gg (210).jpg
glioma,F:\brain tumor detection\data\raw\secondary\normalized\glioma\glioma_tumor_gg (211).jpg
glioma,F:\brain tumor detection\data\raw\secondary\normalized\glioma\glioma_tumor_gg (212).jpg
glioma,F:\brain tumor detection\data\raw\secondary\normalized\glioma\glioma_tumor_gg (213).jpg
glioma,F:\brain tumor detection\data\raw\secondary\normalized\glioma\glioma_tumor_gg (214).jpg
glioma,F:\brain tumor detection\data\raw\secondary\normalized\glioma\glioma_tumor_gg (215).jpg
glioma,F:\brain tumor detection\data\raw\secondary\normalized\glioma\glioma_tumor_gg (216).jpg
glioma,F:\brain tumor detection\data\raw\secondary\normalized\glioma\glioma_tumor_gg (217).jpg
glioma,F:\brain tumor detection\data\raw\secondary\normalized\glioma\glioma_tumor_gg (218).jpg
glioma,F:\brain tumor detection\data\raw\secondary\normalized\glioma\glioma_tumor_gg (219).jpg
glioma,F:\brain tumor detection\data\raw\secondary\normalized\glioma\glioma_tumor_gg (22).jpg
glioma,F:\brain tumor detection\data\raw\secondary\normalized\glioma\glioma_tumor_gg (220).jpg
glioma,F:\brain tumor detection\data\raw\secondary\normalized\glioma\glioma_tumor_gg (221).jpg
glioma,F:\brain tumor detection\data\raw\secondary\normalized\glioma\glioma_tumor_gg (222).jpg
glioma,F:\brain tumor detection\data\raw\secondary\normalized\glioma\glioma_tumor_gg (223).jpg
glioma,F:\brain tumor detection\data\raw\secondary\normalized\glioma\glioma_tumor_gg (224).jpg
glioma,F:\brain tumor detection\data\raw\secondary\normalized\glioma\glioma_tumor_gg (225).jpg
glioma,F:\brain tumor detection\data\raw\secondary\normalized\glioma\glioma_tumor_gg (226).jpg
glioma,F:\brain tumor detection\data\raw\secondary\normalized\glioma\glioma_tumor_gg (227).jpg
glioma,F:\brain tumor detection\data\raw\secondary\normalized\glioma\glioma_tumor_gg (228).jpg
glioma,F:\brain tumor detection\data\raw\secondary\normalized\glioma\glioma_tumor_gg (229).jpg
glioma,F:\brain tumor detection\data\raw\secondary\normalized\glioma\glioma_tumor_gg (23).jpg
glioma,F:\brain tumor detection\data\raw\secondary\normalized\glioma\glioma_tumor_gg (230).jpg
glioma,F:\brain tumor detection\data\raw\secondary\normalized\glioma\glioma_tumor_gg (231).jpg
glioma,F:\brain tumor detection\data\raw\secondary\normalized\glioma\glioma_tumor_gg (232).jpg
glioma,F:\brain tumor detection\data\raw\secondary\normalized\glioma\glioma_tumor_gg (233).jpg
glioma,F:\brain tumor detection\data\raw\secondary\normalized\glioma\glioma_tumor_gg (234).jpg
glioma,F:\brain tumor detection\data\raw\secondary\normalized\glioma\glioma_tumor_gg (235).jpg
glioma,F:\brain tumor detection\data\raw\secondary\normalized\glioma\glioma_tumor_gg (236).jpg
glioma,F:\brain tumor detection\data\raw\secondary\normalized\glioma\glioma_tumor_gg (237).jpg
glioma,F:\brain tumor detection\data\raw\secondary\normalized\glioma\glioma_tumor_gg (238).jpg
glioma,F:\brain tumor detection\data\raw\secondary\normalized\glioma\glioma_tumor_gg (239).jpg
glioma,F:\brain tumor detection\data\raw\secondary\normalized\glioma\glioma_tumor_gg (24).jpg
glioma,F:\brain tumor detection\data\raw\secondary\normalized\glioma\glioma_tumor_gg (240).jpg
glioma,F:\brain tumor detection\data\raw\secondary\normalized\glioma\glioma_tumor_gg (241).jpg
glioma,F:\brain tumor detection\data\raw\secondary\normalized\glioma\glioma_tumor_gg (242).jpg
glioma,F:\brain tumor detection\data\raw\secondary\normalized\glioma\glioma_tumor_gg (243).jpg
glioma,F:\brain tumor detection\data\raw\secondary\normalized\glioma\glioma_tumor_gg (244).jpg
glioma,F:\brain tumor detection\data\raw\secondary\normalized\glioma\glioma_tumor_gg (245).jpg
glioma,F:\brain tumor detection\data\raw\secondary\normalized\glioma\glioma_tumor_gg (246).jpg
glioma,F:\brain tumor detection\data\raw\secondary\normalized\glioma\glioma_tumor_gg (247).jpg
glioma,F:\brain tumor detection\data\raw\secondary\normalized\glioma\glioma_tumor_gg (248).jpg
glioma,F:\brain tumor detection\data\raw\secondary\normalized\glioma\glioma_tumor_gg (249).jpg
glioma,F:\brain tumor detection\data\raw\secondary\normalized\glioma\glioma_tumor_gg (25).jpg
glioma,F:\brain tumor detection\data\raw\secondary\normalized\glioma\glioma_tumor_gg (250).jpg
glioma,F:\brain tumor detection\data\raw\secondary\normalized\glioma\glioma_tumor_gg (251).jpg
glioma,F:\brain tumor detection\data\raw\secondary\normalized\glioma\glioma_tumor_gg (252).jpg
glioma,F:\brain tumor detection\data\raw\secondary\normalized\glioma\glioma_tumor_gg (253).jpg
glioma,F:\brain tumor detection\data\raw\secondary\normalized\glioma\glioma_tumor_gg (254).jpg
glioma,F:\brain tumor detection\data\raw\secondary\normalized\glioma\glioma_tumor_gg (255).jpg
glioma,F:\brain tumor detection\data\raw\secondary\normalized\glioma\glioma_tumor_gg (256).jpg
glioma,F:\brain tumor detection\data\raw\secondary\normalized\glioma\glioma_tumor_gg (257).jpg
glioma,F:\brain tumor detection\data\raw\secondary\normalized\glioma\glioma_tumor_gg (258).jpg
glioma,F:\brain tumor detection\data\raw\secondary\normalized\glioma\glioma_tumor_gg (259).jpg
glioma,F:\brain tumor detection\data\raw\secondary\normalized\glioma\glioma_tumor_gg (26).jpg
glioma,F:\brain tumor detection\data\raw\secondary\normalized\glioma\glioma_tumor_gg (260).jpg
glioma,F:\brain tumor detection\data\raw\secondary\normalized\glioma\glioma_tumor_gg (261).jpg
glioma,F:\brain tumor detection\data\raw\secondary\normalized\glioma\glioma_tumor_gg (262).jpg
glioma,F:\brain tumor detection\data\raw\secondary\normalized\glioma\glioma_tumor_gg (263).jpg
glioma,F:\brain tumor detection\data\raw\secondary\normalized\glioma\glioma_tumor_gg (264).jpg
glioma,F:\brain tumor detection\data\raw\secondary\normalized\glioma\glioma_tumor_gg (265).jpg
glioma,F:\brain tumor detection\data\raw\secondary\normalized\glioma\glioma_tumor_gg (266).jpg
glioma,F:\brain tumor detection\data\raw\secondary\normalized\glioma\glioma_tumor_gg (267).jpg
glioma,F:\brain tumor detection\data\raw\secondary\normalized\glioma\glioma_tumor_gg (268).jpg
glioma,F:\brain tumor detection\data\raw\secondary\normalized\glioma\glioma_tumor_gg (269).jpg
glioma,F:\brain tumor detection\data\raw\secondary\normalized\glioma\glioma_tumor_gg (27).jpg
glioma,F:\brain tumor detection\data\raw\secondary\normalized\glioma\glioma_tumor_gg (270).jpg
glioma,F:\brain tumor detection\data\raw\secondary\normalized\glioma\glioma_tumor_gg (271).jpg
glioma,F:\brain tumor detection\data\raw\secondary\normalized\glioma\glioma_tumor_gg (272).jpg
glioma,F:\brain tumor detection\data\raw\secondary\normalized\glioma\glioma_tumor_gg (273).jpg
glioma,F:\brain tumor detection\data\raw\secondary\normalized\glioma\glioma_tumor_gg (274).jpg
glioma,F:\brain tumor detection\data\raw\secondary\normalized\glioma\glioma_tumor_gg (275).jpg
glioma,F:\brain tumor detection\data\raw\secondary\normalized\glioma\glioma_tumor_gg (276).jpg
glioma,F:\brain tumor detection\data\raw\secondary\normalized\glioma\glioma_tumor_gg (277).jpg
glioma,F:\brain tumor detection\data\raw\secondary\normalized\glioma\glioma_tumor_gg (278).jpg
glioma,F:\brain tumor detection\data\raw\secondary\normalized\glioma\glioma_tumor_gg (279).jpg
glioma,F:\brain tumor detection\data\raw\secondary\normalized\glioma\glioma_tumor_gg (28).jpg
glioma,F:\brain tumor detection\data\raw\secondary\normalized\glioma\glioma_tumor_gg (280).jpg
glioma,F:\brain tumor detection\data\raw\secondary\normalized\glioma\glioma_tumor_gg (281).jpg
glioma,F:\brain tumor detection\data\raw\secondary\normalized\glioma\glioma_tumor_gg (282).jpg
glioma,F:\brain tumor detection\data\raw\secondary\normalized\glioma\glioma_tumor_gg (283).jpg
glioma,F:\brain tumor detection\data\raw\secondary\normalized\glioma\glioma_tumor_gg (284).jpg
glioma,F:\brain tumor detection\data\raw\secondary\normalized\glioma\glioma_tumor_gg (285).jpg
glioma,F:\brain tumor detection\data\raw\secondary\normalized\glioma\glioma_tumor_gg (286).jpg
glioma,F:\brain tumor detection\data\raw\secondary\normalized\glioma\glioma_tumor_gg (287).jpg
glioma,F:\brain tumor detection\data\raw\secondary\normalized\glioma\glioma_tumor_gg (288).jpg
glioma,F:\brain tumor detection\data\raw\secondary\normalized\glioma\glioma_tumor_gg (289).jpg
glioma,F:\brain tumor detection\data\raw\secondary\normalized\glioma\glioma_tumor_gg (29).jpg
glioma,F:\brain tumor detection\data\raw\secondary\normalized\glioma\glioma_tumor_gg (290).jpg
glioma,F:\brain tumor detection\data\raw\secondary\normalized\glioma\glioma_tumor_gg (291).jpg
glioma,F:\brain tumor detection\data\raw\secondary\normalized\glioma\glioma_tumor_gg (292).jpg
glioma,F:\brain tumor detection\data\raw\secondary\normalized\glioma\glioma_tumor_gg (293).jpg
glioma,F:\brain tumor detection\data\raw\secondary\normalized\glioma\glioma_tumor_gg (294).jpg
glioma,F:\brain tumor detection\data\raw\secondary\normalized\glioma\glioma_tumor_gg (295).jpg
glioma,F:\brain tumor detection\data\raw\secondary\normalized\glioma\glioma_tumor_gg (296).jpg
glioma,F:\brain tumor detection\data\raw\secondary\normalized\glioma\glioma_tumor_gg (297).jpg
glioma,F:\brain tumor detection\data\raw\secondary\normalized\glioma\glioma_tumor_gg (298).jpg
glioma,F:\brain tumor detection\data\raw\secondary\normalized\glioma\glioma_tumor_gg (299).jpg
glioma,F:\brain tumor detection\data\raw\secondary\normalized\glioma\glioma_tumor_gg (3).jpg
glioma,F:\brain tumor detection\data\raw\secondary\normalized\glioma\glioma_tumor_gg (30).jpg
glioma,F:\brain tumor detection\data\raw\secondary\normalized\glioma\glioma_tumor_gg (300).jpg
glioma,F:\brain tumor detection\data\raw\secondary\normalized\glioma\glioma_tumor_gg (301).jpg
glioma,F:\brain tumor detection\data\raw\secondary\normalized\glioma\glioma_tumor_gg (302).jpg
glioma,F:\brain tumor detection\data\raw\secondary\normalized\glioma\glioma_tumor_gg (303).jpg
glioma,F:\brain tumor detection\data\raw\secondary\normalized\glioma\glioma_tumor_gg (304).jpg
glioma,F:\brain tumor detection\data\raw\secondary\normalized\glioma\glioma_tumor_gg (305).jpg
glioma,F:\brain tumor detection\data\raw\secondary\normalized\glioma\glioma_tumor_gg (306).jpg
glioma,F:\brain tumor detection\data\raw\secondary\normalized\glioma\glioma_tumor_gg (307).jpg
glioma,F:\brain tumor detection\data\raw\secondary\normalized\glioma\glioma_tumor_gg (308).jpg
glioma,F:\brain tumor detection\data\raw\secondary\normalized\glioma\glioma_tumor_gg (309).jpg
glioma,F:\brain tumor detection\data\raw\secondary\normalized\glioma\glioma_tumor_gg (31).jpg
glioma,F:\brain tumor detection\data\raw\secondary\normalized\glioma\glioma_tumor_gg (310).jpg
glioma,F:\brain tumor detection\data\raw\secondary\normalized\glioma\glioma_tumor_gg (311).jpg
glioma,F:\brain tumor detection\data\raw\secondary\normalized\glioma\glioma_tumor_gg (312).jpg
glioma,F:\brain tumor detection\data\raw\secondary\normalized\glioma\glioma_tumor_gg (313).jpg
glioma,F:\brain tumor detection\data\raw\secondary\normalized\glioma\glioma_tumor_gg (314).jpg
glioma,F:\brain tumor detection\data\raw\secondary\normalized\glioma\glioma_tumor_gg (315).jpg
glioma,F:\brain tumor detection\data\raw\secondary\normalized\glioma\glioma_tumor_gg (316).jpg
glioma,F:\brain tumor detection\data\raw\secondary\normalized\glioma\glioma_tumor_gg (317).jpg
glioma,F:\brain tumor detection\data\raw\secondary\normalized\glioma\glioma_tumor_gg (318).jpg
glioma,F:\brain tumor detection\data\raw\secondary\normalized\glioma\glioma_tumor_gg (319).jpg
glioma,F:\brain tumor detection\data\raw\secondary\normalized\glioma\glioma_tumor_gg (32).jpg
glioma,F:\brain tumor detection\data\raw\secondary\normalized\glioma\glioma_tumor_gg (320).jpg
glioma,F:\brain tumor detection\data\raw\secondary\normalized\glioma\glioma_tumor_gg (321).jpg
glioma,F:\brain tumor detection\data\raw\secondary\normalized\glioma\glioma_tumor_gg (322).jpg
glioma,F:\brain tumor detection\data\raw\secondary\normalized\glioma\glioma_tumor_gg (323).jpg
glioma,F:\brain tumor detection\data\raw\secondary\normalized\glioma\glioma_tumor_gg (324).jpg
glioma,F:\brain tumor detection\data\raw\secondary\normalized\glioma\glioma_tumor_gg (325).jpg
glioma,F:\brain tumor detection\data\raw\secondary\normalized\glioma\glioma_tumor_gg (326).jpg
glioma,F:\brain tumor detection\data\raw\secondary\normalized\glioma\glioma_tumor_gg (327).jpg
glioma,F:\brain tumor detection\data\raw\secondary\normalized\glioma\glioma_tumor_gg (328).jpg
glioma,F:\brain tumor detection\data\raw\secondary\normalized\glioma\glioma_tumor_gg (329).jpg
glioma,F:\brain tumor detection\data\raw\secondary\normalized\glioma\glioma_tumor_gg (33).jpg
glioma,F:\brain tumor detection\data\raw\secondary\normalized\glioma\glioma_tumor_gg (330).jpg
glioma,F:\brain tumor detection\data\raw\secondary\normalized\glioma\glioma_tumor_gg (331).jpg
glioma,F:\brain tumor detection\data\raw\secondary\normalized\glioma\glioma_tumor_gg (332).jpg
glioma,F:\brain tumor detection\data\raw\secondary\normalized\glioma\glioma_tumor_gg (333).jpg
glioma,F:\brain tumor detection\data\raw\secondary\normalized\glioma\glioma_tumor_gg (334).jpg
glioma,F:\brain tumor detection\data\raw\secondary\normalized\glioma\glioma_tumor_gg (335).jpg
glioma,F:\brain tumor detection\data\raw\secondary\normalized\glioma\glioma_tumor_gg (336).jpg
glioma,F:\brain tumor detection\data\raw\secondary\normalized\glioma\glioma_tumor_gg (337).jpg
glioma,F:\brain tumor detection\data\raw\secondary\normalized\glioma\glioma_tumor_gg (338).jpg
glioma,F:\brain tumor detection\data\raw\secondary\normalized\glioma\glioma_tumor_gg (339).jpg
glioma,F:\brain tumor detection\data\raw\secondary\normalized\glioma\glioma_tumor_gg (34).jpg
glioma,F:\brain tumor detection\data\raw\secondary\normalized\glioma\glioma_tumor_gg (340).jpg
glioma,F:\brain tumor detection\data\raw\secondary\normalized\glioma\glioma_tumor_gg (341).jpg
glioma,F:\brain tumor detection\data\raw\secondary\normalized\glioma\glioma_tumor_gg (342).jpg
glioma,F:\brain tumor detection\data\raw\secondary\normalized\glioma\glioma_tumor_gg (343).jpg
glioma,F:\brain tumor detection\data\raw\secondary\normalized\glioma\glioma_tumor_gg (344).jpg
glioma,F:\brain tumor detection\data\raw\secondary\normalized\glioma\glioma_tumor_gg (345).jpg
glioma,F:\brain tumor detection\data\raw\secondary\normalized\glioma\glioma_tumor_gg (346).jpg
glioma,F:\brain tumor detection\data\raw\secondary\normalized\glioma\glioma_tumor_gg (347).jpg
glioma,F:\brain tumor detection\data\raw\secondary\normalized\glioma\glioma_tumor_gg (348).jpg
glioma,F:\brain tumor detection\data\raw\secondary\normalized\glioma\glioma_tumor_gg (349).jpg
glioma,F:\brain tumor detection\data\raw\secondary\normalized\glioma\glioma_tumor_gg (35).jpg
glioma,F:\brain tumor detection\data\raw\secondary\normalized\glioma\glioma_tumor_gg (350).jpg
glioma,F:\brain tumor detection\data\raw\secondary\normalized\glioma\glioma_tumor_gg (351).jpg
glioma,F:\brain tumor detection\data\raw\secondary\normalized\glioma\glioma_tumor_gg (352).jpg
glioma,F:\brain tumor detection\data\raw\secondary\normalized\glioma\glioma_tumor_gg (353).jpg
glioma,F:\brain tumor detection\data\raw\secondary\normalized\glioma\glioma_tumor_gg (354).jpg
glioma,F:\brain tumor detection\data\raw\secondary\normalized\glioma\glioma_tumor_gg (355).jpg
glioma,F:\brain tumor detection\data\raw\secondary\normalized\glioma\glioma_tumor_gg (356).jpg
glioma,F:\brain tumor detection\data\raw\secondary\normalized\glioma\glioma_tumor_gg (357).jpg
glioma,F:\brain tumor detection\data\raw\secondary\normalized\glioma\glioma_tumor_gg (358).jpg
glioma,F:\brain tumor detection\data\raw\secondary\normalized\glioma\glioma_tumor_gg (359).jpg
glioma,F:\brain tumor detection\data\raw\secondary\normalized\glioma\glioma_tumor_gg (36).jpg
glioma,F:\brain tumor detection\data\raw\secondary\normalized\glioma\glioma_tumor_gg (360).jpg
glioma,F:\brain tumor detection\data\raw\secondary\normalized\glioma\glioma_tumor_gg (361).jpg
glioma,F:\brain tumor detection\data\raw\secondary\normalized\glioma\glioma_tumor_gg (362).jpg
glioma,F:\brain tumor detection\data\raw\secondary\normalized\glioma\glioma_tumor_gg (363).jpg
glioma,F:\brain tumor detection\data\raw\secondary\normalized\glioma\glioma_tumor_gg (364).jpg
glioma,F:\brain tumor detection\data\raw\secondary\normalized\glioma\glioma_tumor_gg (365).jpg
glioma,F:\brain tumor detection\data\raw\secondary\normalized\glioma\glioma_tumor_gg (366).jpg
glioma,F:\brain tumor detection\data\raw\secondary\normalized\glioma\glioma_tumor_gg (367).jpg
glioma,F:\brain tumor detection\data\raw\secondary\normalized\glioma\glioma_tumor_gg (368).jpg
glioma,F:\brain tumor detection\data\raw\secondary\normalized\glioma\glioma_tumor_gg (369).jpg
glioma,F:\brain tumor detection\data\raw\secondary\normalized\glioma\glioma_tumor_gg (37).jpg
glioma,F:\brain tumor detection\data\raw\secondary\normalized\glioma\glioma_tumor_gg (370).jpg
glioma,F:\brain tumor detection\data\raw\secondary\normalized\glioma\glioma_tumor_gg (371).jpg
glioma,F:\brain tumor detection\data\raw\secondary\normalized\glioma\glioma_tumor_gg (372).jpg
glioma,F:\brain tumor detection\data\raw\secondary\normalized\glioma\glioma_tumor_gg (373).jpg
glioma,F:\brain tumor detection\data\raw\secondary\normalized\glioma\glioma_tumor_gg (374).jpg
glioma,F:\brain tumor detection\data\raw\secondary\normalized\glioma\glioma_tumor_gg (375).jpg
glioma,F:\brain tumor detection\data\raw\secondary\normalized\glioma\glioma_tumor_gg (376).jpg
glioma,F:\brain tumor detection\data\raw\secondary\normalized\glioma\glioma_tumor_gg (377).jpg
glioma,F:\brain tumor detection\data\raw\secondary\normalized\glioma\glioma_tumor_gg (378).jpg
glioma,F:\brain tumor detection\data\raw\secondary\normalized\glioma\glioma_tumor_gg (379).jpg
glioma,F:\brain tumor detection\data\raw\secondary\normalized\glioma\glioma_tumor_gg (38).jpg
glioma,F:\brain tumor detection\data\raw\secondary\normalized\glioma\glioma_tumor_gg (380).jpg
glioma,F:\brain tumor detection\data\raw\secondary\normalized\glioma\glioma_tumor_gg (381).jpg
glioma,F:\brain tumor detection\data\raw\secondary\normalized\glioma\glioma_tumor_gg (382).jpg
glioma,F:\brain tumor detection\data\raw\secondary\normalized\glioma\glioma_tumor_gg (383).jpg
glioma,F:\brain tumor detection\data\raw\secondary\normalized\glioma\glioma_tumor_gg (384).jpg
glioma,F:\brain tumor detection\data\raw\secondary\normalized\glioma\glioma_tumor_gg (385).jpg
glioma,F:\brain tumor detection\data\raw\secondary\normalized\glioma\glioma_tumor_gg (386).jpg
glioma,F:\brain tumor detection\data\raw\secondary\normalized\glioma\glioma_tumor_gg (387).jpg
glioma,F:\brain tumor detection\data\raw\secondary\normalized\glioma\glioma_tumor_gg (388).jpg
glioma,F:\brain tumor detection\data\raw\secondary\normalized\glioma\glioma_tumor_gg (389).jpg
glioma,F:\brain tumor detection\data\raw\secondary\normalized\glioma\glioma_tumor_gg (39).jpg
glioma,F:\brain tumor detection\data\raw\secondary\normalized\glioma\glioma_tumor_gg (390).jpg
glioma,F:\brain tumor detection\data\raw\secondary\normalized\glioma\glioma_tumor_gg (391).jpg
glioma,F:\brain tumor detection\data\raw\secondary\normalized\glioma\glioma_tumor_gg (392).jpg
glioma,F:\brain tumor detection\data\raw\secondary\normalized\glioma\glioma_tumor_gg (393).jpg
glioma,F:\brain tumor detection\data\raw\secondary\normalized\glioma\glioma_tumor_gg (394).jpg
glioma,F:\brain tumor detection\data\raw\secondary\normalized\glioma\glioma_tumor_gg (395).jpg
glioma,F:\brain tumor detection\data\raw\secondary\normalized\glioma\glioma_tumor_gg (396).jpg
glioma,F:\brain tumor detection\data\raw\secondary\normalized\glioma\glioma_tumor_gg (397).jpg
glioma,F:\brain tumor detection\data\raw\secondary\normalized\glioma\glioma_tumor_gg (398).jpg
glioma,F:\brain tumor detection\data\raw\secondary\normalized\glioma\glioma_tumor_gg (399).jpg
glioma,F:\brain tumor detection\data\raw\secondary\normalized\glioma\glioma_tumor_gg (4).jpg
glioma,F:\brain tumor detection\data\raw\secondary\normalized\glioma\glioma_tumor_gg (40).jpg
glioma,F:\brain tumor detection\data\raw\secondary\normalized\glioma\glioma_tumor_gg (400).jpg
glioma,F:\brain tumor detection\data\raw\secondary\normalized\glioma\glioma_tumor_gg (401).jpg
glioma,F:\brain tumor detection\data\raw\secondary\normalized\glioma\glioma_tumor_gg (402).jpg
glioma,F:\brain tumor detection\data\raw\secondary\normalized\glioma\glioma_tumor_gg (403).jpg
glioma,F:\brain tumor detection\data\raw\secondary\normalized\glioma\glioma_tumor_gg (404).jpg
glioma,F:\brain tumor detection\data\raw\secondary\normalized\glioma\glioma_tumor_gg (405).jpg
glioma,F:\brain tumor detection\data\raw\secondary\normalized\glioma\glioma_tumor_gg (406).jpg
glioma,F:\brain tumor detection\data\raw\secondary\normalized\glioma\glioma_tumor_gg (407).jpg
glioma,F:\brain tumor detection\data\raw\secondary\normalized\glioma\glioma_tumor_gg (408).jpg
glioma,F:\brain tumor detection\data\raw\secondary\normalized\glioma\glioma_tumor_gg (409).jpg
glioma,F:\brain tumor detection\data\raw\secondary\normalized\glioma\glioma_tumor_gg (41).jpg
glioma,F:\brain tumor detection\data\raw\secondary\normalized\glioma\glioma_tumor_gg (410).jpg
glioma,F:\brain tumor detection\data\raw\secondary\normalized\glioma\glioma_tumor_gg (411).jpg
glioma,F:\brain tumor detection\data\raw\secondary\normalized\glioma\glioma_tumor_gg (412).jpg
glioma,F:\brain tumor detection\data\raw\secondary\normalized\glioma\glioma_tumor_gg (413).jpg
glioma,F:\brain tumor detection\data\raw\secondary\normalized\glioma\glioma_tumor_gg (414).jpg
glioma,F:\brain tumor detection\data\raw\secondary\normalized\glioma\glioma_tumor_gg (415).jpg
glioma,F:\brain tumor detection\data\raw\secondary\normalized\glioma\glioma_tumor_gg (416).jpg
glioma,F:\brain tumor detection\data\raw\secondary\normalized\glioma\glioma_tumor_gg (417).jpg
glioma,F:\brain tumor detection\data\raw\secondary\normalized\glioma\glioma_tumor_gg (418).jpg
glioma,F:\brain tumor detection\data\raw\secondary\normalized\glioma\glioma_tumor_gg (419).jpg
glioma,F:\brain tumor detection\data\raw\secondary\normalized\glioma\glioma_tumor_gg (42).jpg
glioma,F:\brain tumor detection\data\raw\secondary\normalized\glioma\glioma_tumor_gg (420).jpg
glioma,F:\brain tumor detection\data\raw\secondary\normalized\glioma\glioma_tumor_gg (421).jpg
glioma,F:\brain tumor detection\data\raw\secondary\normalized\glioma\glioma_tumor_gg (422).jpg
glioma,F:\brain tumor detection\data\raw\secondary\normalized\glioma\glioma_tumor_gg (423).jpg
glioma,F:\brain tumor detection\data\raw\secondary\normalized\glioma\glioma_tumor_gg (424).jpg
glioma,F:\brain tumor detection\data\raw\secondary\normalized\glioma\glioma_tumor_gg (425).jpg
glioma,F:\brain tumor detection\data\raw\secondary\normalized\glioma\glioma_tumor_gg (426).jpg
glioma,F:\brain tumor detection\data\raw\secondary\normalized\glioma\glioma_tumor_gg (427).jpg
glioma,F:\brain tumor detection\data\raw\secondary\normalized\glioma\glioma_tumor_gg (428).jpg
glioma,F:\brain tumor detection\data\raw\secondary\normalized\glioma\glioma_tumor_gg (429).jpg
glioma,F:\brain tumor detection\data\raw\secondary\normalized\glioma\glioma_tumor_gg (43).jpg
glioma,F:\brain tumor detection\data\raw\secondary\normalized\glioma\glioma_tumor_gg (430).jpg
glioma,F:\brain tumor detection\data\raw\secondary\normalized\glioma\glioma_tumor_gg (431).jpg
glioma,F:\brain tumor detection\data\raw\secondary\normalized\glioma\glioma_tumor_gg (432).jpg
glioma,F:\brain tumor detection\data\raw\secondary\normalized\glioma\glioma_tumor_gg (433).jpg
glioma,F:\brain tumor detection\data\raw\secondary\normalized\glioma\glioma_tumor_gg (434).jpg
glioma,F:\brain tumor detection\data\raw\secondary\normalized\glioma\glioma_tumor_gg (435).jpg
glioma,F:\brain tumor detection\data\raw\secondary\normalized\glioma\glioma_tumor_gg (436).jpg
glioma,F:\brain tumor detection\data\raw\secondary\normalized\glioma\glioma_tumor_gg (437).jpg
glioma,F:\brain tumor detection\data\raw\secondary\normalized\glioma\glioma_tumor_gg (438).jpg
glioma,F:\brain tumor detection\data\raw\secondary\normalized\glioma\glioma_tumor_gg (439).jpg
glioma,F:\brain tumor detection\data\raw\secondary\normalized\glioma\glioma_tumor_gg (44).jpg
glioma,F:\brain tumor detection\data\raw\secondary\normalized\glioma\glioma_tumor_gg (440).jpg
glioma,F:\brain tumor detection\data\raw\secondary\normalized\glioma\glioma_tumor_gg (441).jpg
glioma,F:\brain tumor detection\data\raw\secondary\normalized\glioma\glioma_tumor_gg (442).jpg
glioma,F:\brain tumor detection\data\raw\secondary\normalized\glioma\glioma_tumor_gg (443).jpg
glioma,F:\brain tumor detection\data\raw\secondary\normalized\glioma\glioma_tumor_gg (444).jpg
glioma,F:\brain tumor detection\data\raw\secondary\normalized\glioma\glioma_tumor_gg (445).jpg
glioma,F:\brain tumor detection\data\raw\secondary\normalized\glioma\glioma_tumor_gg (446).jpg
glioma,F:\brain tumor detection\data\raw\secondary\normalized\glioma\glioma_tumor_gg (447).jpg
glioma,F:\brain tumor detection\data\raw\secondary\normalized\glioma\glioma_tumor_gg (448).jpg
glioma,F:\brain tumor detection\data\raw\secondary\normalized\glioma\glioma_tumor_gg (449).jpg
glioma,F:\brain tumor detection\data\raw\secondary\normalized\glioma\glioma_tumor_gg (45).jpg
glioma,F:\brain tumor detection\data\raw\secondary\normalized\glioma\glioma_tumor_gg (450).jpg
glioma,F:\brain tumor detection\data\raw\secondary\normalized\glioma\glioma_tumor_gg (451).jpg
glioma,F:\brain tumor detection\data\raw\secondary\normalized\glioma\glioma_tumor_gg (452).jpg
glioma,F:\brain tumor detection\data\raw\secondary\normalized\glioma\glioma_tumor_gg (453).jpg
glioma,F:\brain tumor detection\data\raw\secondary\normalized\glioma\glioma_tumor_gg (454).jpg
glioma,F:\brain tumor detection\data\raw\secondary\normalized\glioma\glioma_tumor_gg (455).jpg
glioma,F:\brain tumor detection\data\raw\secondary\normalized\glioma\glioma_tumor_gg (456).jpg
glioma,F:\brain tumor detection\data\raw\secondary\normalized\glioma\glioma_tumor_gg (457).jpg
glioma,F:\brain tumor detection\data\raw\secondary\normalized\glioma\glioma_tumor_gg (458).jpg
glioma,F:\brain tumor detection\data\raw\secondary\normalized\glioma\glioma_tumor_gg (459).jpg
glioma,F:\brain tumor detection\data\raw\secondary\normalized\glioma\glioma_tumor_gg (46).jpg
glioma,F:\brain tumor detection\data\raw\secondary\normalized\glioma\glioma_tumor_gg (460).jpg
glioma,F:\brain tumor detection\data\raw\secondary\normalized\glioma\glioma_tumor_gg (461).jpg
glioma,F:\brain tumor detection\data\raw\secondary\normalized\glioma\glioma_tumor_gg (462).jpg
glioma,F:\brain tumor detection\data\raw\secondary\normalized\glioma\glioma_tumor_gg (463).jpg
glioma,F:\brain tumor detection\data\raw\secondary\normalized\glioma\glioma_tumor_gg (464).jpg
glioma,F:\brain tumor detection\data\raw\secondary\normalized\glioma\glioma_tumor_gg (465).jpg
glioma,F:\brain tumor detection\data\raw\secondary\normalized\glioma\glioma_tumor_gg (466).jpg
glioma,F:\brain tumor detection\data\raw\secondary\normalized\glioma\glioma_tumor_gg (467).jpg
glioma,F:\brain tumor detection\data\raw\secondary\normalized\glioma\glioma_tumor_gg (468).jpg
glioma,F:\brain tumor detection\data\raw\secondary\normalized\glioma\glioma_tumor_gg (469).jpg
glioma,F:\brain tumor detection\data\raw\secondary\normalized\glioma\glioma_tumor_gg (47).jpg
glioma,F:\brain tumor detection\data\raw\secondary\normalized\glioma\glioma_tumor_gg (470).jpg
glioma,F:\brain tumor detection\data\raw\secondary\normalized\glioma\glioma_tumor_gg (471).jpg
glioma,F:\brain tumor detection\data\raw\secondary\normalized\glioma\glioma_tumor_gg (472).jpg
glioma,F:\brain tumor detection\data\raw\secondary\normalized\glioma\glioma_tumor_gg (473).jpg
glioma,F:\brain tumor detection\data\raw\secondary\normalized\glioma\glioma_tumor_gg (474).jpg
glioma,F:\brain tumor detection\data\raw\secondary\normalized\glioma\glioma_tumor_gg (475).jpg
glioma,F:\brain tumor detection\data\raw\secondary\normalized\glioma\glioma_tumor_gg (476).jpg
glioma,F:\brain tumor detection\data\raw\secondary\normalized\glioma\glioma_tumor_gg (477).jpg
glioma,F:\brain tumor detection\data\raw\secondary\normalized\glioma\glioma_tumor_gg (478).jpg
glioma,F:\brain tumor detection\data\raw\secondary\normalized\glioma\glioma_tumor_gg (479).jpg
glioma,F:\brain tumor detection\data\raw\secondary\normalized\glioma\glioma_tumor_gg (48).jpg
glioma,F:\brain tumor detection\data\raw\secondary\normalized\glioma\glioma_tumor_gg (480).jpg
glioma,F:\brain tumor detection\data\raw\secondary\normalized\glioma\glioma_tumor_gg (481).jpg
glioma,F:\brain tumor detection\data\raw\secondary\normalized\glioma\glioma_tumor_gg (482).jpg
glioma,F:\brain tumor detection\data\raw\secondary\normalized\glioma\glioma_tumor_gg (483).jpg
glioma,F:\brain tumor detection\data\raw\secondary\normalized\glioma\glioma_tumor_gg (484).jpg
glioma,F:\brain tumor detection\data\raw\secondary\normalized\glioma\glioma_tumor_gg (485).jpg
glioma,F:\brain tumor detection\data\raw\secondary\normalized\glioma\glioma_tumor_gg (486).jpg
glioma,F:\brain tumor detection\data\raw\secondary\normalized\glioma\glioma_tumor_gg (487).jpg
glioma,F:\brain tumor detection\data\raw\secondary\normalized\glioma\glioma_tumor_gg (488).jpg
glioma,F:\brain tumor detection\data\raw\secondary\normalized\glioma\glioma_tumor_gg (489).jpg
glioma,F:\brain tumor detection\data\raw\secondary\normalized\glioma\glioma_tumor_gg (49).jpg
glioma,F:\brain tumor detection\data\raw\secondary\normalized\glioma\glioma_tumor_gg (490).jpg
glioma,F:\brain tumor detection\data\raw\secondary\normalized\glioma\glioma_tumor_gg (491).jpg
glioma,F:\brain tumor detection\data\raw\secondary\normalized\glioma\glioma_tumor_gg (492).jpg
glioma,F:\brain tumor detection\data\raw\secondary\normalized\glioma\glioma_tumor_gg (493).jpg
glioma,F:\brain tumor detection\data\raw\secondary\normalized\glioma\glioma_tumor_gg (494).jpg
glioma,F:\brain tumor detection\data\raw\secondary\normalized\glioma\glioma_tumor_gg (495).jpg
glioma,F:\brain tumor detection\data\raw\secondary\normalized\glioma\glioma_tumor_gg (496).jpg
glioma,F:\brain tumor detection\data\raw\secondary\normalized\glioma\glioma_tumor_gg (497).jpg
glioma,F:\brain tumor detection\data\raw\secondary\normalized\glioma\glioma_tumor_gg (498).jpg
glioma,F:\brain tumor detection\data\raw\secondary\normalized\glioma\glioma_tumor_gg (499).jpg
glioma,F:\brain tumor detection\data\raw\secondary\normalized\glioma\glioma_tumor_gg (5).jpg
glioma,F:\brain tumor detection\data\raw\secondary\normalized\glioma\glioma_tumor_gg (50).jpg
glioma,F:\brain tumor detection\data\raw\secondary\normalized\glioma\glioma_tumor_gg (500).jpg
glioma,F:\brain tumor detection\data\raw\secondary\normalized\glioma\glioma_tumor_gg (501).jpg
glioma,F:\brain tumor detection\data\raw\secondary\normalized\glioma\glioma_tumor_gg (502).jpg
glioma,F:\brain tumor detection\data\raw\secondary\normalized\glioma\glioma_tumor_gg (503).jpg
glioma,F:\brain tumor detection\data\raw\secondary\normalized\glioma\glioma_tumor_gg (504).jpg
glioma,F:\brain tumor detection\data\raw\secondary\normalized\glioma\glioma_tumor_gg (505).jpg
glioma,F:\brain tumor detection\data\raw\secondary\normalized\glioma\glioma_tumor_gg (506).jpg
glioma,F:\brain tumor detection\data\raw\secondary\normalized\glioma\glioma_tumor_gg (507).jpg
glioma,F:\brain tumor detection\data\raw\secondary\normalized\glioma\glioma_tumor_gg (508).jpg
glioma,F:\brain tumor detection\data\raw\secondary\normalized\glioma\glioma_tumor_gg (509).jpg
glioma,F:\brain tumor detection\data\raw\secondary\normalized\glioma\glioma_tumor_gg (51).jpg
glioma,F:\brain tumor detection\data\raw\secondary\normalized\glioma\glioma_tumor_gg (510).jpg
glioma,F:\brain tumor detection\data\raw\secondary\normalized\glioma\glioma_tumor_gg (511).jpg
glioma,F:\brain tumor detection\data\raw\secondary\normalized\glioma\glioma_tumor_gg (512).jpg
glioma,F:\brain tumor detection\data\raw\secondary\normalized\glioma\glioma_tumor_gg (513).jpg
glioma,F:\brain tumor detection\data\raw\secondary\normalized\glioma\glioma_tumor_gg (514).jpg
glioma,F:\brain tumor detection\data\raw\secondary\normalized\glioma\glioma_tumor_gg (515).jpg
glioma,F:\brain tumor detection\data\raw\secondary\normalized\glioma\glioma_tumor_gg (516).jpg
glioma,F:\brain tumor detection\data\raw\secondary\normalized\glioma\glioma_tumor_gg (517).jpg
glioma,F:\brain tumor detection\data\raw\secondary\normalized\glioma\glioma_tumor_gg (518).jpg
glioma,F:\brain tumor detection\data\raw\secondary\normalized\glioma\glioma_tumor_gg (519).jpg
glioma,F:\brain tumor detection\data\raw\secondary\normalized\glioma\glioma_tumor_gg (52).jpg
glioma,F:\brain tumor detection\data\raw\secondary\normalized\glioma\glioma_tumor_gg (520).jpg
glioma,F:\brain tumor detection\data\raw\secondary\normalized\glioma\glioma_tumor_gg (521).jpg
glioma,F:\brain tumor detection\data\raw\secondary\normalized\glioma\glioma_tumor_gg (522).jpg
glioma,F:\brain tumor detection\data\raw\secondary\normalized\glioma\glioma_tumor_gg (523).jpg
glioma,F:\brain tumor detection\data\raw\secondary\normalized\glioma\glioma_tumor_gg (524).jpg
glioma,F:\brain tumor detection\data\raw\secondary\normalized\glioma\glioma_tumor_gg (525).jpg
glioma,F:\brain tumor detection\data\raw\secondary\normalized\glioma\glioma_tumor_gg (526).jpg
glioma,F:\brain tumor detection\data\raw\secondary\normalized\glioma\glioma_tumor_gg (527).jpg
glioma,F:\brain tumor detection\data\raw\secondary\normalized\glioma\glioma_tumor_gg (528).jpg
glioma,F:\brain tumor detection\data\raw\secondary\normalized\glioma\glioma_tumor_gg (529).jpg
glioma,F:\brain tumor detection\data\raw\secondary\normalized\glioma\glioma_tumor_gg (53).jpg
glioma,F:\brain tumor detection\data\raw\secondary\normalized\glioma\glioma_tumor_gg (530).jpg
glioma,F:\brain tumor detection\data\raw\secondary\normalized\glioma\glioma_tumor_gg (531).jpg
glioma,F:\brain tumor detection\data\raw\secondary\normalized\glioma\glioma_tumor_gg (532).jpg
glioma,F:\brain tumor detection\data\raw\secondary\normalized\glioma\glioma_tumor_gg (533).jpg
glioma,F:\brain tumor detection\data\raw\secondary\normalized\glioma\glioma_tumor_gg (534).jpg
glioma,F:\brain tumor detection\data\raw\secondary\normalized\glioma\glioma_tumor_gg (535).jpg
glioma,F:\brain tumor detection\data\raw\secondary\normalized\glioma\glioma_tumor_gg (536).jpg
glioma,F:\brain tumor detection\data\raw\secondary\normalized\glioma\glioma_tumor_gg (537).jpg
glioma,F:\brain tumor detection\data\raw\secondary\normalized\glioma\glioma_tumor_gg (538).jpg
glioma,F:\brain tumor detection\data\raw\secondary\normalized\glioma\glioma_tumor_gg (539).jpg
glioma,F:\brain tumor detection\data\raw\secondary\normalized\glioma\glioma_tumor_gg (54).jpg
glioma,F:\brain tumor detection\data\raw\secondary\normalized\glioma\glioma_tumor_gg (540).jpg
glioma,F:\brain tumor detection\data\raw\secondary\normalized\glioma\glioma_tumor_gg (541).jpg
glioma,F:\brain tumor detection\data\raw\secondary\normalized\glioma\glioma_tumor_gg (542).jpg
glioma,F:\brain tumor detection\data\raw\secondary\normalized\glioma\glioma_tumor_gg (543).jpg
glioma,F:\brain tumor detection\data\raw\secondary\normalized\glioma\glioma_tumor_gg (544).jpg
glioma,F:\brain tumor detection\data\raw\secondary\normalized\glioma\glioma_tumor_gg (545).jpg
glioma,F:\brain tumor detection\data\raw\secondary\normalized\glioma\glioma_tumor_gg (546).jpg
glioma,F:\brain tumor detection\data\raw\secondary\normalized\glioma\glioma_tumor_gg (547).jpg
glioma,F:\brain tumor detection\data\raw\secondary\normalized\glioma\glioma_tumor_gg (548).jpg
glioma,F:\brain tumor detection\data\raw\secondary\normalized\glioma\glioma_tumor_gg (549).jpg
glioma,F:\brain tumor detection\data\raw\secondary\normalized\glioma\glioma_tumor_gg (55).jpg
glioma,F:\brain tumor detection\data\raw\secondary\normalized\glioma\glioma_tumor_gg (550).jpg
glioma,F:\brain tumor detection\data\raw\secondary\normalized\glioma\glioma_tumor_gg (551).jpg
glioma,F:\brain tumor detection\data\raw\secondary\normalized\glioma\glioma_tumor_gg (552).jpg
glioma,F:\brain tumor detection\data\raw\secondary\normalized\glioma\glioma_tumor_gg (553).jpg
glioma,F:\brain tumor detection\data\raw\secondary\normalized\glioma\glioma_tumor_gg (554).jpg
glioma,F:\brain tumor detection\data\raw\secondary\normalized\glioma\glioma_tumor_gg (555).jpg
glioma,F:\brain tumor detection\data\raw\secondary\normalized\glioma\glioma_tumor_gg (556).jpg
glioma,F:\brain tumor detection\data\raw\secondary\normalized\glioma\glioma_tumor_gg (557).jpg
glioma,F:\brain tumor detection\data\raw\secondary\normalized\glioma\glioma_tumor_gg (558).jpg
glioma,F:\brain tumor detection\data\raw\secondary\normalized\glioma\glioma_tumor_gg (559).jpg
glioma,F:\brain tumor detection\data\raw\secondary\normalized\glioma\glioma_tumor_gg (56).jpg
glioma,F:\brain tumor detection\data\raw\secondary\normalized\glioma\glioma_tumor_gg (560).jpg
glioma,F:\brain tumor detection\data\raw\secondary\normalized\glioma\glioma_tumor_gg (561).jpg
glioma,F:\brain tumor detection\data\raw\secondary\normalized\glioma\glioma_tumor_gg (562).jpg
glioma,F:\brain tumor detection\data\raw\secondary\normalized\glioma\glioma_tumor_gg (563).jpg
glioma,F:\brain tumor detection\data\raw\secondary\normalized\glioma\glioma_tumor_gg (564).jpg
glioma,F:\brain tumor detection\data\raw\secondary\normalized\glioma\glioma_tumor_gg (565).jpg
glioma,F:\brain tumor detection\data\raw\secondary\normalized\glioma\glioma_tumor_gg (566).jpg
glioma,F:\brain tumor detection\data\raw\secondary\normalized\glioma\glioma_tumor_gg (567).jpg
glioma,F:\brain tumor detection\data\raw\secondary\normalized\glioma\glioma_tumor_gg (568).jpg
glioma,F:\brain tumor detection\data\raw\secondary\normalized\glioma\glioma_tumor_gg (569).jpg
glioma,F:\brain tumor detection\data\raw\secondary\normalized\glioma\glioma_tumor_gg (57).jpg
glioma,F:\brain tumor detection\data\raw\secondary\normalized\glioma\glioma_tumor_gg (570).jpg
glioma,F:\brain tumor detection\data\raw\secondary\normalized\glioma\glioma_tumor_gg (571).jpg
glioma,F:\brain tumor detection\data\raw\secondary\normalized\glioma\glioma_tumor_gg (572).jpg
glioma,F:\brain tumor detection\data\raw\secondary\normalized\glioma\glioma_tumor_gg (573).jpg
glioma,F:\brain tumor detection\data\raw\secondary\normalized\glioma\glioma_tumor_gg (574).jpg
glioma,F:\brain tumor detection\data\raw\secondary\normalized\glioma\glioma_tumor_gg (575).jpg
glioma,F:\brain tumor detection\data\raw\secondary\normalized\glioma\glioma_tumor_gg (576).jpg
glioma,F:\brain tumor detection\data\raw\secondary\normalized\glioma\glioma_tumor_gg (577).jpg
glioma,F:\brain tumor detection\data\raw\secondary\normalized\glioma\glioma_tumor_gg (578).jpg
glioma,F:\brain tumor detection\data\raw\secondary\normalized\glioma\glioma_tumor_gg (579).jpg
glioma,F:\brain tumor detection\data\raw\secondary\normalized\glioma\glioma_tumor_gg (58).jpg
glioma,F:\brain tumor detection\data\raw\secondary\normalized\glioma\glioma_tumor_gg (580).jpg
glioma,F:\brain tumor detection\data\raw\secondary\normalized\glioma\glioma_tumor_gg (581).jpg
glioma,F:\brain tumor detection\data\raw\secondary\normalized\glioma\glioma_tumor_gg (582).jpg
glioma,F:\brain tumor detection\data\raw\secondary\normalized\glioma\glioma_tumor_gg (583).jpg
glioma,F:\brain tumor detection\data\raw\secondary\normalized\glioma\glioma_tumor_gg (584).jpg
glioma,F:\brain tumor detection\data\raw\secondary\normalized\glioma\glioma_tumor_gg (585).jpg
glioma,F:\brain tumor detection\data\raw\secondary\normalized\glioma\glioma_tumor_gg (586).jpg
glioma,F:\brain tumor detection\data\raw\secondary\normalized\glioma\glioma_tumor_gg (587).jpg
glioma,F:\brain tumor detection\data\raw\secondary\normalized\glioma\glioma_tumor_gg (588).jpg
glioma,F:\brain tumor detection\data\raw\secondary\normalized\glioma\glioma_tumor_gg (589).jpg
glioma,F:\brain tumor detection\data\raw\secondary\normalized\glioma\glioma_tumor_gg (59).jpg
glioma,F:\brain tumor detection\data\raw\secondary\normalized\glioma\glioma_tumor_gg (590).jpg
glioma,F:\brain tumor detection\data\raw\secondary\normalized\glioma\glioma_tumor_gg (591).jpg
glioma,F:\brain tumor detection\data\raw\secondary\normalized\glioma\glioma_tumor_gg (592).jpg
glioma,F:\brain tumor detection\data\raw\secondary\normalized\glioma\glioma_tumor_gg (593).jpg
glioma,F:\brain tumor detection\data\raw\secondary\normalized\glioma\glioma_tumor_gg (594).jpg
glioma,F:\brain tumor detection\data\raw\secondary\normalized\glioma\glioma_tumor_gg (595).jpg
glioma,F:\brain tumor detection\data\raw\secondary\normalized\glioma\glioma_tumor_gg (596).jpg
glioma,F:\brain tumor detection\data\raw\secondary\normalized\glioma\glioma_tumor_gg (597).jpg
glioma,F:\brain tumor detection\data\raw\secondary\normalized\glioma\glioma_tumor_gg (598).jpg
glioma,F:\brain tumor detection\data\raw\secondary\normalized\glioma\glioma_tumor_gg (599).jpg
glioma,F:\brain tumor detection\data\raw\secondary\normalized\glioma\glioma_tumor_gg (6).jpg
glioma,F:\brain tumor detection\data\raw\secondary\normalized\glioma\glioma_tumor_gg (60).jpg
glioma,F:\brain tumor detection\data\raw\secondary\normalized\glioma\glioma_tumor_gg (600).jpg
glioma,F:\brain tumor detection\data\raw\secondary\normalized\glioma\glioma_tumor_gg (601).jpg
glioma,F:\brain tumor detection\data\raw\secondary\normalized\glioma\glioma_tumor_gg (602).jpg
glioma,F:\brain tumor detection\data\raw\secondary\normalized\glioma\glioma_tumor_gg (603).jpg
glioma,F:\brain tumor detection\data\raw\secondary\normalized\glioma\glioma_tumor_gg (604).jpg
glioma,F:\brain tumor detection\data\raw\secondary\normalized\glioma\glioma_tumor_gg (605).jpg
glioma,F:\brain tumor detection\data\raw\secondary\normalized\glioma\glioma_tumor_gg (606).jpg
glioma,F:\brain tumor detection\data\raw\secondary\normalized\glioma\glioma_tumor_gg (607).jpg
glioma,F:\brain tumor detection\data\raw\secondary\normalized\glioma\glioma_tumor_gg (608).jpg
glioma,F:\brain tumor detection\data\raw\secondary\normalized\glioma\glioma_tumor_gg (609).jpg
glioma,F:\brain tumor detection\data\raw\secondary\normalized\glioma\glioma_tumor_gg (61).jpg
glioma,F:\brain tumor detection\data\raw\secondary\normalized\glioma\glioma_tumor_gg (610).jpg
glioma,F:\brain tumor detection\data\raw\secondary\normalized\glioma\glioma_tumor_gg (611).jpg
glioma,F:\brain tumor detection\data\raw\secondary\normalized\glioma\glioma_tumor_gg (612).jpg
glioma,F:\brain tumor detection\data\raw\secondary\normalized\glioma\glioma_tumor_gg (613).jpg
glioma,F:\brain tumor detection\data\raw\secondary\normalized\glioma\glioma_tumor_gg (614).jpg
glioma,F:\brain tumor detection\data\raw\secondary\normalized\glioma\glioma_tumor_gg (615).jpg
glioma,F:\brain tumor detection\data\raw\secondary\normalized\glioma\glioma_tumor_gg (616).jpg
glioma,F:\brain tumor detection\data\raw\secondary\normalized\glioma\glioma_tumor_gg (617).jpg
glioma,F:\brain tumor detection\data\raw\secondary\normalized\glioma\glioma_tumor_gg (618).jpg
glioma,F:\brain tumor detection\data\raw\secondary\normalized\glioma\glioma_tumor_gg (619).jpg
glioma,F:\brain tumor detection\data\raw\secondary\normalized\glioma\glioma_tumor_gg (62).jpg
glioma,F:\brain tumor detection\data\raw\secondary\normalized\glioma\glioma_tumor_gg (620).jpg
glioma,F:\brain tumor detection\data\raw\secondary\normalized\glioma\glioma_tumor_gg (621).jpg
glioma,F:\brain tumor detection\data\raw\secondary\normalized\glioma\glioma_tumor_gg (622).jpg
glioma,F:\brain tumor detection\data\raw\secondary\normalized\glioma\glioma_tumor_gg (623).jpg
glioma,F:\brain tumor detection\data\raw\secondary\normalized\glioma\glioma_tumor_gg (624).jpg
glioma,F:\brain tumor detection\data\raw\secondary\normalized\glioma\glioma_tumor_gg (625).jpg
glioma,F:\brain tumor detection\data\raw\secondary\normalized\glioma\glioma_tumor_gg (626).jpg
glioma,F:\brain tumor detection\data\raw\secondary\normalized\glioma\glioma_tumor_gg (627).jpg
glioma,F:\brain tumor detection\data\raw\secondary\normalized\glioma\glioma_tumor_gg (628).jpg
glioma,F:\brain tumor detection\data\raw\secondary\normalized\glioma\glioma_tumor_gg (629).jpg
glioma,F:\brain tumor detection\data\raw\secondary\normalized\glioma\glioma_tumor_gg (63).jpg
glioma,F:\brain tumor detection\data\raw\secondary\normalized\glioma\glioma_tumor_gg (630).jpg
glioma,F:\brain tumor detection\data\raw\secondary\normalized\glioma\glioma_tumor_gg (631).jpg
glioma,F:\brain tumor detection\data\raw\secondary\normalized\glioma\glioma_tumor_gg (632).jpg
glioma,F:\brain tumor detection\data\raw\secondary\normalized\glioma\glioma_tumor_gg (633).jpg
glioma,F:\brain tumor detection\data\raw\secondary\normalized\glioma\glioma_tumor_gg (634).jpg
glioma,F:\brain tumor detection\data\raw\secondary\normalized\glioma\glioma_tumor_gg (635).jpg
glioma,F:\brain tumor detection\data\raw\secondary\normalized\glioma\glioma_tumor_gg (636).jpg
glioma,F:\brain tumor detection\data\raw\secondary\normalized\glioma\glioma_tumor_gg (637).jpg
glioma,F:\brain tumor detection\data\raw\secondary\normalized\glioma\glioma_tumor_gg (638).jpg
glioma,F:\brain tumor detection\data\raw\secondary\normalized\glioma\glioma_tumor_gg (639).jpg
glioma,F:\brain tumor detection\data\raw\secondary\normalized\glioma\glioma_tumor_gg (64).jpg
glioma,F:\brain tumor detection\data\raw\secondary\normalized\glioma\glioma_tumor_gg (640).jpg
glioma,F:\brain tumor detection\data\raw\secondary\normalized\glioma\glioma_tumor_gg (641).jpg
glioma,F:\brain tumor detection\data\raw\secondary\normalized\glioma\glioma_tumor_gg (642).jpg
glioma,F:\brain tumor detection\data\raw\secondary\normalized\glioma\glioma_tumor_gg (643).jpg
glioma,F:\brain tumor detection\data\raw\secondary\normalized\glioma\glioma_tumor_gg (644).jpg
glioma,F:\brain tumor detection\data\raw\secondary\normalized\glioma\glioma_tumor_gg (645).jpg
glioma,F:\brain tumor detection\data\raw\secondary\normalized\glioma\glioma_tumor_gg (646).jpg
glioma,F:\brain tumor detection\data\raw\secondary\normalized\glioma\glioma_tumor_gg (647).jpg
glioma,F:\brain tumor detection\data\raw\secondary\normalized\glioma\glioma_tumor_gg (648).jpg
glioma,F:\brain tumor detection\data\raw\secondary\normalized\glioma\glioma_tumor_gg (649).jpg
glioma,F:\brain tumor detection\data\raw\secondary\normalized\glioma\glioma_tumor_gg (65).jpg
glioma,F:\brain tumor detection\data\raw\secondary\normalized\glioma\glioma_tumor_gg (650).jpg
glioma,F:\brain tumor detection\data\raw\secondary\normalized\glioma\glioma_tumor_gg (651).jpg
glioma,F:\brain tumor detection\data\raw\secondary\normalized\glioma\glioma_tumor_gg (652).jpg
glioma,F:\brain tumor detection\data\raw\secondary\normalized\glioma\glioma_tumor_gg (653).jpg
glioma,F:\brain tumor detection\data\raw\secondary\normalized\glioma\glioma_tumor_gg (654).jpg
glioma,F:\brain tumor detection\data\raw\secondary\normalized\glioma\glioma_tumor_gg (655).jpg
glioma,F:\brain tumor detection\data\raw\secondary\normalized\glioma\glioma_tumor_gg (656).jpg
glioma,F:\brain tumor detection\data\raw\secondary\normalized\glioma\glioma_tumor_gg (657).jpg
glioma,F:\brain tumor detection\data\raw\secondary\normalized\glioma\glioma_tumor_gg (658).jpg
glioma,F:\brain tumor detection\data\raw\secondary\normalized\glioma\glioma_tumor_gg (659).jpg
glioma,F:\brain tumor detection\data\raw\secondary\normalized\glioma\glioma_tumor_gg (66).jpg
glioma,F:\brain tumor detection\data\raw\secondary\normalized\glioma\glioma_tumor_gg (660).jpg
glioma,F:\brain tumor detection\data\raw\secondary\normalized\glioma\glioma_tumor_gg (661).jpg
glioma,F:\brain tumor detection\data\raw\secondary\normalized\glioma\glioma_tumor_gg (662).jpg
glioma,F:\brain tumor detection\data\raw\secondary\normalized\glioma\glioma_tumor_gg (663).jpg
glioma,F:\brain tumor detection\data\raw\secondary\normalized\glioma\glioma_tumor_gg (664).jpg
glioma,F:\brain tumor detection\data\raw\secondary\normalized\glioma\glioma_tumor_gg (665).jpg
glioma,F:\brain tumor detection\data\raw\secondary\normalized\glioma\glioma_tumor_gg (666).jpg
glioma,F:\brain tumor detection\data\raw\secondary\normalized\glioma\glioma_tumor_gg (667).jpg
glioma,F:\brain tumor detection\data\raw\secondary\normalized\glioma\glioma_tumor_gg (668).jpg
glioma,F:\brain tumor detection\data\raw\secondary\normalized\glioma\glioma_tumor_gg (669).jpg
glioma,F:\brain tumor detection\data\raw\secondary\normalized\glioma\glioma_tumor_gg (67).jpg
glioma,F:\brain tumor detection\data\raw\secondary\normalized\glioma\glioma_tumor_gg (670).jpg
glioma,F:\brain tumor detection\data\raw\secondary\normalized\glioma\glioma_tumor_gg (671).jpg
glioma,F:\brain tumor detection\data\raw\secondary\normalized\glioma\glioma_tumor_gg (672).jpg
glioma,F:\brain tumor detection\data\raw\secondary\normalized\glioma\glioma_tumor_gg (673).jpg
glioma,F:\brain tumor detection\data\raw\secondary\normalized\glioma\glioma_tumor_gg (674).jpg
glioma,F:\brain tumor detection\data\raw\secondary\normalized\glioma\glioma_tumor_gg (675).jpg
glioma,F:\brain tumor detection\data\raw\secondary\normalized\glioma\glioma_tumor_gg (676).jpg
glioma,F:\brain tumor detection\data\raw\secondary\normalized\glioma\glioma_tumor_gg (677).jpg
glioma,F:\brain tumor detection\data\raw\secondary\normalized\glioma\glioma_tumor_gg (678).jpg
glioma,F:\brain tumor detection\data\raw\secondary\normalized\glioma\glioma_tumor_gg (679).jpg
glioma,F:\brain tumor detection\data\raw\secondary\normalized\glioma\glioma_tumor_gg (68).jpg
glioma,F:\brain tumor detection\data\raw\secondary\normalized\glioma\glioma_tumor_gg (680).jpg
glioma,F:\brain tumor detection\data\raw\secondary\normalized\glioma\glioma_tumor_gg (681).jpg
glioma,F:\brain tumor detection\data\raw\secondary\normalized\glioma\glioma_tumor_gg (682).jpg
glioma,F:\brain tumor detection\data\raw\secondary\normalized\glioma\glioma_tumor_gg (683).jpg
glioma,F:\brain tumor detection\data\raw\secondary\normalized\glioma\glioma_tumor_gg (684).jpg
glioma,F:\brain tumor detection\data\raw\secondary\normalized\glioma\glioma_tumor_gg (685).jpg
glioma,F:\brain tumor detection\data\raw\secondary\normalized\glioma\glioma_tumor_gg (686).jpg
glioma,F:\brain tumor detection\data\raw\secondary\normalized\glioma\glioma_tumor_gg (687).jpg
glioma,F:\brain tumor detection\data\raw\secondary\normalized\glioma\glioma_tumor_gg (688).jpg
glioma,F:\brain tumor detection\data\raw\secondary\normalized\glioma\glioma_tumor_gg (689).jpg
glioma,F:\brain tumor detection\data\raw\secondary\normalized\glioma\glioma_tumor_gg (69).jpg
glioma,F:\brain tumor detection\data\raw\secondary\normalized\glioma\glioma_tumor_gg (690).jpg
glioma,F:\brain tumor detection\data\raw\secondary\normalized\glioma\glioma_tumor_gg (691).jpg
glioma,F:\brain tumor detection\data\raw\secondary\normalized\glioma\glioma_tumor_gg (692).jpg
glioma,F:\brain tumor detection\data\raw\secondary\normalized\glioma\glioma_tumor_gg (693).jpg
glioma,F:\brain tumor detection\data\raw\secondary\normalized\glioma\glioma_tumor_gg (694).jpg
glioma,F:\brain tumor detection\data\raw\secondary\normalized\glioma\glioma_tumor_gg (695).jpg
glioma,F:\brain tumor detection\data\raw\secondary\normalized\glioma\glioma_tumor_gg (696).jpg
glioma,F:\brain tumor detection\data\raw\secondary\normalized\glioma\glioma_tumor_gg (697).jpg
glioma,F:\brain tumor detection\data\raw\secondary\normalized\glioma\glioma_tumor_gg (698).jpg
glioma,F:\brain tumor detection\data\raw\secondary\normalized\glioma\glioma_tumor_gg (699).jpg
glioma,F:\brain tumor detection\data\raw\secondary\normalized\glioma\glioma_tumor_gg (7).jpg
glioma,F:\brain tumor detection\data\raw\secondary\normalized\glioma\glioma_tumor_gg (70).jpg
glioma,F:\brain tumor detection\data\raw\secondary\normalized\glioma\glioma_tumor_gg (700).jpg
glioma,F:\brain tumor detection\data\raw\secondary\normalized\glioma\glioma_tumor_gg (701).jpg
glioma,F:\brain tumor detection\data\raw\secondary\normalized\glioma\glioma_tumor_gg (702).jpg
glioma,F:\brain tumor detection\data\raw\secondary\normalized\glioma\glioma_tumor_gg (703).jpg
glioma,F:\brain tumor detection\data\raw\secondary\normalized\glioma\glioma_tumor_gg (704).jpg
glioma,F:\brain tumor detection\data\raw\secondary\normalized\glioma\glioma_tumor_gg (705).jpg
glioma,F:\brain tumor detection\data\raw\secondary\normalized\glioma\glioma_tumor_gg (706).jpg
glioma,F:\brain tumor detection\data\raw\secondary\normalized\glioma\glioma_tumor_gg (707).jpg
glioma,F:\brain tumor detection\data\raw\secondary\normalized\glioma\glioma_tumor_gg (708).jpg
glioma,F:\brain tumor detection\data\raw\secondary\normalized\glioma\glioma_tumor_gg (709).jpg
glioma,F:\brain tumor detection\data\raw\secondary\normalized\glioma\glioma_tumor_gg (71).jpg
glioma,F:\brain tumor detection\data\raw\secondary\normalized\glioma\glioma_tumor_gg (710).jpg
glioma,F:\brain tumor detection\data\raw\secondary\normalized\glioma\glioma_tumor_gg (711).jpg
glioma,F:\brain tumor detection\data\raw\secondary\normalized\glioma\glioma_tumor_gg (712).jpg
glioma,F:\brain tumor detection\data\raw\secondary\normalized\glioma\glioma_tumor_gg (713).jpg
glioma,F:\brain tumor detection\data\raw\secondary\normalized\glioma\glioma_tumor_gg (714).jpg
glioma,F:\brain tumor detection\data\raw\secondary\normalized\glioma\glioma_tumor_gg (715).jpg
glioma,F:\brain tumor detection\data\raw\secondary\normalized\glioma\glioma_tumor_gg (716).jpg
glioma,F:\brain tumor detection\data\raw\secondary\normalized\glioma\glioma_tumor_gg (717).jpg
glioma,F:\brain tumor detection\data\raw\secondary\normalized\glioma\glioma_tumor_gg (718).jpg
glioma,F:\brain tumor detection\data\raw\secondary\normalized\glioma\glioma_tumor_gg (719).jpg
glioma,F:\brain tumor detection\data\raw\secondary\normalized\glioma\glioma_tumor_gg (72).jpg
glioma,F:\brain tumor detection\data\raw\secondary\normalized\glioma\glioma_tumor_gg (720).jpg
glioma,F:\brain tumor detection\data\raw\secondary\normalized\glioma\glioma_tumor_gg (721).jpg
glioma,F:\brain tumor detection\data\raw\secondary\normalized\glioma\glioma_tumor_gg (722).jpg
glioma,F:\brain tumor detection\data\raw\secondary\normalized\glioma\glioma_tumor_gg (723).jpg
glioma,F:\brain tumor detection\data\raw\secondary\normalized\glioma\glioma_tumor_gg (724).jpg
glioma,F:\brain tumor detection\data\raw\secondary\normalized\glioma\glioma_tumor_gg (725).jpg
glioma,F:\brain tumor detection\data\raw\secondary\normalized\glioma\glioma_tumor_gg (726).jpg
glioma,F:\brain tumor detection\data\raw\secondary\normalized\glioma\glioma_tumor_gg (727).jpg
glioma,F:\brain tumor detection\data\raw\secondary\normalized\glioma\glioma_tumor_gg (728).jpg
glioma,F:\brain tumor detection\data\raw\secondary\normalized\glioma\glioma_tumor_gg (729).jpg
glioma,F:\brain tumor detection\data\raw\secondary\normalized\glioma\glioma_tumor_gg (73).jpg
glioma,F:\brain tumor detection\data\raw\secondary\normalized\glioma\glioma_tumor_gg (730).jpg
glioma,F:\brain tumor detection\data\raw\secondary\normalized\glioma\glioma_tumor_gg (731).jpg
glioma,F:\brain tumor detection\data\raw\secondary\normalized\glioma\glioma_tumor_gg (732).jpg
glioma,F:\brain tumor detection\data\raw\secondary\normalized\glioma\glioma_tumor_gg (733).jpg
glioma,F:\brain tumor detection\data\raw\secondary\normalized\glioma\glioma_tumor_gg (734).jpg
glioma,F:\brain tumor detection\data\raw\secondary\normalized\glioma\glioma_tumor_gg (735).jpg
glioma,F:\brain tumor detection\data\raw\secondary\normalized\glioma\glioma_tumor_gg (736).jpg
glioma,F:\brain tumor detection\data\raw\secondary\normalized\glioma\glioma_tumor_gg (737).jpg
glioma,F:\brain tumor detection\data\raw\secondary\normalized\glioma\glioma_tumor_gg (738).jpg
glioma,F:\brain tumor detection\data\raw\secondary\normalized\glioma\glioma_tumor_gg (739).jpg
glioma,F:\brain tumor detection\data\raw\secondary\normalized\glioma\glioma_tumor_gg (74).jpg
glioma,F:\brain tumor detection\data\raw\secondary\normalized\glioma\glioma_tumor_gg (740).jpg
glioma,F:\brain tumor detection\data\raw\secondary\normalized\glioma\glioma_tumor_gg (741).jpg
glioma,F:\brain tumor detection\data\raw\secondary\normalized\glioma\glioma_tumor_gg (742).jpg
glioma,F:\brain tumor detection\data\raw\secondary\normalized\glioma\glioma_tumor_gg (743).jpg
glioma,F:\brain tumor detection\data\raw\secondary\normalized\glioma\glioma_tumor_gg (744).jpg
glioma,F:\brain tumor detection\data\raw\secondary\normalized\glioma\glioma_tumor_gg (745).jpg
glioma,F:\brain tumor detection\data\raw\secondary\normalized\glioma\glioma_tumor_gg (746).jpg
glioma,F:\brain tumor detection\data\raw\secondary\normalized\glioma\glioma_tumor_gg (747).jpg
glioma,F:\brain tumor detection\data\raw\secondary\normalized\glioma\glioma_tumor_gg (748).jpg
glioma,F:\brain tumor detection\data\raw\secondary\normalized\glioma\glioma_tumor_gg (749).jpg
glioma,F:\brain tumor detection\data\raw\secondary\normalized\glioma\glioma_tumor_gg (75).jpg
glioma,F:\brain tumor detection\data\raw\secondary\normalized\glioma\glioma_tumor_gg (750).jpg
glioma,F:\brain tumor detection\data\raw\secondary\normalized\glioma\glioma_tumor_gg (751).jpg
glioma,F:\brain tumor detection\data\raw\secondary\normalized\glioma\glioma_tumor_gg (752).jpg
glioma,F:\brain tumor detection\data\raw\secondary\normalized\glioma\glioma_tumor_gg (753).jpg
glioma,F:\brain tumor detection\data\raw\secondary\normalized\glioma\glioma_tumor_gg (754).jpg
glioma,F:\brain tumor detection\data\raw\secondary\normalized\glioma\glioma_tumor_gg (755).jpg
glioma,F:\brain tumor detection\data\raw\secondary\normalized\glioma\glioma_tumor_gg (756).jpg
glioma,F:\brain tumor detection\data\raw\secondary\normalized\glioma\glioma_tumor_gg (757).jpg
glioma,F:\brain tumor detection\data\raw\secondary\normalized\glioma\glioma_tumor_gg (758).jpg
glioma,F:\brain tumor detection\data\raw\secondary\normalized\glioma\glioma_tumor_gg (759).jpg
glioma,F:\brain tumor detection\data\raw\secondary\normalized\glioma\glioma_tumor_gg (76).jpg
glioma,F:\brain tumor detection\data\raw\secondary\normalized\glioma\glioma_tumor_gg (760).jpg
glioma,F:\brain tumor detection\data\raw\secondary\normalized\glioma\glioma_tumor_gg (761).jpg
glioma,F:\brain tumor detection\data\raw\secondary\normalized\glioma\glioma_tumor_gg (762).jpg
glioma,F:\brain tumor detection\data\raw\secondary\normalized\glioma\glioma_tumor_gg (763).jpg
glioma,F:\brain tumor detection\data\raw\secondary\normalized\glioma\glioma_tumor_gg (764).jpg
glioma,F:\brain tumor detection\data\raw\secondary\normalized\glioma\glioma_tumor_gg (765).jpg
glioma,F:\brain tumor detection\data\raw\secondary\normalized\glioma\glioma_tumor_gg (766).jpg
glioma,F:\brain tumor detection\data\raw\secondary\normalized\glioma\glioma_tumor_gg (767).jpg
glioma,F:\brain tumor detection\data\raw\secondary\normalized\glioma\glioma_tumor_gg (768).jpg
glioma,F:\brain tumor detection\data\raw\secondary\normalized\glioma\glioma_tumor_gg (769).jpg
glioma,F:\brain tumor detection\data\raw\secondary\normalized\glioma\glioma_tumor_gg (77).jpg
glioma,F:\brain tumor detection\data\raw\secondary\normalized\glioma\glioma_tumor_gg (770).jpg
glioma,F:\brain tumor detection\data\raw\secondary\normalized\glioma\glioma_tumor_gg (771).jpg
glioma,F:\brain tumor detection\data\raw\secondary\normalized\glioma\glioma_tumor_gg (772).jpg
glioma,F:\brain tumor detection\data\raw\secondary\normalized\glioma\glioma_tumor_gg (773).jpg
glioma,F:\brain tumor detection\data\raw\secondary\normalized\glioma\glioma_tumor_gg (774).jpg
glioma,F:\brain tumor detection\data\raw\secondary\normalized\glioma\glioma_tumor_gg (775).jpg
glioma,F:\brain tumor detection\data\raw\secondary\normalized\glioma\glioma_tumor_gg (776).jpg
glioma,F:\brain tumor detection\data\raw\secondary\normalized\glioma\glioma_tumor_gg (777).jpg
glioma,F:\brain tumor detection\data\raw\secondary\normalized\glioma\glioma_tumor_gg (778).jpg
glioma,F:\brain tumor detection\data\raw\secondary\normalized\glioma\glioma_tumor_gg (779).jpg
glioma,F:\brain tumor detection\data\raw\secondary\normalized\glioma\glioma_tumor_gg (78).jpg
glioma,F:\brain tumor detection\data\raw\secondary\normalized\glioma\glioma_tumor_gg (780).jpg
glioma,F:\brain tumor detection\data\raw\secondary\normalized\glioma\glioma_tumor_gg (781).jpg
glioma,F:\brain tumor detection\data\raw\secondary\normalized\glioma\glioma_tumor_gg (782).jpg
glioma,F:\brain tumor detection\data\raw\secondary\normalized\glioma\glioma_tumor_gg (783).jpg
glioma,F:\brain tumor detection\data\raw\secondary\normalized\glioma\glioma_tumor_gg (784).jpg
glioma,F:\brain tumor detection\data\raw\secondary\normalized\glioma\glioma_tumor_gg (785).jpg
glioma,F:\brain tumor detection\data\raw\secondary\normalized\glioma\glioma_tumor_gg (786).jpg
glioma,F:\brain tumor detection\data\raw\secondary\normalized\glioma\glioma_tumor_gg (787).jpg
glioma,F:\brain tumor detection\data\raw\secondary\normalized\glioma\glioma_tumor_gg (788).jpg
glioma,F:\brain tumor detection\data\raw\secondary\normalized\glioma\glioma_tumor_gg (789).jpg
glioma,F:\brain tumor detection\data\raw\secondary\normalized\glioma\glioma_tumor_gg (79).jpg
glioma,F:\brain tumor detection\data\raw\secondary\normalized\glioma\glioma_tumor_gg (790).jpg
glioma,F:\brain tumor detection\data\raw\secondary\normalized\glioma\glioma_tumor_gg (791).jpg
glioma,F:\brain tumor detection\data\raw\secondary\normalized\glioma\glioma_tumor_gg (792).jpg
glioma,F:\brain tumor detection\data\raw\secondary\normalized\glioma\glioma_tumor_gg (793).jpg
glioma,F:\brain tumor detection\data\raw\secondary\normalized\glioma\glioma_tumor_gg (794).jpg
glioma,F:\brain tumor detection\data\raw\secondary\normalized\glioma\glioma_tumor_gg (795).jpg
glioma,F:\brain tumor detection\data\raw\secondary\normalized\glioma\glioma_tumor_gg (796).jpg
glioma,F:\brain tumor detection\data\raw\secondary\normalized\glioma\glioma_tumor_gg (797).jpg
glioma,F:\brain tumor detection\data\raw\secondary\normalized\glioma\glioma_tumor_gg (798).jpg
glioma,F:\brain tumor detection\data\raw\secondary\normalized\glioma\glioma_tumor_gg (799).jpg
glioma,F:\brain tumor detection\data\raw\secondary\normalized\glioma\glioma_tumor_gg (8).jpg
glioma,F:\brain tumor detection\data\raw\secondary\normalized\glioma\glioma_tumor_gg (80).jpg
glioma,F:\brain tumor detection\data\raw\secondary\normalized\glioma\glioma_tumor_gg (800).jpg
glioma,F:\brain tumor detection\data\raw\secondary\normalized\glioma\glioma_tumor_gg (801).jpg
glioma,F:\brain tumor detection\data\raw\secondary\normalized\glioma\glioma_tumor_gg (802).jpg
glioma,F:\brain tumor detection\data\raw\secondary\normalized\glioma\glioma_tumor_gg (803).jpg
glioma,F:\brain tumor detection\data\raw\secondary\normalized\glioma\glioma_tumor_gg (804).jpg
glioma,F:\brain tumor detection\data\raw\secondary\normalized\glioma\glioma_tumor_gg (805).jpg
glioma,F:\brain tumor detection\data\raw\secondary\normalized\glioma\glioma_tumor_gg (806).jpg
glioma,F:\brain tumor detection\data\raw\secondary\normalized\glioma\glioma_tumor_gg (807).jpg
glioma,F:\brain tumor detection\data\raw\secondary\normalized\glioma\glioma_tumor_gg (808).jpg
glioma,F:\brain tumor detection\data\raw\secondary\normalized\glioma\glioma_tumor_gg (809).jpg
glioma,F:\brain tumor detection\data\raw\secondary\normalized\glioma\glioma_tumor_gg (81).jpg
glioma,F:\brain tumor detection\data\raw\secondary\normalized\glioma\glioma_tumor_gg (810).jpg
glioma,F:\brain tumor detection\data\raw\secondary\normalized\glioma\glioma_tumor_gg (811).jpg
glioma,F:\brain tumor detection\data\raw\secondary\normalized\glioma\glioma_tumor_gg (812).jpg
glioma,F:\brain tumor detection\data\raw\secondary\normalized\glioma\glioma_tumor_gg (813).jpg
glioma,F:\brain tumor detection\data\raw\secondary\normalized\glioma\glioma_tumor_gg (814).jpg
glioma,F:\brain tumor detection\data\raw\secondary\normalized\glioma\glioma_tumor_gg (815).jpg
glioma,F:\brain tumor detection\data\raw\secondary\normalized\glioma\glioma_tumor_gg (816).jpg
glioma,F:\brain tumor detection\data\raw\secondary\normalized\glioma\glioma_tumor_gg (817).jpg
glioma,F:\brain tumor detection\data\raw\secondary\normalized\glioma\glioma_tumor_gg (818).jpg
glioma,F:\brain tumor detection\data\raw\secondary\normalized\glioma\glioma_tumor_gg (819).jpg
glioma,F:\brain tumor detection\data\raw\secondary\normalized\glioma\glioma_tumor_gg (82).jpg
glioma,F:\brain tumor detection\data\raw\secondary\normalized\glioma\glioma_tumor_gg (820).jpg
glioma,F:\brain tumor detection\data\raw\secondary\normalized\glioma\glioma_tumor_gg (821).jpg
glioma,F:\brain tumor detection\data\raw\secondary\normalized\glioma\glioma_tumor_gg (822).jpg
glioma,F:\brain tumor detection\data\raw\secondary\normalized\glioma\glioma_tumor_gg (823).jpg
glioma,F:\brain tumor detection\data\raw\secondary\normalized\glioma\glioma_tumor_gg (824).jpg
glioma,F:\brain tumor detection\data\raw\secondary\normalized\glioma\glioma_tumor_gg (825).jpg
glioma,F:\brain tumor detection\data\raw\secondary\normalized\glioma\glioma_tumor_gg (826).jpg
glioma,F:\brain tumor detection\data\raw\secondary\normalized\glioma\glioma_tumor_gg (83).jpg
glioma,F:\brain tumor detection\data\raw\secondary\normalized\glioma\glioma_tumor_gg (84).jpg
glioma,F:\brain tumor detection\data\raw\secondary\normalized\glioma\glioma_tumor_gg (85).jpg
glioma,F:\brain tumor detection\data\raw\secondary\normalized\glioma\glioma_tumor_gg (86).jpg
glioma,F:\brain tumor detection\data\raw\secondary\normalized\glioma\glioma_tumor_gg (87).jpg
glioma,F:\brain tumor detection\data\raw\secondary\normalized\glioma\glioma_tumor_gg (88).jpg
glioma,F:\brain tumor detection\data\raw\secondary\normalized\glioma\glioma_tumor_gg (89).jpg
glioma,F:\brain tumor detection\data\raw\secondary\normalized\glioma\glioma_tumor_gg (9).jpg
glioma,F:\brain tumor detection\data\raw\secondary\normalized\glioma\glioma_tumor_gg (90).jpg
glioma,F:\brain tumor detection\data\raw\secondary\normalized\glioma\glioma_tumor_gg (91).jpg
glioma,F:\brain tumor detection\data\raw\secondary\normalized\glioma\glioma_tumor_gg (92).jpg
glioma,F:\brain tumor detection\data\raw\secondary\normalized\glioma\glioma_tumor_gg (93).jpg
glioma,F:\brain tumor detection\data\raw\secondary\normalized\glioma\glioma_tumor_gg (94).jpg
glioma,F:\brain tumor detection\data\raw\secondary\normalized\glioma\glioma_tumor_gg (95).jpg
glioma,F:\brain tumor detection\data\raw\secondary\normalized\glioma\glioma_tumor_gg (96).jpg
glioma,F:\brain tumor detection\data\raw\secondary\normalized\glioma\glioma_tumor_gg (97).jpg
glioma,F:\brain tumor detection\data\raw\secondary\normalized\glioma\glioma_tumor_gg (98).jpg
glioma,F:\brain tumor detection\data\raw\secondary\normalized\glioma\glioma_tumor_gg (99).jpg
meningioma,F:\brain tumor detection\data\raw\secondary\normalized\meningioma\meningioma_tumor_m (10).jpg
meningioma,F:\brain tumor detection\data\raw\secondary\normalized\meningioma\meningioma_tumor_m (100).jpg
meningioma,F:\brain tumor detection\data\raw\secondary\normalized\meningioma\meningioma_tumor_m (101).jpg
meningioma,F:\brain tumor detection\data\raw\secondary\normalized\meningioma\meningioma_tumor_m (102).jpg
meningioma,F:\brain tumor detection\data\raw\secondary\normalized\meningioma\meningioma_tumor_m (103).jpg
meningioma,F:\brain tumor detection\data\raw\secondary\normalized\meningioma\meningioma_tumor_m (104).jpg
meningioma,F:\brain tumor detection\data\raw\secondary\normalized\meningioma\meningioma_tumor_m (105).jpg
meningioma,F:\brain tumor detection\data\raw\secondary\normalized\meningioma\meningioma_tumor_m (106).jpg
meningioma,F:\brain tumor detection\data\raw\secondary\normalized\meningioma\meningioma_tumor_m (107).jpg
meningioma,F:\brain tumor detection\data\raw\secondary\normalized\meningioma\meningioma_tumor_m (108).jpg
meningioma,F:\brain tumor detection\data\raw\secondary\normalized\meningioma\meningioma_tumor_m (109).jpg
meningioma,F:\brain tumor detection\data\raw\secondary\normalized\meningioma\meningioma_tumor_m (11).jpg
meningioma,F:\brain tumor detection\data\raw\secondary\normalized\meningioma\meningioma_tumor_m (110).jpg
meningioma,F:\brain tumor detection\data\raw\secondary\normalized\meningioma\meningioma_tumor_m (111).jpg
meningioma,F:\brain tumor detection\data\raw\secondary\normalized\meningioma\meningioma_tumor_m (112).jpg
meningioma,F:\brain tumor detection\data\raw\secondary\normalized\meningioma\meningioma_tumor_m (113).jpg
meningioma,F:\brain tumor detection\data\raw\secondary\normalized\meningioma\meningioma_tumor_m (114).jpg
meningioma,F:\brain tumor detection\data\raw\secondary\normalized\meningioma\meningioma_tumor_m (115).jpg
meningioma,F:\brain tumor detection\data\raw\secondary\normalized\meningioma\meningioma_tumor_m (116).jpg
meningioma,F:\brain tumor detection\data\raw\secondary\normalized\meningioma\meningioma_tumor_m (117).jpg
meningioma,F:\brain tumor detection\data\raw\secondary\normalized\meningioma\meningioma_tumor_m (118).jpg
meningioma,F:\brain tumor detection\data\raw\secondary\normalized\meningioma\meningioma_tumor_m (119).jpg
meningioma,F:\brain tumor detection\data\raw\secondary\normalized\meningioma\meningioma_tumor_m (12).jpg
meningioma,F:\brain tumor detection\data\raw\secondary\normalized\meningioma\meningioma_tumor_m (120).jpg
meningioma,F:\brain tumor detection\data\raw\secondary\normalized\meningioma\meningioma_tumor_m (121).jpg
meningioma,F:\brain tumor detection\data\raw\secondary\normalized\meningioma\meningioma_tumor_m (122).jpg
meningioma,F:\brain tumor detection\data\raw\secondary\normalized\meningioma\meningioma_tumor_m (123).jpg
meningioma,F:\brain tumor detection\data\raw\secondary\normalized\meningioma\meningioma_tumor_m (124).jpg
meningioma,F:\brain tumor detection\data\raw\secondary\normalized\meningioma\meningioma_tumor_m (125).jpg
meningioma,F:\brain tumor detection\data\raw\secondary\normalized\meningioma\meningioma_tumor_m (126).jpg
meningioma,F:\brain tumor detection\data\raw\secondary\normalized\meningioma\meningioma_tumor_m (127).jpg
meningioma,F:\brain tumor detection\data\raw\secondary\normalized\meningioma\meningioma_tumor_m (128).jpg
meningioma,F:\brain tumor detection\data\raw\secondary\normalized\meningioma\meningioma_tumor_m (129).jpg
meningioma,F:\brain tumor detection\data\raw\secondary\normalized\meningioma\meningioma_tumor_m (13).jpg
meningioma,F:\brain tumor detection\data\raw\secondary\normalized\meningioma\meningioma_tumor_m (130).jpg
meningioma,F:\brain tumor detection\data\raw\secondary\normalized\meningioma\meningioma_tumor_m (131).jpg
meningioma,F:\brain tumor detection\data\raw\secondary\normalized\meningioma\meningioma_tumor_m (132).jpg
meningioma,F:\brain tumor detection\data\raw\secondary\normalized\meningioma\meningioma_tumor_m (133).jpg
meningioma,F:\brain tumor detection\data\raw\secondary\normalized\meningioma\meningioma_tumor_m (134).jpg
meningioma,F:\brain tumor detection\data\raw\secondary\normalized\meningioma\meningioma_tumor_m (135).jpg
meningioma,F:\brain tumor detection\data\raw\secondary\normalized\meningioma\meningioma_tumor_m (136).jpg
meningioma,F:\brain tumor detection\data\raw\secondary\normalized\meningioma\meningioma_tumor_m (137).jpg
meningioma,F:\brain tumor detection\data\raw\secondary\normalized\meningioma\meningioma_tumor_m (138).jpg
meningioma,F:\brain tumor detection\data\raw\secondary\normalized\meningioma\meningioma_tumor_m (139).jpg
meningioma,F:\brain tumor detection\data\raw\secondary\normalized\meningioma\meningioma_tumor_m (14).jpg
meningioma,F:\brain tumor detection\data\raw\secondary\normalized\meningioma\meningioma_tumor_m (140).jpg
meningioma,F:\brain tumor detection\data\raw\secondary\normalized\meningioma\meningioma_tumor_m (141).jpg
meningioma,F:\brain tumor detection\data\raw\secondary\normalized\meningioma\meningioma_tumor_m (142).jpg
meningioma,F:\brain tumor detection\data\raw\secondary\normalized\meningioma\meningioma_tumor_m (143).jpg
meningioma,F:\brain tumor detection\data\raw\secondary\normalized\meningioma\meningioma_tumor_m (144).jpg
meningioma,F:\brain tumor detection\data\raw\secondary\normalized\meningioma\meningioma_tumor_m (145).jpg
meningioma,F:\brain tumor detection\data\raw\secondary\normalized\meningioma\meningioma_tumor_m (146).jpg
meningioma,F:\brain tumor detection\data\raw\secondary\normalized\meningioma\meningioma_tumor_m (147).jpg
meningioma,F:\brain tumor detection\data\raw\secondary\normalized\meningioma\meningioma_tumor_m (148).jpg
meningioma,F:\brain tumor detection\data\raw\secondary\normalized\meningioma\meningioma_tumor_m (149).jpg
meningioma,F:\brain tumor detection\data\raw\secondary\normalized\meningioma\meningioma_tumor_m (15).jpg
meningioma,F:\brain tumor detection\data\raw\secondary\normalized\meningioma\meningioma_tumor_m (150).jpg
meningioma,F:\brain tumor detection\data\raw\secondary\normalized\meningioma\meningioma_tumor_m (151).jpg
meningioma,F:\brain tumor detection\data\raw\secondary\normalized\meningioma\meningioma_tumor_m (152).jpg
meningioma,F:\brain tumor detection\data\raw\secondary\normalized\meningioma\meningioma_tumor_m (153).jpg
meningioma,F:\brain tumor detection\data\raw\secondary\normalized\meningioma\meningioma_tumor_m (154).jpg
meningioma,F:\brain tumor detection\data\raw\secondary\normalized\meningioma\meningioma_tumor_m (155).jpg
meningioma,F:\brain tumor detection\data\raw\secondary\normalized\meningioma\meningioma_tumor_m (156).jpg
meningioma,F:\brain tumor detection\data\raw\secondary\normalized\meningioma\meningioma_tumor_m (157).jpg
meningioma,F:\brain tumor detection\data\raw\secondary\normalized\meningioma\meningioma_tumor_m (158).jpg
meningioma,F:\brain tumor detection\data\raw\secondary\normalized\meningioma\meningioma_tumor_m (159).jpg
meningioma,F:\brain tumor detection\data\raw\secondary\normalized\meningioma\meningioma_tumor_m (16).jpg
meningioma,F:\brain tumor detection\data\raw\secondary\normalized\meningioma\meningioma_tumor_m (160).jpg
meningioma,F:\brain tumor detection\data\raw\secondary\normalized\meningioma\meningioma_tumor_m (161).jpg
meningioma,F:\brain tumor detection\data\raw\secondary\normalized\meningioma\meningioma_tumor_m (162).jpg
meningioma,F:\brain tumor detection\data\raw\secondary\normalized\meningioma\meningioma_tumor_m (163).jpg
meningioma,F:\brain tumor detection\data\raw\secondary\normalized\meningioma\meningioma_tumor_m (164).jpg
meningioma,F:\brain tumor detection\data\raw\secondary\normalized\meningioma\meningioma_tumor_m (165).jpg
meningioma,F:\brain tumor detection\data\raw\secondary\normalized\meningioma\meningioma_tumor_m (166).jpg
meningioma,F:\brain tumor detection\data\raw\secondary\normalized\meningioma\meningioma_tumor_m (167).jpg
meningioma,F:\brain tumor detection\data\raw\secondary\normalized\meningioma\meningioma_tumor_m (168).jpg
meningioma,F:\brain tumor detection\data\raw\secondary\normalized\meningioma\meningioma_tumor_m (169).jpg
meningioma,F:\brain tumor detection\data\raw\secondary\normalized\meningioma\meningioma_tumor_m (17).jpg
meningioma,F:\brain tumor detection\data\raw\secondary\normalized\meningioma\meningioma_tumor_m (170).jpg
meningioma,F:\brain tumor detection\data\raw\secondary\normalized\meningioma\meningioma_tumor_m (171).jpg
meningioma,F:\brain tumor detection\data\raw\secondary\normalized\meningioma\meningioma_tumor_m (172).jpg
meningioma,F:\brain tumor detection\data\raw\secondary\normalized\meningioma\meningioma_tumor_m (173).jpg
meningioma,F:\brain tumor detection\data\raw\secondary\normalized\meningioma\meningioma_tumor_m (174).jpg
meningioma,F:\brain tumor detection\data\raw\secondary\normalized\meningioma\meningioma_tumor_m (175).jpg
meningioma,F:\brain tumor detection\data\raw\secondary\normalized\meningioma\meningioma_tumor_m (176).jpg
meningioma,F:\brain tumor detection\data\raw\secondary\normalized\meningioma\meningioma_tumor_m (177).jpg
meningioma,F:\brain tumor detection\data\raw\secondary\normalized\meningioma\meningioma_tumor_m (178).jpg
meningioma,F:\brain tumor detection\data\raw\secondary\normalized\meningioma\meningioma_tumor_m (179).jpg
meningioma,F:\brain tumor detection\data\raw\secondary\normalized\meningioma\meningioma_tumor_m (18).jpg
meningioma,F:\brain tumor detection\data\raw\secondary\normalized\meningioma\meningioma_tumor_m (180).jpg
meningioma,F:\brain tumor detection\data\raw\secondary\normalized\meningioma\meningioma_tumor_m (181).jpg
meningioma,F:\brain tumor detection\data\raw\secondary\normalized\meningioma\meningioma_tumor_m (182).jpg
meningioma,F:\brain tumor detection\data\raw\secondary\normalized\meningioma\meningioma_tumor_m (183).jpg
meningioma,F:\brain tumor detection\data\raw\secondary\normalized\meningioma\meningioma_tumor_m (184).jpg
meningioma,F:\brain tumor detection\data\raw\secondary\normalized\meningioma\meningioma_tumor_m (185).jpg
meningioma,F:\brain tumor detection\data\raw\secondary\normalized\meningioma\meningioma_tumor_m (186).jpg
meningioma,F:\brain tumor detection\data\raw\secondary\normalized\meningioma\meningioma_tumor_m (187).jpg
meningioma,F:\brain tumor detection\data\raw\secondary\normalized\meningioma\meningioma_tumor_m (188).jpg
meningioma,F:\brain tumor detection\data\raw\secondary\normalized\meningioma\meningioma_tumor_m (189).jpg
meningioma,F:\brain tumor detection\data\raw\secondary\normalized\meningioma\meningioma_tumor_m (19).jpg
meningioma,F:\brain tumor detection\data\raw\secondary\normalized\meningioma\meningioma_tumor_m (190).jpg
meningioma,F:\brain tumor detection\data\raw\secondary\normalized\meningioma\meningioma_tumor_m (191).jpg
meningioma,F:\brain tumor detection\data\raw\secondary\normalized\meningioma\meningioma_tumor_m (192).jpg
meningioma,F:\brain tumor detection\data\raw\secondary\normalized\meningioma\meningioma_tumor_m (193).jpg
meningioma,F:\brain tumor detection\data\raw\secondary\normalized\meningioma\meningioma_tumor_m (194).jpg
meningioma,F:\brain tumor detection\data\raw\secondary\normalized\meningioma\meningioma_tumor_m (195).jpg
meningioma,F:\brain tumor detection\data\raw\secondary\normalized\meningioma\meningioma_tumor_m (196).jpg
meningioma,F:\brain tumor detection\data\raw\secondary\normalized\meningioma\meningioma_tumor_m (197).jpg
meningioma,F:\brain tumor detection\data\raw\secondary\normalized\meningioma\meningioma_tumor_m (198).jpg
meningioma,F:\brain tumor detection\data\raw\secondary\normalized\meningioma\meningioma_tumor_m (199).jpg
meningioma,F:\brain tumor detection\data\raw\secondary\normalized\meningioma\meningioma_tumor_m (2).jpg
meningioma,F:\brain tumor detection\data\raw\secondary\normalized\meningioma\meningioma_tumor_m (20).jpg
meningioma,F:\brain tumor detection\data\raw\secondary\normalized\meningioma\meningioma_tumor_m (200).jpg
meningioma,F:\brain tumor detection\data\raw\secondary\normalized\meningioma\meningioma_tumor_m (201).jpg
meningioma,F:\brain tumor detection\data\raw\secondary\normalized\meningioma\meningioma_tumor_m (21).jpg
meningioma,F:\brain tumor detection\data\raw\secondary\normalized\meningioma\meningioma_tumor_m (22).jpg
meningioma,F:\brain tumor detection\data\raw\secondary\normalized\meningioma\meningioma_tumor_m (23).jpg
meningioma,F:\brain tumor detection\data\raw\secondary\normalized\meningioma\meningioma_tumor_m (24).jpg
meningioma,F:\brain tumor detection\data\raw\secondary\normalized\meningioma\meningioma_tumor_m (25).jpg
meningioma,F:\brain tumor detection\data\raw\secondary\normalized\meningioma\meningioma_tumor_m (26).jpg
meningioma,F:\brain tumor detection\data\raw\secondary\normalized\meningioma\meningioma_tumor_m (27).jpg
meningioma,F:\brain tumor detection\data\raw\secondary\normalized\meningioma\meningioma_tumor_m (28).jpg
meningioma,F:\brain tumor detection\data\raw\secondary\normalized\meningioma\meningioma_tumor_m (29).jpg
meningioma,F:\brain tumor detection\data\raw\secondary\normalized\meningioma\meningioma_tumor_m (3).jpg
meningioma,F:\brain tumor detection\data\raw\secondary\normalized\meningioma\meningioma_tumor_m (30).jpg
meningioma,F:\brain tumor detection\data\raw\secondary\normalized\meningioma\meningioma_tumor_m (31).jpg
meningioma,F:\brain tumor detection\data\raw\secondary\normalized\meningioma\meningioma_tumor_m (32).jpg
meningioma,F:\brain tumor detection\data\raw\secondary\normalized\meningioma\meningioma_tumor_m (33).jpg
meningioma,F:\brain tumor detection\data\raw\secondary\normalized\meningioma\meningioma_tumor_m (34).jpg
meningioma,F:\brain tumor detection\data\raw\secondary\normalized\meningioma\meningioma_tumor_m (35).jpg
meningioma,F:\brain tumor detection\data\raw\secondary\normalized\meningioma\meningioma_tumor_m (36).jpg
meningioma,F:\brain tumor detection\data\raw\secondary\normalized\meningioma\meningioma_tumor_m (37).jpg
meningioma,F:\brain tumor detection\data\raw\secondary\normalized\meningioma\meningioma_tumor_m (38).jpg
meningioma,F:\brain tumor detection\data\raw\secondary\normalized\meningioma\meningioma_tumor_m (39).jpg
meningioma,F:\brain tumor detection\data\raw\secondary\normalized\meningioma\meningioma_tumor_m (4).jpg
meningioma,F:\brain tumor detection\data\raw\secondary\normalized\meningioma\meningioma_tumor_m (40).jpg
meningioma,F:\brain tumor detection\data\raw\secondary\normalized\meningioma\meningioma_tumor_m (41).jpg
meningioma,F:\brain tumor detection\data\raw\secondary\normalized\meningioma\meningioma_tumor_m (42).jpg
meningioma,F:\brain tumor detection\data\raw\secondary\normalized\meningioma\meningioma_tumor_m (43).jpg
meningioma,F:\brain tumor detection\data\raw\secondary\normalized\meningioma\meningioma_tumor_m (44).jpg
meningioma,F:\brain tumor detection\data\raw\secondary\normalized\meningioma\meningioma_tumor_m (45).jpg
meningioma,F:\brain tumor detection\data\raw\secondary\normalized\meningioma\meningioma_tumor_m (46).jpg
meningioma,F:\brain tumor detection\data\raw\secondary\normalized\meningioma\meningioma_tumor_m (47).jpg
meningioma,F:\brain tumor detection\data\raw\secondary\normalized\meningioma\meningioma_tumor_m (48).jpg
meningioma,F:\brain tumor detection\data\raw\secondary\normalized\meningioma\meningioma_tumor_m (49).jpg
meningioma,F:\brain tumor detection\data\raw\secondary\normalized\meningioma\meningioma_tumor_m (5).jpg
meningioma,F:\brain tumor detection\data\raw\secondary\normalized\meningioma\meningioma_tumor_m (50).jpg
meningioma,F:\brain tumor detection\data\raw\secondary\normalized\meningioma\meningioma_tumor_m (51).jpg
meningioma,F:\brain tumor detection\data\raw\secondary\normalized\meningioma\meningioma_tumor_m (52).jpg
meningioma,F:\brain tumor detection\data\raw\secondary\normalized\meningioma\meningioma_tumor_m (53).jpg
meningioma,F:\brain tumor detection\data\raw\secondary\normalized\meningioma\meningioma_tumor_m (54).jpg
meningioma,F:\brain tumor detection\data\raw\secondary\normalized\meningioma\meningioma_tumor_m (55).jpg
meningioma,F:\brain tumor detection\data\raw\secondary\normalized\meningioma\meningioma_tumor_m (56).jpg
meningioma,F:\brain tumor detection\data\raw\secondary\normalized\meningioma\meningioma_tumor_m (57).jpg
meningioma,F:\brain tumor detection\data\raw\secondary\normalized\meningioma\meningioma_tumor_m (58).jpg
meningioma,F:\brain tumor detection\data\raw\secondary\normalized\meningioma\meningioma_tumor_m (59).jpg
meningioma,F:\brain tumor detection\data\raw\secondary\normalized\meningioma\meningioma_tumor_m (6).jpg
meningioma,F:\brain tumor detection\data\raw\secondary\normalized\meningioma\meningioma_tumor_m (60).jpg
meningioma,F:\brain tumor detection\data\raw\secondary\normalized\meningioma\meningioma_tumor_m (61).jpg
meningioma,F:\brain tumor detection\data\raw\secondary\normalized\meningioma\meningioma_tumor_m (62).jpg
meningioma,F:\brain tumor detection\data\raw\secondary\normalized\meningioma\meningioma_tumor_m (63).jpg
meningioma,F:\brain tumor detection\data\raw\secondary\normalized\meningioma\meningioma_tumor_m (64).jpg
meningioma,F:\brain tumor detection\data\raw\secondary\normalized\meningioma\meningioma_tumor_m (65).jpg
meningioma,F:\brain tumor detection\data\raw\secondary\normalized\meningioma\meningioma_tumor_m (66).jpg
meningioma,F:\brain tumor detection\data\raw\secondary\normalized\meningioma\meningioma_tumor_m (67).jpg
meningioma,F:\brain tumor detection\data\raw\secondary\normalized\meningioma\meningioma_tumor_m (68).jpg
meningioma,F:\brain tumor detection\data\raw\secondary\normalized\meningioma\meningioma_tumor_m (69).jpg
meningioma,F:\brain tumor detection\data\raw\secondary\normalized\meningioma\meningioma_tumor_m (7).jpg
meningioma,F:\brain tumor detection\data\raw\secondary\normalized\meningioma\meningioma_tumor_m (70).jpg
meningioma,F:\brain tumor detection\data\raw\secondary\normalized\meningioma\meningioma_tumor_m (71).jpg
meningioma,F:\brain tumor detection\data\raw\secondary\normalized\meningioma\meningioma_tumor_m (72).jpg
meningioma,F:\brain tumor detection\data\raw\secondary\normalized\meningioma\meningioma_tumor_m (73).jpg
meningioma,F:\brain tumor detection\data\raw\secondary\normalized\meningioma\meningioma_tumor_m (74).jpg
meningioma,F:\brain tumor detection\data\raw\secondary\normalized\meningioma\meningioma_tumor_m (75).jpg
meningioma,F:\brain tumor detection\data\raw\secondary\normalized\meningioma\meningioma_tumor_m (76).jpg
meningioma,F:\brain tumor detection\data\raw\secondary\normalized\meningioma\meningioma_tumor_m (77).jpg
meningioma,F:\brain tumor detection\data\raw\secondary\normalized\meningioma\meningioma_tumor_m (78).jpg
meningioma,F:\brain tumor detection\data\raw\secondary\normalized\meningioma\meningioma_tumor_m (79).jpg
meningioma,F:\brain tumor detection\data\raw\secondary\normalized\meningioma\meningioma_tumor_m (8).jpg
meningioma,F:\brain tumor detection\data\raw\secondary\normalized\meningioma\meningioma_tumor_m (80).jpg
meningioma,F:\brain tumor detection\data\raw\secondary\normalized\meningioma\meningioma_tumor_m (81).jpg
meningioma,F:\brain tumor detection\data\raw\secondary\normalized\meningioma\meningioma_tumor_m (82).jpg
meningioma,F:\brain tumor detection\data\raw\secondary\normalized\meningioma\meningioma_tumor_m (83).jpg
meningioma,F:\brain tumor detection\data\raw\secondary\normalized\meningioma\meningioma_tumor_m (84).jpg
meningioma,F:\brain tumor detection\data\raw\secondary\normalized\meningioma\meningioma_tumor_m (85).jpg
meningioma,F:\brain tumor detection\data\raw\secondary\normalized\meningioma\meningioma_tumor_m (86).jpg
meningioma,F:\brain tumor detection\data\raw\secondary\normalized\meningioma\meningioma_tumor_m (87).jpg
meningioma,F:\brain tumor detection\data\raw\secondary\normalized\meningioma\meningioma_tumor_m (88).jpg
meningioma,F:\brain tumor detection\data\raw\secondary\normalized\meningioma\meningioma_tumor_m (89).jpg
meningioma,F:\brain tumor detection\data\raw\secondary\normalized\meningioma\meningioma_tumor_m (9).jpg
meningioma,F:\brain tumor detection\data\raw\secondary\normalized\meningioma\meningioma_tumor_m (90).jpg
meningioma,F:\brain tumor detection\data\raw\secondary\normalized\meningioma\meningioma_tumor_m (91).jpg
meningioma,F:\brain tumor detection\data\raw\secondary\normalized\meningioma\meningioma_tumor_m (92).jpg
meningioma,F:\brain tumor detection\data\raw\secondary\normalized\meningioma\meningioma_tumor_m (93).jpg
meningioma,F:\brain tumor detection\data\raw\secondary\normalized\meningioma\meningioma_tumor_m (94).jpg
meningioma,F:\brain tumor detection\data\raw\secondary\normalized\meningioma\meningioma_tumor_m (95).jpg
meningioma,F:\brain tumor detection\data\raw\secondary\normalized\meningioma\meningioma_tumor_m (96).jpg
meningioma,F:\brain tumor detection\data\raw\secondary\normalized\meningioma\meningioma_tumor_m (97).jpg
meningioma,F:\brain tumor detection\data\raw\secondary\normalized\meningioma\meningioma_tumor_m (98).jpg
meningioma,F:\brain tumor detection\data\raw\secondary\normalized\meningioma\meningioma_tumor_m (99).jpg
meningioma,F:\brain tumor detection\data\raw\secondary\normalized\meningioma\meningioma_tumor_m1(10).jpg
meningioma,F:\brain tumor detection\data\raw\secondary\normalized\meningioma\meningioma_tumor_m1(100).jpg
meningioma,F:\brain tumor detection\data\raw\secondary\normalized\meningioma\meningioma_tumor_m1(101).jpg
meningioma,F:\brain tumor detection\data\raw\secondary\normalized\meningioma\meningioma_tumor_m1(102).jpg
meningioma,F:\brain tumor detection\data\raw\secondary\normalized\meningioma\meningioma_tumor_m1(103).jpg
meningioma,F:\brain tumor detection\data\raw\secondary\normalized\meningioma\meningioma_tumor_m1(104).jpg
meningioma,F:\brain tumor detection\data\raw\secondary\normalized\meningioma\meningioma_tumor_m1(105).jpg
meningioma,F:\brain tumor detection\data\raw\secondary\normalized\meningioma\meningioma_tumor_m1(106).jpg
meningioma,F:\brain tumor detection\data\raw\secondary\normalized\meningioma\meningioma_tumor_m1(107).jpg
meningioma,F:\brain tumor detection\data\raw\secondary\normalized\meningioma\meningioma_tumor_m1(108).jpg
meningioma,F:\brain tumor detection\data\raw\secondary\normalized\meningioma\meningioma_tumor_m1(109).jpg
meningioma,F:\brain tumor detection\data\raw\secondary\normalized\meningioma\meningioma_tumor_m1(11).jpg
meningioma,F:\brain tumor detection\data\raw\secondary\normalized\meningioma\meningioma_tumor_m1(110).jpg
meningioma,F:\brain tumor detection\data\raw\secondary\normalized\meningioma\meningioma_tumor_m1(111).jpg
meningioma,F:\brain tumor detection\data\raw\secondary\normalized\meningioma\meningioma_tumor_m1(112).jpg
meningioma,F:\brain tumor detection\data\raw\secondary\normalized\meningioma\meningioma_tumor_m1(113).jpg
meningioma,F:\brain tumor detection\data\raw\secondary\normalized\meningioma\meningioma_tumor_m1(114).jpg
meningioma,F:\brain tumor detection\data\raw\secondary\normalized\meningioma\meningioma_tumor_m1(116).jpg
meningioma,F:\brain tumor detection\data\raw\secondary\normalized\meningioma\meningioma_tumor_m1(117).jpg
meningioma,F:\brain tumor detection\data\raw\secondary\normalized\meningioma\meningioma_tumor_m1(118).jpg
meningioma,F:\brain tumor detection\data\raw\secondary\normalized\meningioma\meningioma_tumor_m1(119).jpg
meningioma,F:\brain tumor detection\data\raw\secondary\normalized\meningioma\meningioma_tumor_m1(12).jpg
meningioma,F:\brain tumor detection\data\raw\secondary\normalized\meningioma\meningioma_tumor_m1(120).jpg
meningioma,F:\brain tumor detection\data\raw\secondary\normalized\meningioma\meningioma_tumor_m1(121).jpg
meningioma,F:\brain tumor detection\data\raw\secondary\normalized\meningioma\meningioma_tumor_m1(122).jpg
meningioma,F:\brain tumor detection\data\raw\secondary\normalized\meningioma\meningioma_tumor_m1(123).jpg
meningioma,F:\brain tumor detection\data\raw\secondary\normalized\meningioma\meningioma_tumor_m1(124).jpg
meningioma,F:\brain tumor detection\data\raw\secondary\normalized\meningioma\meningioma_tumor_m1(125).jpg
meningioma,F:\brain tumor detection\data\raw\secondary\normalized\meningioma\meningioma_tumor_m1(126).jpg
meningioma,F:\brain tumor detection\data\raw\secondary\normalized\meningioma\meningioma_tumor_m1(127).jpg
meningioma,F:\brain tumor detection\data\raw\secondary\normalized\meningioma\meningioma_tumor_m1(128).jpg
meningioma,F:\brain tumor detection\data\raw\secondary\normalized\meningioma\meningioma_tumor_m1(129).jpg
meningioma,F:\brain tumor detection\data\raw\secondary\normalized\meningioma\meningioma_tumor_m1(13).jpg
meningioma,F:\brain tumor detection\data\raw\secondary\normalized\meningioma\meningioma_tumor_m1(130).jpg
meningioma,F:\brain tumor detection\data\raw\secondary\normalized\meningioma\meningioma_tumor_m1(131).jpg
meningioma,F:\brain tumor detection\data\raw\secondary\normalized\meningioma\meningioma_tumor_m1(132).jpg
meningioma,F:\brain tumor detection\data\raw\secondary\normalized\meningioma\meningioma_tumor_m1(133).jpg
meningioma,F:\brain tumor detection\data\raw\secondary\normalized\meningioma\meningioma_tumor_m1(134).jpg
meningioma,F:\brain tumor detection\data\raw\secondary\normalized\meningioma\meningioma_tumor_m1(135).jpg
meningioma,F:\brain tumor detection\data\raw\secondary\normalized\meningioma\meningioma_tumor_m1(136).jpg
meningioma,F:\brain tumor detection\data\raw\secondary\normalized\meningioma\meningioma_tumor_m1(137).jpg
meningioma,F:\brain tumor detection\data\raw\secondary\normalized\meningioma\meningioma_tumor_m1(138).jpg
meningioma,F:\brain tumor detection\data\raw\secondary\normalized\meningioma\meningioma_tumor_m1(139).jpg
meningioma,F:\brain tumor detection\data\raw\secondary\normalized\meningioma\meningioma_tumor_m1(14).jpg
meningioma,F:\brain tumor detection\data\raw\secondary\normalized\meningioma\meningioma_tumor_m1(140).jpg
meningioma,F:\brain tumor detection\data\raw\secondary\normalized\meningioma\meningioma_tumor_m1(141).jpg
meningioma,F:\brain tumor detection\data\raw\secondary\normalized\meningioma\meningioma_tumor_m1(142).jpg
meningioma,F:\brain tumor detection\data\raw\secondary\normalized\meningioma\meningioma_tumor_m1(143).jpg
meningioma,F:\brain tumor detection\data\raw\secondary\normalized\meningioma\meningioma_tumor_m1(144).jpg
meningioma,F:\brain tumor detection\data\raw\secondary\normalized\meningioma\meningioma_tumor_m1(145).jpg
meningioma,F:\brain tumor detection\data\raw\secondary\normalized\meningioma\meningioma_tumor_m1(146).jpg
meningioma,F:\brain tumor detection\data\raw\secondary\normalized\meningioma\meningioma_tumor_m1(147).jpg
meningioma,F:\brain tumor detection\data\raw\secondary\normalized\meningioma\meningioma_tumor_m1(148).jpg
meningioma,F:\brain tumor detection\data\raw\secondary\normalized\meningioma\meningioma_tumor_m1(149).jpg
meningioma,F:\brain tumor detection\data\raw\secondary\normalized\meningioma\meningioma_tumor_m1(15).jpg
meningioma,F:\brain tumor detection\data\raw\secondary\normalized\meningioma\meningioma_tumor_m1(150).jpg
meningioma,F:\brain tumor detection\data\raw\secondary\normalized\meningioma\meningioma_tumor_m1(151).jpg
meningioma,F:\brain tumor detection\data\raw\secondary\normalized\meningioma\meningioma_tumor_m1(152).jpg
meningioma,F:\brain tumor detection\data\raw\secondary\normalized\meningioma\meningioma_tumor_m1(153).jpg
meningioma,F:\brain tumor detection\data\raw\secondary\normalized\meningioma\meningioma_tumor_m1(154).jpg
meningioma,F:\brain tumor detection\data\raw\secondary\normalized\meningioma\meningioma_tumor_m1(155).jpg
meningioma,F:\brain tumor detection\data\raw\secondary\normalized\meningioma\meningioma_tumor_m1(156).jpg
meningioma,F:\brain tumor detection\data\raw\secondary\normalized\meningioma\meningioma_tumor_m1(157).jpg
meningioma,F:\brain tumor detection\data\raw\secondary\normalized\meningioma\meningioma_tumor_m1(158).jpg
meningioma,F:\brain tumor detection\data\raw\secondary\normalized\meningioma\meningioma_tumor_m1(159).jpg
meningioma,F:\brain tumor detection\data\raw\secondary\normalized\meningioma\meningioma_tumor_m1(16).jpg
meningioma,F:\brain tumor detection\data\raw\secondary\normalized\meningioma\meningioma_tumor_m1(160).jpg
meningioma,F:\brain tumor detection\data\raw\secondary\normalized\meningioma\meningioma_tumor_m1(161).jpg
meningioma,F:\brain tumor detection\data\raw\secondary\normalized\meningioma\meningioma_tumor_m1(162).jpg
meningioma,F:\brain tumor detection\data\raw\secondary\normalized\meningioma\meningioma_tumor_m1(163).jpg
meningioma,F:\brain tumor detection\data\raw\secondary\normalized\meningioma\meningioma_tumor_m1(165).jpg
meningioma,F:\brain tumor detection\data\raw\secondary\normalized\meningioma\meningioma_tumor_m1(166).jpg
meningioma,F:\brain tumor detection\data\raw\secondary\normalized\meningioma\meningioma_tumor_m1(167).jpg
meningioma,F:\brain tumor detection\data\raw\secondary\normalized\meningioma\meningioma_tumor_m1(168).jpg
meningioma,F:\brain tumor detection\data\raw\secondary\normalized\meningioma\meningioma_tumor_m1(169).jpg
meningioma,F:\brain tumor detection\data\raw\secondary\normalized\meningioma\meningioma_tumor_m1(17).jpg
meningioma,F:\brain tumor detection\data\raw\secondary\normalized\meningioma\meningioma_tumor_m1(170).jpg
meningioma,F:\brain tumor detection\data\raw\secondary\normalized\meningioma\meningioma_tumor_m1(171).jpg
meningioma,F:\brain tumor detection\data\raw\secondary\normalized\meningioma\meningioma_tumor_m1(172).jpg
meningioma,F:\brain tumor detection\data\raw\secondary\normalized\meningioma\meningioma_tumor_m1(173).jpg
meningioma,F:\brain tumor detection\data\raw\secondary\normalized\meningioma\meningioma_tumor_m1(174).jpg
meningioma,F:\brain tumor detection\data\raw\secondary\normalized\meningioma\meningioma_tumor_m1(175).jpg
meningioma,F:\brain tumor detection\data\raw\secondary\normalized\meningioma\meningioma_tumor_m1(176).jpg
meningioma,F:\brain tumor detection\data\raw\secondary\normalized\meningioma\meningioma_tumor_m1(177).jpg
meningioma,F:\brain tumor detection\data\raw\secondary\normalized\meningioma\meningioma_tumor_m1(178).jpg
meningioma,F:\brain tumor detection\data\raw\secondary\normalized\meningioma\meningioma_tumor_m1(179).jpg
meningioma,F:\brain tumor detection\data\raw\secondary\normalized\meningioma\meningioma_tumor_m1(18).jpg
meningioma,F:\brain tumor detection\data\raw\secondary\normalized\meningioma\meningioma_tumor_m1(180).jpg
meningioma,F:\brain tumor detection\data\raw\secondary\normalized\meningioma\meningioma_tumor_m1(181).jpg
meningioma,F:\brain tumor detection\data\raw\secondary\normalized\meningioma\meningioma_tumor_m1(182).jpg
meningioma,F:\brain tumor detection\data\raw\secondary\normalized\meningioma\meningioma_tumor_m1(183).jpg
meningioma,F:\brain tumor detection\data\raw\secondary\normalized\meningioma\meningioma_tumor_m1(184).jpg
meningioma,F:\brain tumor detection\data\raw\secondary\normalized\meningioma\meningioma_tumor_m1(185).jpg
meningioma,F:\brain tumor detection\data\raw\secondary\normalized\meningioma\meningioma_tumor_m1(186).jpg
meningioma,F:\brain tumor detection\data\raw\secondary\normalized\meningioma\meningioma_tumor_m1(187).jpg
meningioma,F:\brain tumor detection\data\raw\secondary\normalized\meningioma\meningioma_tumor_m1(188).jpg
meningioma,F:\brain tumor detection\data\raw\secondary\normalized\meningioma\meningioma_tumor_m1(189).jpg
meningioma,F:\brain tumor detection\data\raw\secondary\normalized\meningioma\meningioma_tumor_m1(19).jpg
meningioma,F:\brain tumor detection\data\raw\secondary\normalized\meningioma\meningioma_tumor_m1(190).jpg
meningioma,F:\brain tumor detection\data\raw\secondary\normalized\meningioma\meningioma_tumor_m1(191).jpg
meningioma,F:\brain tumor detection\data\raw\secondary\normalized\meningioma\meningioma_tumor_m1(192).jpg
meningioma,F:\brain tumor detection\data\raw\secondary\normalized\meningioma\meningioma_tumor_m1(193).jpg
meningioma,F:\brain tumor detection\data\raw\secondary\normalized\meningioma\meningioma_tumor_m1(194).jpg
meningioma,F:\brain tumor detection\data\raw\secondary\normalized\meningioma\meningioma_tumor_m1(195).jpg
meningioma,F:\brain tumor detection\data\raw\secondary\normalized\meningioma\meningioma_tumor_m1(196).jpg
meningioma,F:\brain tumor detection\data\raw\secondary\normalized\meningioma\meningioma_tumor_m1(197).jpg
meningioma,F:\brain tumor detection\data\raw\secondary\normalized\meningioma\meningioma_tumor_m1(198).jpg
meningioma,F:\brain tumor detection\data\raw\secondary\normalized\meningioma\meningioma_tumor_m1(199).jpg
meningioma,F:\brain tumor detection\data\raw\secondary\normalized\meningioma\meningioma_tumor_m1(2).jpg
meningioma,F:\brain tumor detection\data\raw\secondary\normalized\meningioma\meningioma_tumor_m1(20).jpg
meningioma,F:\brain tumor detection\data\raw\secondary\normalized\meningioma\meningioma_tumor_m1(200).jpg
meningioma,F:\brain tumor detection\data\raw\secondary\normalized\meningioma\meningioma_tumor_m1(201).jpg
meningioma,F:\brain tumor detection\data\raw\secondary\normalized\meningioma\meningioma_tumor_m1(202).jpg
meningioma,F:\brain tumor detection\data\raw\secondary\normalized\meningioma\meningioma_tumor_m1(21).jpg
meningioma,F:\brain tumor detection\data\raw\secondary\normalized\meningioma\meningioma_tumor_m1(22).jpg
meningioma,F:\brain tumor detection\data\raw\secondary\normalized\meningioma\meningioma_tumor_m1(23).jpg
meningioma,F:\brain tumor detection\data\raw\secondary\normalized\meningioma\meningioma_tumor_m1(24).jpg
meningioma,F:\brain tumor detection\data\raw\secondary\normalized\meningioma\meningioma_tumor_m1(25).jpg
meningioma,F:\brain tumor detection\data\raw\secondary\normalized\meningioma\meningioma_tumor_m1(26).jpg
meningioma,F:\brain tumor detection\data\raw\secondary\normalized\meningioma\meningioma_tumor_m1(27).jpg
meningioma,F:\brain tumor detection\data\raw\secondary\normalized\meningioma\meningioma_tumor_m1(28).jpg
meningioma,F:\brain tumor detection\data\raw\secondary\normalized\meningioma\meningioma_tumor_m1(29).jpg
meningioma,F:\brain tumor detection\data\raw\secondary\normalized\meningioma\meningioma_tumor_m1(3).jpg
meningioma,F:\brain tumor detection\data\raw\secondary\normalized\meningioma\meningioma_tumor_m1(30).jpg
meningioma,F:\brain tumor detection\data\raw\secondary\normalized\meningioma\meningioma_tumor_m1(31).jpg
meningioma,F:\brain tumor detection\data\raw\secondary\normalized\meningioma\meningioma_tumor_m1(32).jpg
meningioma,F:\brain tumor detection\data\raw\secondary\normalized\meningioma\meningioma_tumor_m1(33).jpg
meningioma,F:\brain tumor detection\data\raw\secondary\normalized\meningioma\meningioma_tumor_m1(34).jpg
meningioma,F:\brain tumor detection\data\raw\secondary\normalized\meningioma\meningioma_tumor_m1(35).jpg
meningioma,F:\brain tumor detection\data\raw\secondary\normalized\meningioma\meningioma_tumor_m1(36).jpg
meningioma,F:\brain tumor detection\data\raw\secondary\normalized\meningioma\meningioma_tumor_m1(37).jpg
meningioma,F:\brain tumor detection\data\raw\secondary\normalized\meningioma\meningioma_tumor_m1(38).jpg
meningioma,F:\brain tumor detection\data\raw\secondary\normalized\meningioma\meningioma_tumor_m1(39).jpg
meningioma,F:\brain tumor detection\data\raw\secondary\normalized\meningioma\meningioma_tumor_m1(4).jpg
meningioma,F:\brain tumor detection\data\raw\secondary\normalized\meningioma\meningioma_tumor_m1(40).jpg
meningioma,F:\brain tumor detection\data\raw\secondary\normalized\meningioma\meningioma_tumor_m1(41).jpg
meningioma,F:\brain tumor detection\data\raw\secondary\normalized\meningioma\meningioma_tumor_m1(42).jpg
meningioma,F:\brain tumor detection\data\raw\secondary\normalized\meningioma\meningioma_tumor_m1(43).jpg
meningioma,F:\brain tumor detection\data\raw\secondary\normalized\meningioma\meningioma_tumor_m1(44).jpg
meningioma,F:\brain tumor detection\data\raw\secondary\normalized\meningioma\meningioma_tumor_m1(45).jpg
meningioma,F:\brain tumor detection\data\raw\secondary\normalized\meningioma\meningioma_tumor_m1(46).jpg
meningioma,F:\brain tumor detection\data\raw\secondary\normalized\meningioma\meningioma_tumor_m1(47).jpg
meningioma,F:\brain tumor detection\data\raw\secondary\normalized\meningioma\meningioma_tumor_m1(48).jpg
meningioma,F:\brain tumor detection\data\raw\secondary\normalized\meningioma\meningioma_tumor_m1(49).jpg
meningioma,F:\brain tumor detection\data\raw\secondary\normalized\meningioma\meningioma_tumor_m1(5).jpg
meningioma,F:\brain tumor detection\data\raw\secondary\normalized\meningioma\meningioma_tumor_m1(50).jpg
meningioma,F:\brain tumor detection\data\raw\secondary\normalized\meningioma\meningioma_tumor_m1(51).jpg
meningioma,F:\brain tumor detection\data\raw\secondary\normalized\meningioma\meningioma_tumor_m1(52).jpg
meningioma,F:\brain tumor detection\data\raw\secondary\normalized\meningioma\meningioma_tumor_m1(53).jpg
meningioma,F:\brain tumor detection\data\raw\secondary\normalized\meningioma\meningioma_tumor_m1(54).jpg
meningioma,F:\brain tumor detection\data\raw\secondary\normalized\meningioma\meningioma_tumor_m1(55).jpg
meningioma,F:\brain tumor detection\data\raw\secondary\normalized\meningioma\meningioma_tumor_m1(56).jpg
meningioma,F:\brain tumor detection\data\raw\secondary\normalized\meningioma\meningioma_tumor_m1(57).jpg
meningioma,F:\brain tumor detection\data\raw\secondary\normalized\meningioma\meningioma_tumor_m1(58).jpg
meningioma,F:\brain tumor detection\data\raw\secondary\normalized\meningioma\meningioma_tumor_m1(59).jpg
meningioma,F:\brain tumor detection\data\raw\secondary\normalized\meningioma\meningioma_tumor_m1(6).jpg
meningioma,F:\brain tumor detection\data\raw\secondary\normalized\meningioma\meningioma_tumor_m1(60).jpg
meningioma,F:\brain tumor detection\data\raw\secondary\normalized\meningioma\meningioma_tumor_m1(61).jpg
meningioma,F:\brain tumor detection\data\raw\secondary\normalized\meningioma\meningioma_tumor_m1(62).jpg
meningioma,F:\brain tumor detection\data\raw\secondary\normalized\meningioma\meningioma_tumor_m1(63).jpg
meningioma,F:\brain tumor detection\data\raw\secondary\normalized\meningioma\meningioma_tumor_m1(64).jpg
meningioma,F:\brain tumor detection\data\raw\secondary\normalized\meningioma\meningioma_tumor_m1(65).jpg
meningioma,F:\brain tumor detection\data\raw\secondary\normalized\meningioma\meningioma_tumor_m1(66).jpg
meningioma,F:\brain tumor detection\data\raw\secondary\normalized\meningioma\meningioma_tumor_m1(67).jpg
meningioma,F:\brain tumor detection\data\raw\secondary\normalized\meningioma\meningioma_tumor_m1(68).jpg
meningioma,F:\brain tumor detection\data\raw\secondary\normalized\meningioma\meningioma_tumor_m1(69).jpg
meningioma,F:\brain tumor detection\data\raw\secondary\normalized\meningioma\meningioma_tumor_m1(7).jpg
meningioma,F:\brain tumor detection\data\raw\secondary\normalized\meningioma\meningioma_tumor_m1(70).jpg
meningioma,F:\brain tumor detection\data\raw\secondary\normalized\meningioma\meningioma_tumor_m1(71).jpg
meningioma,F:\brain tumor detection\data\raw\secondary\normalized\meningioma\meningioma_tumor_m1(72).jpg
meningioma,F:\brain tumor detection\data\raw\secondary\normalized\meningioma\meningioma_tumor_m1(73).jpg
meningioma,F:\brain tumor detection\data\raw\secondary\normalized\meningioma\meningioma_tumor_m1(74).jpg
meningioma,F:\brain tumor detection\data\raw\secondary\normalized\meningioma\meningioma_tumor_m1(75).jpg
meningioma,F:\brain tumor detection\data\raw\secondary\normalized\meningioma\meningioma_tumor_m1(76).jpg
meningioma,F:\brain tumor detection\data\raw\secondary\normalized\meningioma\meningioma_tumor_m1(77).jpg
meningioma,F:\brain tumor detection\data\raw\secondary\normalized\meningioma\meningioma_tumor_m1(78).jpg
meningioma,F:\brain tumor detection\data\raw\secondary\normalized\meningioma\meningioma_tumor_m1(79).jpg
meningioma,F:\brain tumor detection\data\raw\secondary\normalized\meningioma\meningioma_tumor_m1(8).jpg
meningioma,F:\brain tumor detection\data\raw\secondary\normalized\meningioma\meningioma_tumor_m1(80).jpg
meningioma,F:\brain tumor detection\data\raw\secondary\normalized\meningioma\meningioma_tumor_m1(81).jpg
meningioma,F:\brain tumor detection\data\raw\secondary\normalized\meningioma\meningioma_tumor_m1(82).jpg
meningioma,F:\brain tumor detection\data\raw\secondary\normalized\meningioma\meningioma_tumor_m1(83).jpg
meningioma,F:\brain tumor detection\data\raw\secondary\normalized\meningioma\meningioma_tumor_m1(84).jpg
meningioma,F:\brain tumor detection\data\raw\secondary\normalized\meningioma\meningioma_tumor_m1(85).jpg
meningioma,F:\brain tumor detection\data\raw\secondary\normalized\meningioma\meningioma_tumor_m1(86).jpg
meningioma,F:\brain tumor detection\data\raw\secondary\normalized\meningioma\meningioma_tumor_m1(87).jpg
meningioma,F:\brain tumor detection\data\raw\secondary\normalized\meningioma\meningioma_tumor_m1(88).jpg
meningioma,F:\brain tumor detection\data\raw\secondary\normalized\meningioma\meningioma_tumor_m1(89).jpg
meningioma,F:\brain tumor detection\data\raw\secondary\normalized\meningioma\meningioma_tumor_m1(9).jpg
meningioma,F:\brain tumor detection\data\raw\secondary\normalized\meningioma\meningioma_tumor_m1(90).jpg
meningioma,F:\brain tumor detection\data\raw\secondary\normalized\meningioma\meningioma_tumor_m1(91).jpg
meningioma,F:\brain tumor detection\data\raw\secondary\normalized\meningioma\meningioma_tumor_m1(92).jpg
meningioma,F:\brain tumor detection\data\raw\secondary\normalized\meningioma\meningioma_tumor_m1(93).jpg
meningioma,F:\brain tumor detection\data\raw\secondary\normalized\meningioma\meningioma_tumor_m1(94).jpg
meningioma,F:\brain tumor detection\data\raw\secondary\normalized\meningioma\meningioma_tumor_m1(95).jpg
meningioma,F:\brain tumor detection\data\raw\secondary\normalized\meningioma\meningioma_tumor_m1(96).jpg
meningioma,F:\brain tumor detection\data\raw\secondary\normalized\meningioma\meningioma_tumor_m1(97).jpg
meningioma,F:\brain tumor detection\data\raw\secondary\normalized\meningioma\meningioma_tumor_m1(98).jpg
meningioma,F:\brain tumor detection\data\raw\secondary\normalized\meningioma\meningioma_tumor_m1(99).jpg
meningioma,F:\brain tumor detection\data\raw\secondary\normalized\meningioma\meningioma_tumor_m2 (1).jpg
meningioma,F:\brain tumor detection\data\raw\secondary\normalized\meningioma\meningioma_tumor_m2 (10).jpg
meningioma,F:\brain tumor detection\data\raw\secondary\normalized\meningioma\meningioma_tumor_m2 (100).jpg
meningioma,F:\brain tumor detection\data\raw\secondary\normalized\meningioma\meningioma_tumor_m2 (101).jpg
meningioma,F:\brain tumor detection\data\raw\secondary\normalized\meningioma\meningioma_tumor_m2 (102).jpg
meningioma,F:\brain tumor detection\data\raw\secondary\normalized\meningioma\meningioma_tumor_m2 (103).jpg
meningioma,F:\brain tumor detection\data\raw\secondary\normalized\meningioma\meningioma_tumor_m2 (104).jpg
meningioma,F:\brain tumor detection\data\raw\secondary\normalized\meningioma\meningioma_tumor_m2 (105).jpg
meningioma,F:\brain tumor detection\data\raw\secondary\normalized\meningioma\meningioma_tumor_m2 (106).jpg
meningioma,F:\brain tumor detection\data\raw\secondary\normalized\meningioma\meningioma_tumor_m2 (107).jpg
meningioma,F:\brain tumor detection\data\raw\secondary\normalized\meningioma\meningioma_tumor_m2 (108).jpg
meningioma,F:\brain tumor detection\data\raw\secondary\normalized\meningioma\meningioma_tumor_m2 (109).jpg
meningioma,F:\brain tumor detection\data\raw\secondary\normalized\meningioma\meningioma_tumor_m2 (11).jpg
meningioma,F:\brain tumor detection\data\raw\secondary\normalized\meningioma\meningioma_tumor_m2 (110).jpg
meningioma,F:\brain tumor detection\data\raw\secondary\normalized\meningioma\meningioma_tumor_m2 (111).jpg
meningioma,F:\brain tumor detection\data\raw\secondary\normalized\meningioma\meningioma_tumor_m2 (112).jpg
meningioma,F:\brain tumor detection\data\raw\secondary\normalized\meningioma\meningioma_tumor_m2 (113).jpg
meningioma,F:\brain tumor detection\data\raw\secondary\normalized\meningioma\meningioma_tumor_m2 (114).jpg
meningioma,F:\brain tumor detection\data\raw\secondary\normalized\meningioma\meningioma_tumor_m2 (115).jpg
meningioma,F:\brain tumor detection\data\raw\secondary\normalized\meningioma\meningioma_tumor_m2 (116).jpg
meningioma,F:\brain tumor detection\data\raw\secondary\normalized\meningioma\meningioma_tumor_m2 (117).jpg
meningioma,F:\brain tumor detection\data\raw\secondary\normalized\meningioma\meningioma_tumor_m2 (118).jpg
meningioma,F:\brain tumor detection\data\raw\secondary\normalized\meningioma\meningioma_tumor_m2 (119).jpg
meningioma,F:\brain tumor detection\data\raw\secondary\normalized\meningioma\meningioma_tumor_m2 (12).jpg
meningioma,F:\brain tumor detection\data\raw\secondary\normalized\meningioma\meningioma_tumor_m2 (120).jpg
meningioma,F:\brain tumor detection\data\raw\secondary\normalized\meningioma\meningioma_tumor_m2 (121).jpg
meningioma,F:\brain tumor detection\data\raw\secondary\normalized\meningioma\meningioma_tumor_m2 (122).jpg
meningioma,F:\brain tumor detection\data\raw\secondary\normalized\meningioma\meningioma_tumor_m2 (123).jpg
meningioma,F:\brain tumor detection\data\raw\secondary\normalized\meningioma\meningioma_tumor_m2 (124).jpg
meningioma,F:\brain tumor detection\data\raw\secondary\normalized\meningioma\meningioma_tumor_m2 (125).jpg
meningioma,F:\brain tumor detection\data\raw\secondary\normalized\meningioma\meningioma_tumor_m2 (126).jpg
meningioma,F:\brain tumor detection\data\raw\secondary\normalized\meningioma\meningioma_tumor_m2 (127).jpg
meningioma,F:\brain tumor detection\data\raw\secondary\normalized\meningioma\meningioma_tumor_m2 (128).jpg
meningioma,F:\brain tumor detection\data\raw\secondary\normalized\meningioma\meningioma_tumor_m2 (129).jpg
meningioma,F:\brain tumor detection\data\raw\secondary\normalized\meningioma\meningioma_tumor_m2 (13).jpg
meningioma,F:\brain tumor detection\data\raw\secondary\normalized\meningioma\meningioma_tumor_m2 (130).jpg
meningioma,F:\brain tumor detection\data\raw\secondary\normalized\meningioma\meningioma_tumor_m2 (131).jpg
meningioma,F:\brain tumor detection\data\raw\secondary\normalized\meningioma\meningioma_tumor_m2 (132).jpg
meningioma,F:\brain tumor detection\data\raw\secondary\normalized\meningioma\meningioma_tumor_m2 (133).jpg
meningioma,F:\brain tumor detection\data\raw\secondary\normalized\meningioma\meningioma_tumor_m2 (134).jpg
meningioma,F:\brain tumor detection\data\raw\secondary\normalized\meningioma\meningioma_tumor_m2 (135).jpg
meningioma,F:\brain tumor detection\data\raw\secondary\normalized\meningioma\meningioma_tumor_m2 (136).jpg
meningioma,F:\brain tumor detection\data\raw\secondary\normalized\meningioma\meningioma_tumor_m2 (137).jpg
meningioma,F:\brain tumor detection\data\raw\secondary\normalized\meningioma\meningioma_tumor_m2 (138).jpg
meningioma,F:\brain tumor detection\data\raw\secondary\normalized\meningioma\meningioma_tumor_m2 (139).jpg
meningioma,F:\brain tumor detection\data\raw\secondary\normalized\meningioma\meningioma_tumor_m2 (14).jpg
meningioma,F:\brain tumor detection\data\raw\secondary\normalized\meningioma\meningioma_tumor_m2 (140).jpg
meningioma,F:\brain tumor detection\data\raw\secondary\normalized\meningioma\meningioma_tumor_m2 (141).jpg
meningioma,F:\brain tumor detection\data\raw\secondary\normalized\meningioma\meningioma_tumor_m2 (142).jpg
meningioma,F:\brain tumor detection\data\raw\secondary\normalized\meningioma\meningioma_tumor_m2 (143).jpg
meningioma,F:\brain tumor detection\data\raw\secondary\normalized\meningioma\meningioma_tumor_m2 (144).jpg
meningioma,F:\brain tumor detection\data\raw\secondary\normalized\meningioma\meningioma_tumor_m2 (145).jpg
meningioma,F:\brain tumor detection\data\raw\secondary\normalized\meningioma\meningioma_tumor_m2 (146).jpg
meningioma,F:\brain tumor detection\data\raw\secondary\normalized\meningioma\meningioma_tumor_m2 (147).jpg
meningioma,F:\brain tumor detection\data\raw\secondary\normalized\meningioma\meningioma_tumor_m2 (148).jpg
meningioma,F:\brain tumor detection\data\raw\secondary\normalized\meningioma\meningioma_tumor_m2 (149).jpg
meningioma,F:\brain tumor detection\data\raw\secondary\normalized\meningioma\meningioma_tumor_m2 (15).jpg
meningioma,F:\brain tumor detection\data\raw\secondary\normalized\meningioma\meningioma_tumor_m2 (150).jpg
meningioma,F:\brain tumor detection\data\raw\secondary\normalized\meningioma\meningioma_tumor_m2 (151).jpg
meningioma,F:\brain tumor detection\data\raw\secondary\normalized\meningioma\meningioma_tumor_m2 (152).jpg
meningioma,F:\brain tumor detection\data\raw\secondary\normalized\meningioma\meningioma_tumor_m2 (153).jpg
meningioma,F:\brain tumor detection\data\raw\secondary\normalized\meningioma\meningioma_tumor_m2 (154).jpg
meningioma,F:\brain tumor detection\data\raw\secondary\normalized\meningioma\meningioma_tumor_m2 (155).jpg
meningioma,F:\brain tumor detection\data\raw\secondary\normalized\meningioma\meningioma_tumor_m2 (156).jpg
meningioma,F:\brain tumor detection\data\raw\secondary\normalized\meningioma\meningioma_tumor_m2 (157).jpg
meningioma,F:\brain tumor detection\data\raw\secondary\normalized\meningioma\meningioma_tumor_m2 (158).jpg
meningioma,F:\brain tumor detection\data\raw\secondary\normalized\meningioma\meningioma_tumor_m2 (159).jpg
meningioma,F:\brain tumor detection\data\raw\secondary\normalized\meningioma\meningioma_tumor_m2 (16).jpg
meningioma,F:\brain tumor detection\data\raw\secondary\normalized\meningioma\meningioma_tumor_m2 (160).jpg
meningioma,F:\brain tumor detection\data\raw\secondary\normalized\meningioma\meningioma_tumor_m2 (161).jpg
meningioma,F:\brain tumor detection\data\raw\secondary\normalized\meningioma\meningioma_tumor_m2 (162).jpg
meningioma,F:\brain tumor detection\data\raw\secondary\normalized\meningioma\meningioma_tumor_m2 (163).jpg
meningioma,F:\brain tumor detection\data\raw\secondary\normalized\meningioma\meningioma_tumor_m2 (164).jpg
meningioma,F:\brain tumor detection\data\raw\secondary\normalized\meningioma\meningioma_tumor_m2 (165).jpg
meningioma,F:\brain tumor detection\data\raw\secondary\normalized\meningioma\meningioma_tumor_m2 (166).jpg
meningioma,F:\brain tumor detection\data\raw\secondary\normalized\meningioma\meningioma_tumor_m2 (167).jpg
meningioma,F:\brain tumor detection\data\raw\secondary\normalized\meningioma\meningioma_tumor_m2 (168).jpg
meningioma,F:\brain tumor detection\data\raw\secondary\normalized\meningioma\meningioma_tumor_m2 (169).jpg
meningioma,F:\brain tumor detection\data\raw\secondary\normalized\meningioma\meningioma_tumor_m2 (17).jpg
meningioma,F:\brain tumor detection\data\raw\secondary\normalized\meningioma\meningioma_tumor_m2 (170).jpg
meningioma,F:\brain tumor detection\data\raw\secondary\normalized\meningioma\meningioma_tumor_m2 (171).jpg
meningioma,F:\brain tumor detection\data\raw\secondary\normalized\meningioma\meningioma_tumor_m2 (172).jpg
meningioma,F:\brain tumor detection\data\raw\secondary\normalized\meningioma\meningioma_tumor_m2 (173).jpg
meningioma,F:\brain tumor detection\data\raw\secondary\normalized\meningioma\meningioma_tumor_m2 (174).jpg
meningioma,F:\brain tumor detection\data\raw\secondary\normalized\meningioma\meningioma_tumor_m2 (175).jpg
meningioma,F:\brain tumor detection\data\raw\secondary\normalized\meningioma\meningioma_tumor_m2 (176).jpg
meningioma,F:\brain tumor detection\data\raw\secondary\normalized\meningioma\meningioma_tumor_m2 (177).jpg
meningioma,F:\brain tumor detection\data\raw\secondary\normalized\meningioma\meningioma_tumor_m2 (18).jpg
meningioma,F:\brain tumor detection\data\raw\secondary\normalized\meningioma\meningioma_tumor_m2 (19).jpg
meningioma,F:\brain tumor detection\data\raw\secondary\normalized\meningioma\meningioma_tumor_m2 (2).jpg
meningioma,F:\brain tumor detection\data\raw\secondary\normalized\meningioma\meningioma_tumor_m2 (20).jpg
meningioma,F:\brain tumor detection\data\raw\secondary\normalized\meningioma\meningioma_tumor_m2 (21).jpg
meningioma,F:\brain tumor detection\data\raw\secondary\normalized\meningioma\meningioma_tumor_m2 (22).jpg
meningioma,F:\brain tumor detection\data\raw\secondary\normalized\meningioma\meningioma_tumor_m2 (23).jpg
meningioma,F:\brain tumor detection\data\raw\secondary\normalized\meningioma\meningioma_tumor_m2 (24).jpg
meningioma,F:\brain tumor detection\data\raw\secondary\normalized\meningioma\meningioma_tumor_m2 (25).jpg
meningioma,F:\brain tumor detection\data\raw\secondary\normalized\meningioma\meningioma_tumor_m2 (26).jpg
meningioma,F:\brain tumor detection\data\raw\secondary\normalized\meningioma\meningioma_tumor_m2 (27).jpg
meningioma,F:\brain tumor detection\data\raw\secondary\normalized\meningioma\meningioma_tumor_m2 (28).jpg
meningioma,F:\brain tumor detection\data\raw\secondary\normalized\meningioma\meningioma_tumor_m2 (29).jpg
meningioma,F:\brain tumor detection\data\raw\secondary\normalized\meningioma\meningioma_tumor_m2 (3).jpg
meningioma,F:\brain tumor detection\data\raw\secondary\normalized\meningioma\meningioma_tumor_m2 (30).jpg
meningioma,F:\brain tumor detection\data\raw\secondary\normalized\meningioma\meningioma_tumor_m2 (31).jpg
meningioma,F:\brain tumor detection\data\raw\secondary\normalized\meningioma\meningioma_tumor_m2 (32).jpg
meningioma,F:\brain tumor detection\data\raw\secondary\normalized\meningioma\meningioma_tumor_m2 (33).jpg
meningioma,F:\brain tumor detection\data\raw\secondary\normalized\meningioma\meningioma_tumor_m2 (34).jpg
meningioma,F:\brain tumor detection\data\raw\secondary\normalized\meningioma\meningioma_tumor_m2 (35).jpg
meningioma,F:\brain tumor detection\data\raw\secondary\normalized\meningioma\meningioma_tumor_m2 (36).jpg
meningioma,F:\brain tumor detection\data\raw\secondary\normalized\meningioma\meningioma_tumor_m2 (37).jpg
meningioma,F:\brain tumor detection\data\raw\secondary\normalized\meningioma\meningioma_tumor_m2 (38).jpg
meningioma,F:\brain tumor detection\data\raw\secondary\normalized\meningioma\meningioma_tumor_m2 (39).jpg
meningioma,F:\brain tumor detection\data\raw\secondary\normalized\meningioma\meningioma_tumor_m2 (4).jpg
meningioma,F:\brain tumor detection\data\raw\secondary\normalized\meningioma\meningioma_tumor_m2 (40).jpg
meningioma,F:\brain tumor detection\data\raw\secondary\normalized\meningioma\meningioma_tumor_m2 (41).jpg
meningioma,F:\brain tumor detection\data\raw\secondary\normalized\meningioma\meningioma_tumor_m2 (42).jpg
meningioma,F:\brain tumor detection\data\raw\secondary\normalized\meningioma\meningioma_tumor_m2 (43).jpg
meningioma,F:\brain tumor detection\data\raw\secondary\normalized\meningioma\meningioma_tumor_m2 (44).jpg
meningioma,F:\brain tumor detection\data\raw\secondary\normalized\meningioma\meningioma_tumor_m2 (45).jpg
meningioma,F:\brain tumor detection\data\raw\secondary\normalized\meningioma\meningioma_tumor_m2 (46).jpg
meningioma,F:\brain tumor detection\data\raw\secondary\normalized\meningioma\meningioma_tumor_m2 (47).jpg
meningioma,F:\brain tumor detection\data\raw\secondary\normalized\meningioma\meningioma_tumor_m2 (48).jpg
meningioma,F:\brain tumor detection\data\raw\secondary\normalized\meningioma\meningioma_tumor_m2 (49).jpg
meningioma,F:\brain tumor detection\data\raw\secondary\normalized\meningioma\meningioma_tumor_m2 (5).jpg
meningioma,F:\brain tumor detection\data\raw\secondary\normalized\meningioma\meningioma_tumor_m2 (50).jpg
meningioma,F:\brain tumor detection\data\raw\secondary\normalized\meningioma\meningioma_tumor_m2 (51).jpg
meningioma,F:\brain tumor detection\data\raw\secondary\normalized\meningioma\meningioma_tumor_m2 (52).jpg
meningioma,F:\brain tumor detection\data\raw\secondary\normalized\meningioma\meningioma_tumor_m2 (53).jpg
meningioma,F:\brain tumor detection\data\raw\secondary\normalized\meningioma\meningioma_tumor_m2 (54).jpg
meningioma,F:\brain tumor detection\data\raw\secondary\normalized\meningioma\meningioma_tumor_m2 (55).jpg
meningioma,F:\brain tumor detection\data\raw\secondary\normalized\meningioma\meningioma_tumor_m2 (56).jpg
meningioma,F:\brain tumor detection\data\raw\secondary\normalized\meningioma\meningioma_tumor_m2 (57).jpg
meningioma,F:\brain tumor detection\data\raw\secondary\normalized\meningioma\meningioma_tumor_m2 (58).jpg
meningioma,F:\brain tumor detection\data\raw\secondary\normalized\meningioma\meningioma_tumor_m2 (59).jpg
meningioma,F:\brain tumor detection\data\raw\secondary\normalized\meningioma\meningioma_tumor_m2 (6).jpg
meningioma,F:\brain tumor detection\data\raw\secondary\normalized\meningioma\meningioma_tumor_m2 (60).jpg
meningioma,F:\brain tumor detection\data\raw\secondary\normalized\meningioma\meningioma_tumor_m2 (61).jpg
meningioma,F:\brain tumor detection\data\raw\secondary\normalized\meningioma\meningioma_tumor_m2 (62).jpg
meningioma,F:\brain tumor detection\data\raw\secondary\normalized\meningioma\meningioma_tumor_m2 (63).jpg
meningioma,F:\brain tumor detection\data\raw\secondary\normalized\meningioma\meningioma_tumor_m2 (64).jpg
meningioma,F:\brain tumor detection\data\raw\secondary\normalized\meningioma\meningioma_tumor_m2 (65).jpg
meningioma,F:\brain tumor detection\data\raw\secondary\normalized\meningioma\meningioma_tumor_m2 (66).jpg
meningioma,F:\brain tumor detection\data\raw\secondary\normalized\meningioma\meningioma_tumor_m2 (67).jpg
meningioma,F:\brain tumor detection\data\raw\secondary\normalized\meningioma\meningioma_tumor_m2 (68).jpg
meningioma,F:\brain tumor detection\data\raw\secondary\normalized\meningioma\meningioma_tumor_m2 (69).jpg
meningioma,F:\brain tumor detection\data\raw\secondary\normalized\meningioma\meningioma_tumor_m2 (7).jpg
meningioma,F:\brain tumor detection\data\raw\secondary\normalized\meningioma\meningioma_tumor_m2 (70).jpg
meningioma,F:\brain tumor detection\data\raw\secondary\normalized\meningioma\meningioma_tumor_m2 (71).jpg
meningioma,F:\brain tumor detection\data\raw\secondary\normalized\meningioma\meningioma_tumor_m2 (72).jpg
meningioma,F:\brain tumor detection\data\raw\secondary\normalized\meningioma\meningioma_tumor_m2 (73).jpg
meningioma,F:\brain tumor detection\data\raw\secondary\normalized\meningioma\meningioma_tumor_m2 (74).jpg
meningioma,F:\brain tumor detection\data\raw\secondary\normalized\meningioma\meningioma_tumor_m2 (75).jpg
meningioma,F:\brain tumor detection\data\raw\secondary\normalized\meningioma\meningioma_tumor_m2 (76).jpg
meningioma,F:\brain tumor detection\data\raw\secondary\normalized\meningioma\meningioma_tumor_m2 (77).jpg
meningioma,F:\brain tumor detection\data\raw\secondary\normalized\meningioma\meningioma_tumor_m2 (78).jpg
meningioma,F:\brain tumor detection\data\raw\secondary\normalized\meningioma\meningioma_tumor_m2 (79).jpg
meningioma,F:\brain tumor detection\data\raw\secondary\normalized\meningioma\meningioma_tumor_m2 (8).jpg
meningioma,F:\brain tumor detection\data\raw\secondary\normalized\meningioma\meningioma_tumor_m2 (80).jpg
meningioma,F:\brain tumor detection\data\raw\secondary\normalized\meningioma\meningioma_tumor_m2 (81).jpg
meningioma,F:\brain tumor detection\data\raw\secondary\normalized\meningioma\meningioma_tumor_m2 (82).jpg
meningioma,F:\brain tumor detection\data\raw\secondary\normalized\meningioma\meningioma_tumor_m2 (83).jpg
meningioma,F:\brain tumor detection\data\raw\secondary\normalized\meningioma\meningioma_tumor_m2 (84).jpg
meningioma,F:\brain tumor detection\data\raw\secondary\normalized\meningioma\meningioma_tumor_m2 (85).jpg
meningioma,F:\brain tumor detection\data\raw\secondary\normalized\meningioma\meningioma_tumor_m2 (86).jpg
meningioma,F:\brain tumor detection\data\raw\secondary\normalized\meningioma\meningioma_tumor_m2 (87).jpg
meningioma,F:\brain tumor detection\data\raw\secondary\normalized\meningioma\meningioma_tumor_m2 (88).jpg
meningioma,F:\brain tumor detection\data\raw\secondary\normalized\meningioma\meningioma_tumor_m2 (89).jpg
meningioma,F:\brain tumor detection\data\raw\secondary\normalized\meningioma\meningioma_tumor_m2 (9).jpg
meningioma,F:\brain tumor detection\data\raw\secondary\normalized\meningioma\meningioma_tumor_m2 (90).jpg
meningioma,F:\brain tumor detection\data\raw\secondary\normalized\meningioma\meningioma_tumor_m2 (91).jpg
meningioma,F:\brain tumor detection\data\raw\secondary\normalized\meningioma\meningioma_tumor_m2 (92).jpg
meningioma,F:\brain tumor detection\data\raw\secondary\normalized\meningioma\meningioma_tumor_m2 (93).jpg
meningioma,F:\brain tumor detection\data\raw\secondary\normalized\meningioma\meningioma_tumor_m2 (94).jpg
meningioma,F:\brain tumor detection\data\raw\secondary\normalized\meningioma\meningioma_tumor_m2 (95).jpg
meningioma,F:\brain tumor detection\data\raw\secondary\normalized\meningioma\meningioma_tumor_m2 (96).jpg
meningioma,F:\brain tumor detection\data\raw\secondary\normalized\meningioma\meningioma_tumor_m2 (97).jpg
meningioma,F:\brain tumor detection\data\raw\secondary\normalized\meningioma\meningioma_tumor_m2 (98).jpg
meningioma,F:\brain tumor detection\data\raw\secondary\normalized\meningioma\meningioma_tumor_m2 (99).jpg
meningioma,F:\brain tumor detection\data\raw\secondary\normalized\meningioma\meningioma_tumor_m3 (1).jpg
meningioma,F:\brain tumor detection\data\raw\secondary\normalized\meningioma\meningioma_tumor_m3 (10).jpg
meningioma,F:\brain tumor detection\data\raw\secondary\normalized\meningioma\meningioma_tumor_m3 (100).jpg
meningioma,F:\brain tumor detection\data\raw\secondary\normalized\meningioma\meningioma_tumor_m3 (101).jpg
meningioma,F:\brain tumor detection\data\raw\secondary\normalized\meningioma\meningioma_tumor_m3 (102).jpg
meningioma,F:\brain tumor detection\data\raw\secondary\normalized\meningioma\meningioma_tumor_m3 (103).jpg
meningioma,F:\brain tumor detection\data\raw\secondary\normalized\meningioma\meningioma_tumor_m3 (104).jpg
meningioma,F:\brain tumor detection\data\raw\secondary\normalized\meningioma\meningioma_tumor_m3 (105).jpg
meningioma,F:\brain tumor detection\data\raw\secondary\normalized\meningioma\meningioma_tumor_m3 (106).jpg
meningioma,F:\brain tumor detection\data\raw\secondary\normalized\meningioma\meningioma_tumor_m3 (107).jpg
meningioma,F:\brain tumor detection\data\raw\secondary\normalized\meningioma\meningioma_tumor_m3 (108).jpg
meningioma,F:\brain tumor detection\data\raw\secondary\normalized\meningioma\meningioma_tumor_m3 (109).jpg
meningioma,F:\brain tumor detection\data\raw\secondary\normalized\meningioma\meningioma_tumor_m3 (11).jpg
meningioma,F:\brain tumor detection\data\raw\secondary\normalized\meningioma\meningioma_tumor_m3 (110).jpg
meningioma,F:\brain tumor detection\data\raw\secondary\normalized\meningioma\meningioma_tumor_m3 (111).jpg
meningioma,F:\brain tumor detection\data\raw\secondary\normalized\meningioma\meningioma_tumor_m3 (112).jpg
meningioma,F:\brain tumor detection\data\raw\secondary\normalized\meningioma\meningioma_tumor_m3 (113).jpg
meningioma,F:\brain tumor detection\data\raw\secondary\normalized\meningioma\meningioma_tumor_m3 (114).jpg
meningioma,F:\brain tumor detection\data\raw\secondary\normalized\meningioma\meningioma_tumor_m3 (115).jpg
meningioma,F:\brain tumor detection\data\raw\secondary\normalized\meningioma\meningioma_tumor_m3 (116).jpg
meningioma,F:\brain tumor detection\data\raw\secondary\normalized\meningioma\meningioma_tumor_m3 (117).jpg
meningioma,F:\brain tumor detection\data\raw\secondary\normalized\meningioma\meningioma_tumor_m3 (118).jpg
meningioma,F:\brain tumor detection\data\raw\secondary\normalized\meningioma\meningioma_tumor_m3 (119).jpg
meningioma,F:\brain tumor detection\data\raw\secondary\normalized\meningioma\meningioma_tumor_m3 (12).jpg
meningioma,F:\brain tumor detection\data\raw\secondary\normalized\meningioma\meningioma_tumor_m3 (120).jpg
meningioma,F:\brain tumor detection\data\raw\secondary\normalized\meningioma\meningioma_tumor_m3 (121).jpg
meningioma,F:\brain tumor detection\data\raw\secondary\normalized\meningioma\meningioma_tumor_m3 (122).jpg
meningioma,F:\brain tumor detection\data\raw\secondary\normalized\meningioma\meningioma_tumor_m3 (123).jpg
meningioma,F:\brain tumor detection\data\raw\secondary\normalized\meningioma\meningioma_tumor_m3 (124).jpg
meningioma,F:\brain tumor detection\data\raw\secondary\normalized\meningioma\meningioma_tumor_m3 (125).jpg
meningioma,F:\brain tumor detection\data\raw\secondary\normalized\meningioma\meningioma_tumor_m3 (126).jpg
meningioma,F:\brain tumor detection\data\raw\secondary\normalized\meningioma\meningioma_tumor_m3 (127).jpg
meningioma,F:\brain tumor detection\data\raw\secondary\normalized\meningioma\meningioma_tumor_m3 (128).jpg
meningioma,F:\brain tumor detection\data\raw\secondary\normalized\meningioma\meningioma_tumor_m3 (129).jpg
meningioma,F:\brain tumor detection\data\raw\secondary\normalized\meningioma\meningioma_tumor_m3 (13).jpg
meningioma,F:\brain tumor detection\data\raw\secondary\normalized\meningioma\meningioma_tumor_m3 (130).jpg
meningioma,F:\brain tumor detection\data\raw\secondary\normalized\meningioma\meningioma_tumor_m3 (131).jpg
meningioma,F:\brain tumor detection\data\raw\secondary\normalized\meningioma\meningioma_tumor_m3 (132).jpg
meningioma,F:\brain tumor detection\data\raw\secondary\normalized\meningioma\meningioma_tumor_m3 (133).jpg
meningioma,F:\brain tumor detection\data\raw\secondary\normalized\meningioma\meningioma_tumor_m3 (134).jpg
meningioma,F:\brain tumor detection\data\raw\secondary\normalized\meningioma\meningioma_tumor_m3 (135).jpg
meningioma,F:\brain tumor detection\data\raw\secondary\normalized\meningioma\meningioma_tumor_m3 (136).jpg
meningioma,F:\brain tumor detection\data\raw\secondary\normalized\meningioma\meningioma_tumor_m3 (137).jpg
meningioma,F:\brain tumor detection\data\raw\secondary\normalized\meningioma\meningioma_tumor_m3 (138).jpg
meningioma,F:\brain tumor detection\data\raw\secondary\normalized\meningioma\meningioma_tumor_m3 (139).jpg
meningioma,F:\brain tumor detection\data\raw\secondary\normalized\meningioma\meningioma_tumor_m3 (14).jpg
meningioma,F:\brain tumor detection\data\raw\secondary\normalized\meningioma\meningioma_tumor_m3 (140).jpg
meningioma,F:\brain tumor detection\data\raw\secondary\normalized\meningioma\meningioma_tumor_m3 (141).jpg
meningioma,F:\brain tumor detection\data\raw\secondary\normalized\meningioma\meningioma_tumor_m3 (142).jpg
meningioma,F:\brain tumor detection\data\raw\secondary\normalized\meningioma\meningioma_tumor_m3 (143).jpg
meningioma,F:\brain tumor detection\data\raw\secondary\normalized\meningioma\meningioma_tumor_m3 (145).jpg
meningioma,F:\brain tumor detection\data\raw\secondary\normalized\meningioma\meningioma_tumor_m3 (146).jpg
meningioma,F:\brain tumor detection\data\raw\secondary\normalized\meningioma\meningioma_tumor_m3 (147).jpg
meningioma,F:\brain tumor detection\data\raw\secondary\normalized\meningioma\meningioma_tumor_m3 (148).jpg
meningioma,F:\brain tumor detection\data\raw\secondary\normalized\meningioma\meningioma_tumor_m3 (149).jpg
meningioma,F:\brain tumor detection\data\raw\secondary\normalized\meningioma\meningioma_tumor_m3 (15).jpg
meningioma,F:\brain tumor detection\data\raw\secondary\normalized\meningioma\meningioma_tumor_m3 (150).jpg
meningioma,F:\brain tumor detection\data\raw\secondary\normalized\meningioma\meningioma_tumor_m3 (151).jpg
meningioma,F:\brain tumor detection\data\raw\secondary\normalized\meningioma\meningioma_tumor_m3 (152).jpg
meningioma,F:\brain tumor detection\data\raw\secondary\normalized\meningioma\meningioma_tumor_m3 (153).jpg
meningioma,F:\brain tumor detection\data\raw\secondary\normalized\meningioma\meningioma_tumor_m3 (154).jpg
meningioma,F:\brain tumor detection\data\raw\secondary\normalized\meningioma\meningioma_tumor_m3 (155).jpg
meningioma,F:\brain tumor detection\data\raw\secondary\normalized\meningioma\meningioma_tumor_m3 (156).jpg
meningioma,F:\brain tumor detection\data\raw\secondary\normalized\meningioma\meningioma_tumor_m3 (157).jpg
meningioma,F:\brain tumor detection\data\raw\secondary\normalized\meningioma\meningioma_tumor_m3 (158).jpg
meningioma,F:\brain tumor detection\data\raw\secondary\normalized\meningioma\meningioma_tumor_m3 (159).jpg
meningioma,F:\brain tumor detection\data\raw\secondary\normalized\meningioma\meningioma_tumor_m3 (16).jpg
meningioma,F:\brain tumor detection\data\raw\secondary\normalized\meningioma\meningioma_tumor_m3 (160).jpg
meningioma,F:\brain tumor detection\data\raw\secondary\normalized\meningioma\meningioma_tumor_m3 (161).jpg
meningioma,F:\brain tumor detection\data\raw\secondary\normalized\meningioma\meningioma_tumor_m3 (162).jpg
meningioma,F:\brain tumor detection\data\raw\secondary\normalized\meningioma\meningioma_tumor_m3 (163).jpg
meningioma,F:\brain tumor detection\data\raw\secondary\normalized\meningioma\meningioma_tumor_m3 (164).jpg
meningioma,F:\brain tumor detection\data\raw\secondary\normalized\meningioma\meningioma_tumor_m3 (165).jpg
meningioma,F:\brain tumor detection\data\raw\secondary\normalized\meningioma\meningioma_tumor_m3 (166).jpg
meningioma,F:\brain tumor detection\data\raw\secondary\normalized\meningioma\meningioma_tumor_m3 (167).jpg
meningioma,F:\brain tumor detection\data\raw\secondary\normalized\meningioma\meningioma_tumor_m3 (168).jpg
meningioma,F:\brain tumor detection\data\raw\secondary\normalized\meningioma\meningioma_tumor_m3 (169).jpg
meningioma,F:\brain tumor detection\data\raw\secondary\normalized\meningioma\meningioma_tumor_m3 (17).jpg
meningioma,F:\brain tumor detection\data\raw\secondary\normalized\meningioma\meningioma_tumor_m3 (170).jpg
meningioma,F:\brain tumor detection\data\raw\secondary\normalized\meningioma\meningioma_tumor_m3 (171).jpg
meningioma,F:\brain tumor detection\data\raw\secondary\normalized\meningioma\meningioma_tumor_m3 (172).jpg
meningioma,F:\brain tumor detection\data\raw\secondary\normalized\meningioma\meningioma_tumor_m3 (173).jpg
meningioma,F:\brain tumor detection\data\raw\secondary\normalized\meningioma\meningioma_tumor_m3 (174).jpg
meningioma,F:\brain tumor detection\data\raw\secondary\normalized\meningioma\meningioma_tumor_m3 (175).jpg
meningioma,F:\brain tumor detection\data\raw\secondary\normalized\meningioma\meningioma_tumor_m3 (176).jpg
meningioma,F:\brain tumor detection\data\raw\secondary\normalized\meningioma\meningioma_tumor_m3 (177).jpg
meningioma,F:\brain tumor detection\data\raw\secondary\normalized\meningioma\meningioma_tumor_m3 (178).jpg
meningioma,F:\brain tumor detection\data\raw\secondary\normalized\meningioma\meningioma_tumor_m3 (179).jpg
meningioma,F:\brain tumor detection\data\raw\secondary\normalized\meningioma\meningioma_tumor_m3 (18).jpg
meningioma,F:\brain tumor detection\data\raw\secondary\normalized\meningioma\meningioma_tumor_m3 (180).jpg
meningioma,F:\brain tumor detection\data\raw\secondary\normalized\meningioma\meningioma_tumor_m3 (181).jpg
meningioma,F:\brain tumor detection\data\raw\secondary\normalized\meningioma\meningioma_tumor_m3 (182).jpg
meningioma,F:\brain tumor detection\data\raw\secondary\normalized\meningioma\meningioma_tumor_m3 (183).jpg
meningioma,F:\brain tumor detection\data\raw\secondary\normalized\meningioma\meningioma_tumor_m3 (184).jpg
meningioma,F:\brain tumor detection\data\raw\secondary\normalized\meningioma\meningioma_tumor_m3 (185).jpg
meningioma,F:\brain tumor detection\data\raw\secondary\normalized\meningioma\meningioma_tumor_m3 (186).jpg
meningioma,F:\brain tumor detection\data\raw\secondary\normalized\meningioma\meningioma_tumor_m3 (187).jpg
meningioma,F:\brain tumor detection\data\raw\secondary\normalized\meningioma\meningioma_tumor_m3 (188).jpg
meningioma,F:\brain tumor detection\data\raw\secondary\normalized\meningioma\meningioma_tumor_m3 (189).jpg
meningioma,F:\brain tumor detection\data\raw\secondary\normalized\meningioma\meningioma_tumor_m3 (19).jpg
meningioma,F:\brain tumor detection\data\raw\secondary\normalized\meningioma\meningioma_tumor_m3 (190).jpg
meningioma,F:\brain tumor detection\data\raw\secondary\normalized\meningioma\meningioma_tumor_m3 (191).jpg
meningioma,F:\brain tumor detection\data\raw\secondary\normalized\meningioma\meningioma_tumor_m3 (192).jpg
meningioma,F:\brain tumor detection\data\raw\secondary\normalized\meningioma\meningioma_tumor_m3 (193).jpg
meningioma,F:\brain tumor detection\data\raw\secondary\normalized\meningioma\meningioma_tumor_m3 (194).jpg
meningioma,F:\brain tumor detection\data\raw\secondary\normalized\meningioma\meningioma_tumor_m3 (195).jpg
meningioma,F:\brain tumor detection\data\raw\secondary\normalized\meningioma\meningioma_tumor_m3 (196).jpg
meningioma,F:\brain tumor detection\data\raw\secondary\normalized\meningioma\meningioma_tumor_m3 (197).jpg
meningioma,F:\brain tumor detection\data\raw\secondary\normalized\meningioma\meningioma_tumor_m3 (198).jpg
meningioma,F:\brain tumor detection\data\raw\secondary\normalized\meningioma\meningioma_tumor_m3 (199).jpg
meningioma,F:\brain tumor detection\data\raw\secondary\normalized\meningioma\meningioma_tumor_m3 (2).jpg
meningioma,F:\brain tumor detection\data\raw\secondary\normalized\meningioma\meningioma_tumor_m3 (20).jpg
meningioma,F:\brain tumor detection\data\raw\secondary\normalized\meningioma\meningioma_tumor_m3 (200).jpg
meningioma,F:\brain tumor detection\data\raw\secondary\normalized\meningioma\meningioma_tumor_m3 (201).jpg
meningioma,F:\brain tumor detection\data\raw\secondary\normalized\meningioma\meningioma_tumor_m3 (202).jpg
meningioma,F:\brain tumor detection\data\raw\secondary\normalized\meningioma\meningioma_tumor_m3 (203).jpg
meningioma,F:\brain tumor detection\data\raw\secondary\normalized\meningioma\meningioma_tumor_m3 (204).jpg
meningioma,F:\brain tumor detection\data\raw\secondary\normalized\meningioma\meningioma_tumor_m3 (205).jpg
meningioma,F:\brain tumor detection\data\raw\secondary\normalized\meningioma\meningioma_tumor_m3 (206).jpg
meningioma,F:\brain tumor detection\data\raw\secondary\normalized\meningioma\meningioma_tumor_m3 (207).jpg
meningioma,F:\brain tumor detection\data\raw\secondary\normalized\meningioma\meningioma_tumor_m3 (208).jpg
meningioma,F:\brain tumor detection\data\raw\secondary\normalized\meningioma\meningioma_tumor_m3 (209).jpg
meningioma,F:\brain tumor detection\data\raw\secondary\normalized\meningioma\meningioma_tumor_m3 (21).jpg
meningioma,F:\brain tumor detection\data\raw\secondary\normalized\meningioma\meningioma_tumor_m3 (210).jpg
meningioma,F:\brain tumor detection\data\raw\secondary\normalized\meningioma\meningioma_tumor_m3 (211).jpg
meningioma,F:\brain tumor detection\data\raw\secondary\normalized\meningioma\meningioma_tumor_m3 (212).jpg
meningioma,F:\brain tumor detection\data\raw\secondary\normalized\meningioma\meningioma_tumor_m3 (213).jpg
meningioma,F:\brain tumor detection\data\raw\secondary\normalized\meningioma\meningioma_tumor_m3 (214).jpg
meningioma,F:\brain tumor detection\data\raw\secondary\normalized\meningioma\meningioma_tumor_m3 (215).jpg
meningioma,F:\brain tumor detection\data\raw\secondary\normalized\meningioma\meningioma_tumor_m3 (216).jpg
meningioma,F:\brain tumor detection\data\raw\secondary\normalized\meningioma\meningioma_tumor_m3 (217).jpg
meningioma,F:\brain tumor detection\data\raw\secondary\normalized\meningioma\meningioma_tumor_m3 (218).jpg
meningioma,F:\brain tumor detection\data\raw\secondary\normalized\meningioma\meningioma_tumor_m3 (219).jpg
meningioma,F:\brain tumor detection\data\raw\secondary\normalized\meningioma\meningioma_tumor_m3 (22).jpg
meningioma,F:\brain tumor detection\data\raw\secondary\normalized\meningioma\meningioma_tumor_m3 (220).jpg
meningioma,F:\brain tumor detection\data\raw\secondary\normalized\meningioma\meningioma_tumor_m3 (221).jpg
meningioma,F:\brain tumor detection\data\raw\secondary\normalized\meningioma\meningioma_tumor_m3 (222).jpg
meningioma,F:\brain tumor detection\data\raw\secondary\normalized\meningioma\meningioma_tumor_m3 (223).jpg
meningioma,F:\brain tumor detection\data\raw\secondary\normalized\meningioma\meningioma_tumor_m3 (224).jpg
meningioma,F:\brain tumor detection\data\raw\secondary\normalized\meningioma\meningioma_tumor_m3 (225).jpg
meningioma,F:\brain tumor detection\data\raw\secondary\normalized\meningioma\meningioma_tumor_m3 (226).jpg
meningioma,F:\brain tumor detection\data\raw\secondary\normalized\meningioma\meningioma_tumor_m3 (227).jpg
meningioma,F:\brain tumor detection\data\raw\secondary\normalized\meningioma\meningioma_tumor_m3 (228).jpg
meningioma,F:\brain tumor detection\data\raw\secondary\normalized\meningioma\meningioma_tumor_m3 (229).jpg
meningioma,F:\brain tumor detection\data\raw\secondary\normalized\meningioma\meningioma_tumor_m3 (23).jpg
meningioma,F:\brain tumor detection\data\raw\secondary\normalized\meningioma\meningioma_tumor_m3 (230).jpg
meningioma,F:\brain tumor detection\data\raw\secondary\normalized\meningioma\meningioma_tumor_m3 (231).jpg
meningioma,F:\brain tumor detection\data\raw\secondary\normalized\meningioma\meningioma_tumor_m3 (232).jpg
meningioma,F:\brain tumor detection\data\raw\secondary\normalized\meningioma\meningioma_tumor_m3 (233).jpg
meningioma,F:\brain tumor detection\data\raw\secondary\normalized\meningioma\meningioma_tumor_m3 (234).jpg
meningioma,F:\brain tumor detection\data\raw\secondary\normalized\meningioma\meningioma_tumor_m3 (235).jpg
meningioma,F:\brain tumor detection\data\raw\secondary\normalized\meningioma\meningioma_tumor_m3 (236).jpg
meningioma,F:\brain tumor detection\data\raw\secondary\normalized\meningioma\meningioma_tumor_m3 (237).jpg
meningioma,F:\brain tumor detection\data\raw\secondary\normalized\meningioma\meningioma_tumor_m3 (238).jpg
meningioma,F:\brain tumor detection\data\raw\secondary\normalized\meningioma\meningioma_tumor_m3 (239).jpg
meningioma,F:\brain tumor detection\data\raw\secondary\normalized\meningioma\meningioma_tumor_m3 (24).jpg
meningioma,F:\brain tumor detection\data\raw\secondary\normalized\meningioma\meningioma_tumor_m3 (240).jpg
meningioma,F:\brain tumor detection\data\raw\secondary\normalized\meningioma\meningioma_tumor_m3 (241).jpg
meningioma,F:\brain tumor detection\data\raw\secondary\normalized\meningioma\meningioma_tumor_m3 (242).jpg
meningioma,F:\brain tumor detection\data\raw\secondary\normalized\meningioma\meningioma_tumor_m3 (243).jpg
meningioma,F:\brain tumor detection\data\raw\secondary\normalized\meningioma\meningioma_tumor_m3 (244).jpg
meningioma,F:\brain tumor detection\data\raw\secondary\normalized\meningioma\meningioma_tumor_m3 (245).jpg
meningioma,F:\brain tumor detection\data\raw\secondary\normalized\meningioma\meningioma_tumor_m3 (246).jpg
meningioma,F:\brain tumor detection\data\raw\secondary\normalized\meningioma\meningioma_tumor_m3 (247).jpg
meningioma,F:\brain tumor detection\data\raw\secondary\normalized\meningioma\meningioma_tumor_m3 (25).jpg
meningioma,F:\brain tumor detection\data\raw\secondary\normalized\meningioma\meningioma_tumor_m3 (26).jpg
meningioma,F:\brain tumor detection\data\raw\secondary\normalized\meningioma\meningioma_tumor_m3 (27).jpg
meningioma,F:\brain tumor detection\data\raw\secondary\normalized\meningioma\meningioma_tumor_m3 (28).jpg
meningioma,F:\brain tumor detection\data\raw\secondary\normalized\meningioma\meningioma_tumor_m3 (29).jpg
meningioma,F:\brain tumor detection\data\raw\secondary\normalized\meningioma\meningioma_tumor_m3 (3).jpg
meningioma,F:\brain tumor detection\data\raw\secondary\normalized\meningioma\meningioma_tumor_m3 (30).jpg
meningioma,F:\brain tumor detection\data\raw\secondary\normalized\meningioma\meningioma_tumor_m3 (31).jpg
meningioma,F:\brain tumor detection\data\raw\secondary\normalized\meningioma\meningioma_tumor_m3 (32).jpg
meningioma,F:\brain tumor detection\data\raw\secondary\normalized\meningioma\meningioma_tumor_m3 (33).jpg
meningioma,F:\brain tumor detection\data\raw\secondary\normalized\meningioma\meningioma_tumor_m3 (34).jpg
meningioma,F:\brain tumor detection\data\raw\secondary\normalized\meningioma\meningioma_tumor_m3 (35).jpg
meningioma,F:\brain tumor detection\data\raw\secondary\normalized\meningioma\meningioma_tumor_m3 (36).jpg
meningioma,F:\brain tumor detection\data\raw\secondary\normalized\meningioma\meningioma_tumor_m3 (37).jpg
meningioma,F:\brain tumor detection\data\raw\secondary\normalized\meningioma\meningioma_tumor_m3 (38).jpg
meningioma,F:\brain tumor detection\data\raw\secondary\normalized\meningioma\meningioma_tumor_m3 (39).jpg
meningioma,F:\brain tumor detection\data\raw\secondary\normalized\meningioma\meningioma_tumor_m3 (4).jpg
meningioma,F:\brain tumor detection\data\raw\secondary\normalized\meningioma\meningioma_tumor_m3 (40).jpg
meningioma,F:\brain tumor detection\data\raw\secondary\normalized\meningioma\meningioma_tumor_m3 (41).jpg
meningioma,F:\brain tumor detection\data\raw\secondary\normalized\meningioma\meningioma_tumor_m3 (42).jpg
meningioma,F:\brain tumor detection\data\raw\secondary\normalized\meningioma\meningioma_tumor_m3 (43).jpg
meningioma,F:\brain tumor detection\data\raw\secondary\normalized\meningioma\meningioma_tumor_m3 (44).jpg
meningioma,F:\brain tumor detection\data\raw\secondary\normalized\meningioma\meningioma_tumor_m3 (45).jpg
meningioma,F:\brain tumor detection\data\raw\secondary\normalized\meningioma\meningioma_tumor_m3 (46).jpg
meningioma,F:\brain tumor detection\data\raw\secondary\normalized\meningioma\meningioma_tumor_m3 (47).jpg
meningioma,F:\brain tumor detection\data\raw\secondary\normalized\meningioma\meningioma_tumor_m3 (48).jpg
meningioma,F:\brain tumor detection\data\raw\secondary\normalized\meningioma\meningioma_tumor_m3 (49).jpg
meningioma,F:\brain tumor detection\data\raw\secondary\normalized\meningioma\meningioma_tumor_m3 (5).jpg
meningioma,F:\brain tumor detection\data\raw\secondary\normalized\meningioma\meningioma_tumor_m3 (50).jpg
meningioma,F:\brain tumor detection\data\raw\secondary\normalized\meningioma\meningioma_tumor_m3 (51).jpg
meningioma,F:\brain tumor detection\data\raw\secondary\normalized\meningioma\meningioma_tumor_m3 (52).jpg
meningioma,F:\brain tumor detection\data\raw\secondary\normalized\meningioma\meningioma_tumor_m3 (53).jpg
meningioma,F:\brain tumor detection\data\raw\secondary\normalized\meningioma\meningioma_tumor_m3 (54).jpg
meningioma,F:\brain tumor detection\data\raw\secondary\normalized\meningioma\meningioma_tumor_m3 (55).jpg
meningioma,F:\brain tumor detection\data\raw\secondary\normalized\meningioma\meningioma_tumor_m3 (56).jpg
meningioma,F:\brain tumor detection\data\raw\secondary\normalized\meningioma\meningioma_tumor_m3 (57).jpg
meningioma,F:\brain tumor detection\data\raw\secondary\normalized\meningioma\meningioma_tumor_m3 (58).jpg
meningioma,F:\brain tumor detection\data\raw\secondary\normalized\meningioma\meningioma_tumor_m3 (59).jpg
meningioma,F:\brain tumor detection\data\raw\secondary\normalized\meningioma\meningioma_tumor_m3 (6).jpg
meningioma,F:\brain tumor detection\data\raw\secondary\normalized\meningioma\meningioma_tumor_m3 (60).jpg
meningioma,F:\brain tumor detection\data\raw\secondary\normalized\meningioma\meningioma_tumor_m3 (61).jpg
meningioma,F:\brain tumor detection\data\raw\secondary\normalized\meningioma\meningioma_tumor_m3 (62).jpg
meningioma,F:\brain tumor detection\data\raw\secondary\normalized\meningioma\meningioma_tumor_m3 (63).jpg
meningioma,F:\brain tumor detection\data\raw\secondary\normalized\meningioma\meningioma_tumor_m3 (64).jpg
meningioma,F:\brain tumor detection\data\raw\secondary\normalized\meningioma\meningioma_tumor_m3 (65).jpg
meningioma,F:\brain tumor detection\data\raw\secondary\normalized\meningioma\meningioma_tumor_m3 (66).jpg
meningioma,F:\brain tumor detection\data\raw\secondary\normalized\meningioma\meningioma_tumor_m3 (67).jpg
meningioma,F:\brain tumor detection\data\raw\secondary\normalized\meningioma\meningioma_tumor_m3 (68).jpg
meningioma,F:\brain tumor detection\data\raw\secondary\normalized\meningioma\meningioma_tumor_m3 (69).jpg
meningioma,F:\brain tumor detection\data\raw\secondary\normalized\meningioma\meningioma_tumor_m3 (7).jpg
meningioma,F:\brain tumor detection\data\raw\secondary\normalized\meningioma\meningioma_tumor_m3 (70).jpg
meningioma,F:\brain tumor detection\data\raw\secondary\normalized\meningioma\meningioma_tumor_m3 (71).jpg
meningioma,F:\brain tumor detection\data\raw\secondary\normalized\meningioma\meningioma_tumor_m3 (72).jpg
meningioma,F:\brain tumor detection\data\raw\secondary\normalized\meningioma\meningioma_tumor_m3 (73).jpg
meningioma,F:\brain tumor detection\data\raw\secondary\normalized\meningioma\meningioma_tumor_m3 (74).jpg
meningioma,F:\brain tumor detection\data\raw\secondary\normalized\meningioma\meningioma_tumor_m3 (75).jpg
meningioma,F:\brain tumor detection\data\raw\secondary\normalized\meningioma\meningioma_tumor_m3 (76).jpg
meningioma,F:\brain tumor detection\data\raw\secondary\normalized\meningioma\meningioma_tumor_m3 (77).jpg
meningioma,F:\brain tumor detection\data\raw\secondary\normalized\meningioma\meningioma_tumor_m3 (78).jpg
meningioma,F:\brain tumor detection\data\raw\secondary\normalized\meningioma\meningioma_tumor_m3 (79).jpg
meningioma,F:\brain tumor detection\data\raw\secondary\normalized\meningioma\meningioma_tumor_m3 (8).jpg
meningioma,F:\brain tumor detection\data\raw\secondary\normalized\meningioma\meningioma_tumor_m3 (80).jpg
meningioma,F:\brain tumor detection\data\raw\secondary\normalized\meningioma\meningioma_tumor_m3 (81).jpg
meningioma,F:\brain tumor detection\data\raw\secondary\normalized\meningioma\meningioma_tumor_m3 (82).jpg
meningioma,F:\brain tumor detection\data\raw\secondary\normalized\meningioma\meningioma_tumor_m3 (83).jpg
meningioma,F:\brain tumor detection\data\raw\secondary\normalized\meningioma\meningioma_tumor_m3 (84).jpg
meningioma,F:\brain tumor detection\data\raw\secondary\normalized\meningioma\meningioma_tumor_m3 (85).jpg
meningioma,F:\brain tumor detection\data\raw\secondary\normalized\meningioma\meningioma_tumor_m3 (86).jpg
meningioma,F:\brain tumor detection\data\raw\secondary\normalized\meningioma\meningioma_tumor_m3 (87).jpg
meningioma,F:\brain tumor detection\data\raw\secondary\normalized\meningioma\meningioma_tumor_m3 (88).jpg
meningioma,F:\brain tumor detection\data\raw\secondary\normalized\meningioma\meningioma_tumor_m3 (89).jpg
meningioma,F:\brain tumor detection\data\raw\secondary\normalized\meningioma\meningioma_tumor_m3 (9).jpg
meningioma,F:\brain tumor detection\data\raw\secondary\normalized\meningioma\meningioma_tumor_m3 (90).jpg
meningioma,F:\brain tumor detection\data\raw\secondary\normalized\meningioma\meningioma_tumor_m3 (91).jpg
meningioma,F:\brain tumor detection\data\raw\secondary\normalized\meningioma\meningioma_tumor_m3 (92).jpg
meningioma,F:\brain tumor detection\data\raw\secondary\normalized\meningioma\meningioma_tumor_m3 (93).jpg
meningioma,F:\brain tumor detection\data\raw\secondary\normalized\meningioma\meningioma_tumor_m3 (94).jpg
meningioma,F:\brain tumor detection\data\raw\secondary\normalized\meningioma\meningioma_tumor_m3 (95).jpg
meningioma,F:\brain tumor detection\data\raw\secondary\normalized\meningioma\meningioma_tumor_m3 (96).jpg
meningioma,F:\brain tumor detection\data\raw\secondary\normalized\meningioma\meningioma_tumor_m3 (97).jpg
meningioma,F:\brain tumor detection\data\raw\secondary\normalized\meningioma\meningioma_tumor_m3 (98).jpg
meningioma,F:\brain tumor detection\data\raw\secondary\normalized\meningioma\meningioma_tumor_m3 (99).jpg
notumor,F:\brain tumor detection\data\raw\secondary\normalized\notumor\no_tumor_1.jpg
notumor,F:\brain tumor detection\data\raw\secondary\normalized\notumor\no_tumor_2.jpg
notumor,F:\brain tumor detection\data\raw\secondary\normalized\notumor\no_tumor_3.jpg
notumor,F:\brain tumor detection\data\raw\secondary\normalized\notumor\no_tumor_4.jpg
notumor,F:\brain tumor detection\data\raw\secondary\normalized\notumor\no_tumor_5.jpg
notumor,F:\brain tumor detection\data\raw\secondary\normalized\notumor\no_tumor_6.jpg
notumor,F:\brain tumor detection\data\raw\secondary\normalized\notumor\no_tumor_7.jpg
notumor,F:\brain tumor detection\data\raw\secondary\normalized\notumor\no_tumor_8.jpg
notumor,F:\brain tumor detection\data\raw\secondary\normalized\notumor\no_tumor_image (10).jpg
notumor,F:\brain tumor detection\data\raw\secondary\normalized\notumor\no_tumor_image (11).jpg
notumor,F:\brain tumor detection\data\raw\secondary\normalized\notumor\no_tumor_image (12).jpg
notumor,F:\brain tumor detection\data\raw\secondary\normalized\notumor\no_tumor_image (13).jpg
notumor,F:\brain tumor detection\data\raw\secondary\normalized\notumor\no_tumor_image (14).jpg
notumor,F:\brain tumor detection\data\raw\secondary\normalized\notumor\no_tumor_image (15).jpg
notumor,F:\brain tumor detection\data\raw\secondary\normalized\notumor\no_tumor_image (16).jpg
notumor,F:\brain tumor detection\data\raw\secondary\normalized\notumor\no_tumor_image (17).jpg
notumor,F:\brain tumor detection\data\raw\secondary\normalized\notumor\no_tumor_image (18).jpg
notumor,F:\brain tumor detection\data\raw\secondary\normalized\notumor\no_tumor_image (19).jpg
notumor,F:\brain tumor detection\data\raw\secondary\normalized\notumor\no_tumor_image (20).jpg
notumor,F:\brain tumor detection\data\raw\secondary\normalized\notumor\no_tumor_image (21).jpg
notumor,F:\brain tumor detection\data\raw\secondary\normalized\notumor\no_tumor_image (22).jpg
notumor,F:\brain tumor detection\data\raw\secondary\normalized\notumor\no_tumor_image (23).jpg
notumor,F:\brain tumor detection\data\raw\secondary\normalized\notumor\no_tumor_image (24).jpg
notumor,F:\brain tumor detection\data\raw\secondary\normalized\notumor\no_tumor_image (25).jpg
notumor,F:\brain tumor detection\data\raw\secondary\normalized\notumor\no_tumor_image (26).jpg
notumor,F:\brain tumor detection\data\raw\secondary\normalized\notumor\no_tumor_image (27).jpg
notumor,F:\brain tumor detection\data\raw\secondary\normalized\notumor\no_tumor_image (28).jpg
notumor,F:\brain tumor detection\data\raw\secondary\normalized\notumor\no_tumor_image (29).jpg
notumor,F:\brain tumor detection\data\raw\secondary\normalized\notumor\no_tumor_image (30).jpg
notumor,F:\brain tumor detection\data\raw\secondary\normalized\notumor\no_tumor_image (31).jpg
notumor,F:\brain tumor detection\data\raw\secondary\normalized\notumor\no_tumor_image (32).jpg
notumor,F:\brain tumor detection\data\raw\secondary\normalized\notumor\no_tumor_image (33).jpg
notumor,F:\brain tumor detection\data\raw\secondary\normalized\notumor\no_tumor_image (34).jpg
notumor,F:\brain tumor detection\data\raw\secondary\normalized\notumor\no_tumor_image (35).jpg
notumor,F:\brain tumor detection\data\raw\secondary\normalized\notumor\no_tumor_image (36).jpg
notumor,F:\brain tumor detection\data\raw\secondary\normalized\notumor\no_tumor_image (37).jpg
notumor,F:\brain tumor detection\data\raw\secondary\normalized\notumor\no_tumor_image (38).jpg
notumor,F:\brain tumor detection\data\raw\secondary\normalized\notumor\no_tumor_image (39).jpg
notumor,F:\brain tumor detection\data\raw\secondary\normalized\notumor\no_tumor_image (4).jpg
notumor,F:\brain tumor detection\data\raw\secondary\normalized\notumor\no_tumor_image (40).jpg
notumor,F:\brain tumor detection\data\raw\secondary\normalized\notumor\no_tumor_image (41).jpg
notumor,F:\brain tumor detection\data\raw\secondary\normalized\notumor\no_tumor_image (42).jpg
notumor,F:\brain tumor detection\data\raw\secondary\normalized\notumor\no_tumor_image (43).jpg
notumor,F:\brain tumor detection\data\raw\secondary\normalized\notumor\no_tumor_image (44).jpg
notumor,F:\brain tumor detection\data\raw\secondary\normalized\notumor\no_tumor_image (45).jpg
notumor,F:\brain tumor detection\data\raw\secondary\normalized\notumor\no_tumor_image (46).jpg
notumor,F:\brain tumor detection\data\raw\secondary\normalized\notumor\no_tumor_image (47).jpg
notumor,F:\brain tumor detection\data\raw\secondary\normalized\notumor\no_tumor_image (48).jpg
notumor,F:\brain tumor detection\data\raw\secondary\normalized\notumor\no_tumor_image (49).jpg
notumor,F:\brain tumor detection\data\raw\secondary\normalized\notumor\no_tumor_image (5).jpg
notumor,F:\brain tumor detection\data\raw\secondary\normalized\notumor\no_tumor_image (50).jpg
notumor,F:\brain tumor detection\data\raw\secondary\normalized\notumor\no_tumor_image (51).jpg
notumor,F:\brain tumor detection\data\raw\secondary\normalized\notumor\no_tumor_image (52).jpg
notumor,F:\brain tumor detection\data\raw\secondary\normalized\notumor\no_tumor_image (53).jpg
notumor,F:\brain tumor detection\data\raw\secondary\normalized\notumor\no_tumor_image (54).jpg
notumor,F:\brain tumor detection\data\raw\secondary\normalized\notumor\no_tumor_image (55).jpg
notumor,F:\brain tumor detection\data\raw\secondary\normalized\notumor\no_tumor_image (56).jpg
notumor,F:\brain tumor detection\data\raw\secondary\normalized\notumor\no_tumor_image (57).jpg
notumor,F:\brain tumor detection\data\raw\secondary\normalized\notumor\no_tumor_image (58).jpg
notumor,F:\brain tumor detection\data\raw\secondary\normalized\notumor\no_tumor_image (59).jpg
notumor,F:\brain tumor detection\data\raw\secondary\normalized\notumor\no_tumor_image (6).jpg
notumor,F:\brain tumor detection\data\raw\secondary\normalized\notumor\no_tumor_image (60).jpg
notumor,F:\brain tumor detection\data\raw\secondary\normalized\notumor\no_tumor_image (61).jpg
notumor,F:\brain tumor detection\data\raw\secondary\normalized\notumor\no_tumor_image (62).jpg
notumor,F:\brain tumor detection\data\raw\secondary\normalized\notumor\no_tumor_image (63).jpg
notumor,F:\brain tumor detection\data\raw\secondary\normalized\notumor\no_tumor_image (64).jpg
notumor,F:\brain tumor detection\data\raw\secondary\normalized\notumor\no_tumor_image (7).jpg
notumor,F:\brain tumor detection\data\raw\secondary\normalized\notumor\no_tumor_image (8).jpg
notumor,F:\brain tumor detection\data\raw\secondary\normalized\notumor\no_tumor_image (9).jpg
notumor,F:\brain tumor detection\data\raw\secondary\normalized\notumor\no_tumor_image(1).jpg
notumor,F:\brain tumor detection\data\raw\secondary\normalized\notumor\no_tumor_image(10).jpg
notumor,F:\brain tumor detection\data\raw\secondary\normalized\notumor\no_tumor_image(100).jpg
notumor,F:\brain tumor detection\data\raw\secondary\normalized\notumor\no_tumor_image(101).jpg
notumor,F:\brain tumor detection\data\raw\secondary\normalized\notumor\no_tumor_image(102).jpg
notumor,F:\brain tumor detection\data\raw\secondary\normalized\notumor\no_tumor_image(103).jpg
notumor,F:\brain tumor detection\data\raw\secondary\normalized\notumor\no_tumor_image(104).jpg
notumor,F:\brain tumor detection\data\raw\secondary\normalized\notumor\no_tumor_image(105).jpg
notumor,F:\brain tumor detection\data\raw\secondary\normalized\notumor\no_tumor_image(106).jpg
notumor,F:\brain tumor detection\data\raw\secondary\normalized\notumor\no_tumor_image(107).jpg
notumor,F:\brain tumor detection\data\raw\secondary\normalized\notumor\no_tumor_image(108).jpg
notumor,F:\brain tumor detection\data\raw\secondary\normalized\notumor\no_tumor_image(11).jpg
notumor,F:\brain tumor detection\data\raw\secondary\normalized\notumor\no_tumor_image(110).jpg
notumor,F:\brain tumor detection\data\raw\secondary\normalized\notumor\no_tumor_image(111).jpg
notumor,F:\brain tumor detection\data\raw\secondary\normalized\notumor\no_tumor_image(112).jpg
notumor,F:\brain tumor detection\data\raw\secondary\normalized\notumor\no_tumor_image(113).jpg
notumor,F:\brain tumor detection\data\raw\secondary\normalized\notumor\no_tumor_image(114).jpg
notumor,F:\brain tumor detection\data\raw\secondary\normalized\notumor\no_tumor_image(115).jpg
notumor,F:\brain tumor detection\data\raw\secondary\normalized\notumor\no_tumor_image(116).jpg
notumor,F:\brain tumor detection\data\raw\secondary\normalized\notumor\no_tumor_image(117).jpg
notumor,F:\brain tumor detection\data\raw\secondary\normalized\notumor\no_tumor_image(118).jpg
notumor,F:\brain tumor detection\data\raw\secondary\normalized\notumor\no_tumor_image(119).jpg
notumor,F:\brain tumor detection\data\raw\secondary\normalized\notumor\no_tumor_image(12).jpg
notumor,F:\brain tumor detection\data\raw\secondary\normalized\notumor\no_tumor_image(120).jpg
notumor,F:\brain tumor detection\data\raw\secondary\normalized\notumor\no_tumor_image(121).jpg
notumor,F:\brain tumor detection\data\raw\secondary\normalized\notumor\no_tumor_image(122).jpg
notumor,F:\brain tumor detection\data\raw\secondary\normalized\notumor\no_tumor_image(123).jpg
notumor,F:\brain tumor detection\data\raw\secondary\normalized\notumor\no_tumor_image(124).jpg
notumor,F:\brain tumor detection\data\raw\secondary\normalized\notumor\no_tumor_image(125).jpg
notumor,F:\brain tumor detection\data\raw\secondary\normalized\notumor\no_tumor_image(126).jpg
notumor,F:\brain tumor detection\data\raw\secondary\normalized\notumor\no_tumor_image(127).jpg
notumor,F:\brain tumor detection\data\raw\secondary\normalized\notumor\no_tumor_image(128).jpg
notumor,F:\brain tumor detection\data\raw\secondary\normalized\notumor\no_tumor_image(129).jpg
notumor,F:\brain tumor detection\data\raw\secondary\normalized\notumor\no_tumor_image(13).jpg
notumor,F:\brain tumor detection\data\raw\secondary\normalized\notumor\no_tumor_image(130).jpg
notumor,F:\brain tumor detection\data\raw\secondary\normalized\notumor\no_tumor_image(131).jpg
notumor,F:\brain tumor detection\data\raw\secondary\normalized\notumor\no_tumor_image(132).jpg
notumor,F:\brain tumor detection\data\raw\secondary\normalized\notumor\no_tumor_image(133).jpg
notumor,F:\brain tumor detection\data\raw\secondary\normalized\notumor\no_tumor_image(134).jpg
notumor,F:\brain tumor detection\data\raw\secondary\normalized\notumor\no_tumor_image(135).jpg
notumor,F:\brain tumor detection\data\raw\secondary\normalized\notumor\no_tumor_image(136).jpg
notumor,F:\brain tumor detection\data\raw\secondary\normalized\notumor\no_tumor_image(137).jpg
notumor,F:\brain tumor detection\data\raw\secondary\normalized\notumor\no_tumor_image(138).jpg
notumor,F:\brain tumor detection\data\raw\secondary\normalized\notumor\no_tumor_image(139).jpg
notumor,F:\brain tumor detection\data\raw\secondary\normalized\notumor\no_tumor_image(14).jpg
notumor,F:\brain tumor detection\data\raw\secondary\normalized\notumor\no_tumor_image(140).jpg
notumor,F:\brain tumor detection\data\raw\secondary\normalized\notumor\no_tumor_image(141).jpg
notumor,F:\brain tumor detection\data\raw\secondary\normalized\notumor\no_tumor_image(142).jpg
notumor,F:\brain tumor detection\data\raw\secondary\normalized\notumor\no_tumor_image(143).jpg
notumor,F:\brain tumor detection\data\raw\secondary\normalized\notumor\no_tumor_image(144).jpg
notumor,F:\brain tumor detection\data\raw\secondary\normalized\notumor\no_tumor_image(145).jpg
notumor,F:\brain tumor detection\data\raw\secondary\normalized\notumor\no_tumor_image(146).jpg
notumor,F:\brain tumor detection\data\raw\secondary\normalized\notumor\no_tumor_image(147).jpg
notumor,F:\brain tumor detection\data\raw\secondary\normalized\notumor\no_tumor_image(148).jpg
notumor,F:\brain tumor detection\data\raw\secondary\normalized\notumor\no_tumor_image(149).jpg
notumor,F:\brain tumor detection\data\raw\secondary\normalized\notumor\no_tumor_image(15).jpg
notumor,F:\brain tumor detection\data\raw\secondary\normalized\notumor\no_tumor_image(150).jpg
notumor,F:\brain tumor detection\data\raw\secondary\normalized\notumor\no_tumor_image(151).jpg
notumor,F:\brain tumor detection\data\raw\secondary\normalized\notumor\no_tumor_image(152).jpg
notumor,F:\brain tumor detection\data\raw\secondary\normalized\notumor\no_tumor_image(153).jpg
notumor,F:\brain tumor detection\data\raw\secondary\normalized\notumor\no_tumor_image(154).jpg
notumor,F:\brain tumor detection\data\raw\secondary\normalized\notumor\no_tumor_image(155).jpg
notumor,F:\brain tumor detection\data\raw\secondary\normalized\notumor\no_tumor_image(156).jpg
notumor,F:\brain tumor detection\data\raw\secondary\normalized\notumor\no_tumor_image(157).jpg
notumor,F:\brain tumor detection\data\raw\secondary\normalized\notumor\no_tumor_image(158).jpg
notumor,F:\brain tumor detection\data\raw\secondary\normalized\notumor\no_tumor_image(159).jpg
notumor,F:\brain tumor detection\data\raw\secondary\normalized\notumor\no_tumor_image(16).jpg
notumor,F:\brain tumor detection\data\raw\secondary\normalized\notumor\no_tumor_image(160).jpg
notumor,F:\brain tumor detection\data\raw\secondary\normalized\notumor\no_tumor_image(161).jpg
notumor,F:\brain tumor detection\data\raw\secondary\normalized\notumor\no_tumor_image(162).jpg
notumor,F:\brain tumor detection\data\raw\secondary\normalized\notumor\no_tumor_image(163).jpg
notumor,F:\brain tumor detection\data\raw\secondary\normalized\notumor\no_tumor_image(164).jpg
notumor,F:\brain tumor detection\data\raw\secondary\normalized\notumor\no_tumor_image(165).jpg
notumor,F:\brain tumor detection\data\raw\secondary\normalized\notumor\no_tumor_image(166).jpg
notumor,F:\brain tumor detection\data\raw\secondary\normalized\notumor\no_tumor_image(167).jpg
notumor,F:\brain tumor detection\data\raw\secondary\normalized\notumor\no_tumor_image(168).jpg
notumor,F:\brain tumor detection\data\raw\secondary\normalized\notumor\no_tumor_image(169).jpg
notumor,F:\brain tumor detection\data\raw\secondary\normalized\notumor\no_tumor_image(17).jpg
notumor,F:\brain tumor detection\data\raw\secondary\normalized\notumor\no_tumor_image(170).jpg
notumor,F:\brain tumor detection\data\raw\secondary\normalized\notumor\no_tumor_image(171).jpg
notumor,F:\brain tumor detection\data\raw\secondary\normalized\notumor\no_tumor_image(172).jpg
notumor,F:\brain tumor detection\data\raw\secondary\normalized\notumor\no_tumor_image(173).jpg
notumor,F:\brain tumor detection\data\raw\secondary\normalized\notumor\no_tumor_image(174).jpg
notumor,F:\brain tumor detection\data\raw\secondary\normalized\notumor\no_tumor_image(175).jpg
notumor,F:\brain tumor detection\data\raw\secondary\normalized\notumor\no_tumor_image(176).jpg
notumor,F:\brain tumor detection\data\raw\secondary\normalized\notumor\no_tumor_image(177).jpg
notumor,F:\brain tumor detection\data\raw\secondary\normalized\notumor\no_tumor_image(178).jpg
notumor,F:\brain tumor detection\data\raw\secondary\normalized\notumor\no_tumor_image(179).jpg
notumor,F:\brain tumor detection\data\raw\secondary\normalized\notumor\no_tumor_image(18).jpg
notumor,F:\brain tumor detection\data\raw\secondary\normalized\notumor\no_tumor_image(180).jpg
notumor,F:\brain tumor detection\data\raw\secondary\normalized\notumor\no_tumor_image(181).jpg
notumor,F:\brain tumor detection\data\raw\secondary\normalized\notumor\no_tumor_image(182).jpg
notumor,F:\brain tumor detection\data\raw\secondary\normalized\notumor\no_tumor_image(183).jpg
notumor,F:\brain tumor detection\data\raw\secondary\normalized\notumor\no_tumor_image(184).jpg
notumor,F:\brain tumor detection\data\raw\secondary\normalized\notumor\no_tumor_image(185).jpg
notumor,F:\brain tumor detection\data\raw\secondary\normalized\notumor\no_tumor_image(186).jpg
notumor,F:\brain tumor detection\data\raw\secondary\normalized\notumor\no_tumor_image(187).jpg
notumor,F:\brain tumor detection\data\raw\secondary\normalized\notumor\no_tumor_image(188).jpg
notumor,F:\brain tumor detection\data\raw\secondary\normalized\notumor\no_tumor_image(189).jpg
notumor,F:\brain tumor detection\data\raw\secondary\normalized\notumor\no_tumor_image(19).jpg
notumor,F:\brain tumor detection\data\raw\secondary\normalized\notumor\no_tumor_image(190).jpg
notumor,F:\brain tumor detection\data\raw\secondary\normalized\notumor\no_tumor_image(191).jpg
notumor,F:\brain tumor detection\data\raw\secondary\normalized\notumor\no_tumor_image(192).jpg
notumor,F:\brain tumor detection\data\raw\secondary\normalized\notumor\no_tumor_image(193).jpg
notumor,F:\brain tumor detection\data\raw\secondary\normalized\notumor\no_tumor_image(194).jpg
notumor,F:\brain tumor detection\data\raw\secondary\normalized\notumor\no_tumor_image(195).jpg
notumor,F:\brain tumor detection\data\raw\secondary\normalized\notumor\no_tumor_image(196).jpg
notumor,F:\brain tumor detection\data\raw\secondary\normalized\notumor\no_tumor_image(197).jpg
notumor,F:\brain tumor detection\data\raw\secondary\normalized\notumor\no_tumor_image(198).jpg
notumor,F:\brain tumor detection\data\raw\secondary\normalized\notumor\no_tumor_image(199).jpg
notumor,F:\brain tumor detection\data\raw\secondary\normalized\notumor\no_tumor_image(2).jpg
notumor,F:\brain tumor detection\data\raw\secondary\normalized\notumor\no_tumor_image(20).jpg
notumor,F:\brain tumor detection\data\raw\secondary\normalized\notumor\no_tumor_image(200).jpg
notumor,F:\brain tumor detection\data\raw\secondary\normalized\notumor\no_tumor_image(201).jpg
notumor,F:\brain tumor detection\data\raw\secondary\normalized\notumor\no_tumor_image(202).jpg
notumor,F:\brain tumor detection\data\raw\secondary\normalized\notumor\no_tumor_image(203).jpg
notumor,F:\brain tumor detection\data\raw\secondary\normalized\notumor\no_tumor_image(204).jpg
notumor,F:\brain tumor detection\data\raw\secondary\normalized\notumor\no_tumor_image(205).jpg
notumor,F:\brain tumor detection\data\raw\secondary\normalized\notumor\no_tumor_image(206).jpg
notumor,F:\brain tumor detection\data\raw\secondary\normalized\notumor\no_tumor_image(207).jpg
notumor,F:\brain tumor detection\data\raw\secondary\normalized\notumor\no_tumor_image(208).jpg
notumor,F:\brain tumor detection\data\raw\secondary\normalized\notumor\no_tumor_image(209).jpg
notumor,F:\brain tumor detection\data\raw\secondary\normalized\notumor\no_tumor_image(21).jpg
notumor,F:\brain tumor detection\data\raw\secondary\normalized\notumor\no_tumor_image(210).jpg
notumor,F:\brain tumor detection\data\raw\secondary\normalized\notumor\no_tumor_image(211).jpg
notumor,F:\brain tumor detection\data\raw\secondary\normalized\notumor\no_tumor_image(212).jpg
notumor,F:\brain tumor detection\data\raw\secondary\normalized\notumor\no_tumor_image(213).jpg
notumor,F:\brain tumor detection\data\raw\secondary\normalized\notumor\no_tumor_image(214).jpg
notumor,F:\brain tumor detection\data\raw\secondary\normalized\notumor\no_tumor_image(215).jpg
notumor,F:\brain tumor detection\data\raw\secondary\normalized\notumor\no_tumor_image(216).jpg
notumor,F:\brain tumor detection\data\raw\secondary\normalized\notumor\no_tumor_image(217).jpg
notumor,F:\brain tumor detection\data\raw\secondary\normalized\notumor\no_tumor_image(218).jpg
notumor,F:\brain tumor detection\data\raw\secondary\normalized\notumor\no_tumor_image(219).jpg
notumor,F:\brain tumor detection\data\raw\secondary\normalized\notumor\no_tumor_image(22).jpg
notumor,F:\brain tumor detection\data\raw\secondary\normalized\notumor\no_tumor_image(220).jpg
notumor,F:\brain tumor detection\data\raw\secondary\normalized\notumor\no_tumor_image(221).jpg
notumor,F:\brain tumor detection\data\raw\secondary\normalized\notumor\no_tumor_image(222).jpg
notumor,F:\brain tumor detection\data\raw\secondary\normalized\notumor\no_tumor_image(223).jpg
notumor,F:\brain tumor detection\data\raw\secondary\normalized\notumor\no_tumor_image(224).jpg
notumor,F:\brain tumor detection\data\raw\secondary\normalized\notumor\no_tumor_image(225).jpg
notumor,F:\brain tumor detection\data\raw\secondary\normalized\notumor\no_tumor_image(226).jpg
notumor,F:\brain tumor detection\data\raw\secondary\normalized\notumor\no_tumor_image(227).jpg
notumor,F:\brain tumor detection\data\raw\secondary\normalized\notumor\no_tumor_image(228).jpg
notumor,F:\brain tumor detection\data\raw\secondary\normalized\notumor\no_tumor_image(229).jpg
notumor,F:\brain tumor detection\data\raw\secondary\normalized\notumor\no_tumor_image(23).jpg
notumor,F:\brain tumor detection\data\raw\secondary\normalized\notumor\no_tumor_image(230).jpg
notumor,F:\brain tumor detection\data\raw\secondary\normalized\notumor\no_tumor_image(231).jpg
notumor,F:\brain tumor detection\data\raw\secondary\normalized\notumor\no_tumor_image(232).jpg
notumor,F:\brain tumor detection\data\raw\secondary\normalized\notumor\no_tumor_image(233).jpg
notumor,F:\brain tumor detection\data\raw\secondary\normalized\notumor\no_tumor_image(234).jpg
notumor,F:\brain tumor detection\data\raw\secondary\normalized\notumor\no_tumor_image(235).jpg
notumor,F:\brain tumor detection\data\raw\secondary\normalized\notumor\no_tumor_image(236).jpg
notumor,F:\brain tumor detection\data\raw\secondary\normalized\notumor\no_tumor_image(237).jpg
notumor,F:\brain tumor detection\data\raw\secondary\normalized\notumor\no_tumor_image(238).jpg
notumor,F:\brain tumor detection\data\raw\secondary\normalized\notumor\no_tumor_image(239).jpg
notumor,F:\brain tumor detection\data\raw\secondary\normalized\notumor\no_tumor_image(24).jpg
notumor,F:\brain tumor detection\data\raw\secondary\normalized\notumor\no_tumor_image(240).jpg
notumor,F:\brain tumor detection\data\raw\secondary\normalized\notumor\no_tumor_image(241).jpg
notumor,F:\brain tumor detection\data\raw\secondary\normalized\notumor\no_tumor_image(242).jpg
notumor,F:\brain tumor detection\data\raw\secondary\normalized\notumor\no_tumor_image(243).jpg
notumor,F:\brain tumor detection\data\raw\secondary\normalized\notumor\no_tumor_image(244).jpg
notumor,F:\brain tumor detection\data\raw\secondary\normalized\notumor\no_tumor_image(245).jpg
notumor,F:\brain tumor detection\data\raw\secondary\normalized\notumor\no_tumor_image(246).jpg
notumor,F:\brain tumor detection\data\raw\secondary\normalized\notumor\no_tumor_image(247).jpg
notumor,F:\brain tumor detection\data\raw\secondary\normalized\notumor\no_tumor_image(248).jpg
notumor,F:\brain tumor detection\data\raw\secondary\normalized\notumor\no_tumor_image(249).jpg
notumor,F:\brain tumor detection\data\raw\secondary\normalized\notumor\no_tumor_image(25).jpg
notumor,F:\brain tumor detection\data\raw\secondary\normalized\notumor\no_tumor_image(250).jpg
notumor,F:\brain tumor detection\data\raw\secondary\normalized\notumor\no_tumor_image(251).jpg
notumor,F:\brain tumor detection\data\raw\secondary\normalized\notumor\no_tumor_image(252).jpg
notumor,F:\brain tumor detection\data\raw\secondary\normalized\notumor\no_tumor_image(253).jpg
notumor,F:\brain tumor detection\data\raw\secondary\normalized\notumor\no_tumor_image(254).jpg
notumor,F:\brain tumor detection\data\raw\secondary\normalized\notumor\no_tumor_image(255).jpg
notumor,F:\brain tumor detection\data\raw\secondary\normalized\notumor\no_tumor_image(256).jpg
notumor,F:\brain tumor detection\data\raw\secondary\normalized\notumor\no_tumor_image(257).jpg
notumor,F:\brain tumor detection\data\raw\secondary\normalized\notumor\no_tumor_image(258).jpg
notumor,F:\brain tumor detection\data\raw\secondary\normalized\notumor\no_tumor_image(259).jpg
notumor,F:\brain tumor detection\data\raw\secondary\normalized\notumor\no_tumor_image(26).jpg
notumor,F:\brain tumor detection\data\raw\secondary\normalized\notumor\no_tumor_image(260).jpg
notumor,F:\brain tumor detection\data\raw\secondary\normalized\notumor\no_tumor_image(261).jpg
notumor,F:\brain tumor detection\data\raw\secondary\normalized\notumor\no_tumor_image(262).jpg
notumor,F:\brain tumor detection\data\raw\secondary\normalized\notumor\no_tumor_image(263).jpg
notumor,F:\brain tumor detection\data\raw\secondary\normalized\notumor\no_tumor_image(264).jpg
notumor,F:\brain tumor detection\data\raw\secondary\normalized\notumor\no_tumor_image(265).jpg
notumor,F:\brain tumor detection\data\raw\secondary\normalized\notumor\no_tumor_image(266).jpg
notumor,F:\brain tumor detection\data\raw\secondary\normalized\notumor\no_tumor_image(267).jpg
notumor,F:\brain tumor detection\data\raw\secondary\normalized\notumor\no_tumor_image(268).jpg
notumor,F:\brain tumor detection\data\raw\secondary\normalized\notumor\no_tumor_image(269).jpg
notumor,F:\brain tumor detection\data\raw\secondary\normalized\notumor\no_tumor_image(27).jpg
notumor,F:\brain tumor detection\data\raw\secondary\normalized\notumor\no_tumor_image(270).jpg
notumor,F:\brain tumor detection\data\raw\secondary\normalized\notumor\no_tumor_image(271).jpg
notumor,F:\brain tumor detection\data\raw\secondary\normalized\notumor\no_tumor_image(272).jpg
notumor,F:\brain tumor detection\data\raw\secondary\normalized\notumor\no_tumor_image(273).jpg
notumor,F:\brain tumor detection\data\raw\secondary\normalized\notumor\no_tumor_image(274).jpg
notumor,F:\brain tumor detection\data\raw\secondary\normalized\notumor\no_tumor_image(275).jpg
notumor,F:\brain tumor detection\data\raw\secondary\normalized\notumor\no_tumor_image(276).jpg
notumor,F:\brain tumor detection\data\raw\secondary\normalized\notumor\no_tumor_image(277).jpg
notumor,F:\brain tumor detection\data\raw\secondary\normalized\notumor\no_tumor_image(278).jpg
notumor,F:\brain tumor detection\data\raw\secondary\normalized\notumor\no_tumor_image(279).jpg
notumor,F:\brain tumor detection\data\raw\secondary\normalized\notumor\no_tumor_image(28).jpg
notumor,F:\brain tumor detection\data\raw\secondary\normalized\notumor\no_tumor_image(280).jpg
notumor,F:\brain tumor detection\data\raw\secondary\normalized\notumor\no_tumor_image(281).jpg
notumor,F:\brain tumor detection\data\raw\secondary\normalized\notumor\no_tumor_image(282).jpg
notumor,F:\brain tumor detection\data\raw\secondary\normalized\notumor\no_tumor_image(283).jpg
notumor,F:\brain tumor detection\data\raw\secondary\normalized\notumor\no_tumor_image(284).jpg
notumor,F:\brain tumor detection\data\raw\secondary\normalized\notumor\no_tumor_image(285).jpg
notumor,F:\brain tumor detection\data\raw\secondary\normalized\notumor\no_tumor_image(286).jpg
notumor,F:\brain tumor detection\data\raw\secondary\normalized\notumor\no_tumor_image(287).jpg
notumor,F:\brain tumor detection\data\raw\secondary\normalized\notumor\no_tumor_image(288).jpg
notumor,F:\brain tumor detection\data\raw\secondary\normalized\notumor\no_tumor_image(289).jpg
notumor,F:\brain tumor detection\data\raw\secondary\normalized\notumor\no_tumor_image(29).jpg
notumor,F:\brain tumor detection\data\raw\secondary\normalized\notumor\no_tumor_image(290).jpg
notumor,F:\brain tumor detection\data\raw\secondary\normalized\notumor\no_tumor_image(291).jpg
notumor,F:\brain tumor detection\data\raw\secondary\normalized\notumor\no_tumor_image(292).jpg
notumor,F:\brain tumor detection\data\raw\secondary\normalized\notumor\no_tumor_image(293).jpg
notumor,F:\brain tumor detection\data\raw\secondary\normalized\notumor\no_tumor_image(294).jpg
notumor,F:\brain tumor detection\data\raw\secondary\normalized\notumor\no_tumor_image(295).jpg
notumor,F:\brain tumor detection\data\raw\secondary\normalized\notumor\no_tumor_image(296).jpg
notumor,F:\brain tumor detection\data\raw\secondary\normalized\notumor\no_tumor_image(297).jpg
notumor,F:\brain tumor detection\data\raw\secondary\normalized\notumor\no_tumor_image(298).jpg
notumor,F:\brain tumor detection\data\raw\secondary\normalized\notumor\no_tumor_image(299).jpg
notumor,F:\brain tumor detection\data\raw\secondary\normalized\notumor\no_tumor_image(3).jpg
notumor,F:\brain tumor detection\data\raw\secondary\normalized\notumor\no_tumor_image(30).jpg
notumor,F:\brain tumor detection\data\raw\secondary\normalized\notumor\no_tumor_image(300).jpg
notumor,F:\brain tumor detection\data\raw\secondary\normalized\notumor\no_tumor_image(301).jpg
notumor,F:\brain tumor detection\data\raw\secondary\normalized\notumor\no_tumor_image(302).jpg
notumor,F:\brain tumor detection\data\raw\secondary\normalized\notumor\no_tumor_image(303).jpg
notumor,F:\brain tumor detection\data\raw\secondary\normalized\notumor\no_tumor_image(304).jpg
notumor,F:\brain tumor detection\data\raw\secondary\normalized\notumor\no_tumor_image(305).jpg
notumor,F:\brain tumor detection\data\raw\secondary\normalized\notumor\no_tumor_image(306).jpg
notumor,F:\brain tumor detection\data\raw\secondary\normalized\notumor\no_tumor_image(307).jpg
notumor,F:\brain tumor detection\data\raw\secondary\normalized\notumor\no_tumor_image(308).jpg
notumor,F:\brain tumor detection\data\raw\secondary\normalized\notumor\no_tumor_image(309).jpg
notumor,F:\brain tumor detection\data\raw\secondary\normalized\notumor\no_tumor_image(31).jpg
notumor,F:\brain tumor detection\data\raw\secondary\normalized\notumor\no_tumor_image(310).jpg
notumor,F:\brain tumor detection\data\raw\secondary\normalized\notumor\no_tumor_image(311).jpg
notumor,F:\brain tumor detection\data\raw\secondary\normalized\notumor\no_tumor_image(312).jpg
notumor,F:\brain tumor detection\data\raw\secondary\normalized\notumor\no_tumor_image(313).jpg
notumor,F:\brain tumor detection\data\raw\secondary\normalized\notumor\no_tumor_image(314).jpg
notumor,F:\brain tumor detection\data\raw\secondary\normalized\notumor\no_tumor_image(315).jpg
notumor,F:\brain tumor detection\data\raw\secondary\normalized\notumor\no_tumor_image(316).jpg
notumor,F:\brain tumor detection\data\raw\secondary\normalized\notumor\no_tumor_image(317).jpg
notumor,F:\brain tumor detection\data\raw\secondary\normalized\notumor\no_tumor_image(318).jpg
notumor,F:\brain tumor detection\data\raw\secondary\normalized\notumor\no_tumor_image(319).jpg
notumor,F:\brain tumor detection\data\raw\secondary\normalized\notumor\no_tumor_image(32).jpg
notumor,F:\brain tumor detection\data\raw\secondary\normalized\notumor\no_tumor_image(320).jpg
notumor,F:\brain tumor detection\data\raw\secondary\normalized\notumor\no_tumor_image(321).jpg
notumor,F:\brain tumor detection\data\raw\secondary\normalized\notumor\no_tumor_image(322).jpg
notumor,F:\brain tumor detection\data\raw\secondary\normalized\notumor\no_tumor_image(323).jpg
notumor,F:\brain tumor detection\data\raw\secondary\normalized\notumor\no_tumor_image(324).jpg
notumor,F:\brain tumor detection\data\raw\secondary\normalized\notumor\no_tumor_image(325).jpg
notumor,F:\brain tumor detection\data\raw\secondary\normalized\notumor\no_tumor_image(326).jpg
notumor,F:\brain tumor detection\data\raw\secondary\normalized\notumor\no_tumor_image(327).jpg
notumor,F:\brain tumor detection\data\raw\secondary\normalized\notumor\no_tumor_image(33).jpg
notumor,F:\brain tumor detection\data\raw\secondary\normalized\notumor\no_tumor_image(34).jpg
notumor,F:\brain tumor detection\data\raw\secondary\normalized\notumor\no_tumor_image(35).jpg
notumor,F:\brain tumor detection\data\raw\secondary\normalized\notumor\no_tumor_image(36).jpg
notumor,F:\brain tumor detection\data\raw\secondary\normalized\notumor\no_tumor_image(37).jpg
notumor,F:\brain tumor detection\data\raw\secondary\normalized\notumor\no_tumor_image(38).jpg
notumor,F:\brain tumor detection\data\raw\secondary\normalized\notumor\no_tumor_image(39).jpg
notumor,F:\brain tumor detection\data\raw\secondary\normalized\notumor\no_tumor_image(4).jpg
notumor,F:\brain tumor detection\data\raw\secondary\normalized\notumor\no_tumor_image(40).jpg
notumor,F:\brain tumor detection\data\raw\secondary\normalized\notumor\no_tumor_image(41).jpg
notumor,F:\brain tumor detection\data\raw\secondary\normalized\notumor\no_tumor_image(42).jpg
notumor,F:\brain tumor detection\data\raw\secondary\normalized\notumor\no_tumor_image(43).jpg
notumor,F:\brain tumor detection\data\raw\secondary\normalized\notumor\no_tumor_image(44).jpg
notumor,F:\brain tumor detection\data\raw\secondary\normalized\notumor\no_tumor_image(45).jpg
notumor,F:\brain tumor detection\data\raw\secondary\normalized\notumor\no_tumor_image(46).jpg
notumor,F:\brain tumor detection\data\raw\secondary\normalized\notumor\no_tumor_image(47).jpg
notumor,F:\brain tumor detection\data\raw\secondary\normalized\notumor\no_tumor_image(48).jpg
notumor,F:\brain tumor detection\data\raw\secondary\normalized\notumor\no_tumor_image(49).jpg
notumor,F:\brain tumor detection\data\raw\secondary\normalized\notumor\no_tumor_image(5).jpg
notumor,F:\brain tumor detection\data\raw\secondary\normalized\notumor\no_tumor_image(50).jpg
notumor,F:\brain tumor detection\data\raw\secondary\normalized\notumor\no_tumor_image(51).jpg
notumor,F:\brain tumor detection\data\raw\secondary\normalized\notumor\no_tumor_image(52).jpg
notumor,F:\brain tumor detection\data\raw\secondary\normalized\notumor\no_tumor_image(53).jpg
notumor,F:\brain tumor detection\data\raw\secondary\normalized\notumor\no_tumor_image(54).jpg
notumor,F:\brain tumor detection\data\raw\secondary\normalized\notumor\no_tumor_image(55).jpg
notumor,F:\brain tumor detection\data\raw\secondary\normalized\notumor\no_tumor_image(56).jpg
notumor,F:\brain tumor detection\data\raw\secondary\normalized\notumor\no_tumor_image(57).jpg
notumor,F:\brain tumor detection\data\raw\secondary\normalized\notumor\no_tumor_image(58).jpg
notumor,F:\brain tumor detection\data\raw\secondary\normalized\notumor\no_tumor_image(59).jpg
notumor,F:\brain tumor detection\data\raw\secondary\normalized\notumor\no_tumor_image(6).jpg
notumor,F:\brain tumor detection\data\raw\secondary\normalized\notumor\no_tumor_image(60).jpg
notumor,F:\brain tumor detection\data\raw\secondary\normalized\notumor\no_tumor_image(61).jpg
notumor,F:\brain tumor detection\data\raw\secondary\normalized\notumor\no_tumor_image(62).jpg
notumor,F:\brain tumor detection\data\raw\secondary\normalized\notumor\no_tumor_image(63).jpg
notumor,F:\brain tumor detection\data\raw\secondary\normalized\notumor\no_tumor_image(64).jpg
notumor,F:\brain tumor detection\data\raw\secondary\normalized\notumor\no_tumor_image(65).jpg
notumor,F:\brain tumor detection\data\raw\secondary\normalized\notumor\no_tumor_image(66).jpg
notumor,F:\brain tumor detection\data\raw\secondary\normalized\notumor\no_tumor_image(67).jpg
notumor,F:\brain tumor detection\data\raw\secondary\normalized\notumor\no_tumor_image(68).jpg
notumor,F:\brain tumor detection\data\raw\secondary\normalized\notumor\no_tumor_image(69).jpg
notumor,F:\brain tumor detection\data\raw\secondary\normalized\notumor\no_tumor_image(7).jpg
notumor,F:\brain tumor detection\data\raw\secondary\normalized\notumor\no_tumor_image(70).jpg
notumor,F:\brain tumor detection\data\raw\secondary\normalized\notumor\no_tumor_image(71).jpg
notumor,F:\brain tumor detection\data\raw\secondary\normalized\notumor\no_tumor_image(72).jpg
notumor,F:\brain tumor detection\data\raw\secondary\normalized\notumor\no_tumor_image(73).jpg
notumor,F:\brain tumor detection\data\raw\secondary\normalized\notumor\no_tumor_image(74).jpg
notumor,F:\brain tumor detection\data\raw\secondary\normalized\notumor\no_tumor_image(75).jpg
notumor,F:\brain tumor detection\data\raw\secondary\normalized\notumor\no_tumor_image(76).jpg
notumor,F:\brain tumor detection\data\raw\secondary\normalized\notumor\no_tumor_image(77).jpg
notumor,F:\brain tumor detection\data\raw\secondary\normalized\notumor\no_tumor_image(78).jpg
notumor,F:\brain tumor detection\data\raw\secondary\normalized\notumor\no_tumor_image(79).jpg
notumor,F:\brain tumor detection\data\raw\secondary\normalized\notumor\no_tumor_image(8).jpg
notumor,F:\brain tumor detection\data\raw\secondary\normalized\notumor\no_tumor_image(80).jpg
notumor,F:\brain tumor detection\data\raw\secondary\normalized\notumor\no_tumor_image(81).jpg
notumor,F:\brain tumor detection\data\raw\secondary\normalized\notumor\no_tumor_image(82).jpg
notumor,F:\brain tumor detection\data\raw\secondary\normalized\notumor\no_tumor_image(83).jpg
notumor,F:\brain tumor detection\data\raw\secondary\normalized\notumor\no_tumor_image(84).jpg
notumor,F:\brain tumor detection\data\raw\secondary\normalized\notumor\no_tumor_image(85).jpg
notumor,F:\brain tumor detection\data\raw\secondary\normalized\notumor\no_tumor_image(86).jpg
notumor,F:\brain tumor detection\data\raw\secondary\normalized\notumor\no_tumor_image(87).jpg
notumor,F:\brain tumor detection\data\raw\secondary\normalized\notumor\no_tumor_image(88).jpg
notumor,F:\brain tumor detection\data\raw\secondary\normalized\notumor\no_tumor_image(89).jpg
notumor,F:\brain tumor detection\data\raw\secondary\normalized\notumor\no_tumor_image(9).jpg
notumor,F:\brain tumor detection\data\raw\secondary\normalized\notumor\no_tumor_image(90).jpg
notumor,F:\brain tumor detection\data\raw\secondary\normalized\notumor\no_tumor_image(91).jpg
notumor,F:\brain tumor detection\data\raw\secondary\normalized\notumor\no_tumor_image(92).jpg
notumor,F:\brain tumor detection\data\raw\secondary\normalized\notumor\no_tumor_image(93).jpg
notumor,F:\brain tumor detection\data\raw\secondary\normalized\notumor\no_tumor_image(94).jpg
notumor,F:\brain tumor detection\data\raw\secondary\normalized\notumor\no_tumor_image(95).jpg
notumor,F:\brain tumor detection\data\raw\secondary\normalized\notumor\no_tumor_image(96).jpg
notumor,F:\brain tumor detection\data\raw\secondary\normalized\notumor\no_tumor_image(98).jpg
notumor,F:\brain tumor detection\data\raw\secondary\normalized\notumor\no_tumor_image(99).jpg
notumor,F:\brain tumor detection\data\raw\secondary\normalized\notumor\no_tumor_image.jpg
pituitary,F:\brain tumor detection\data\raw\secondary\normalized\pituitary\pituitary_tumor_p (1).jpg
pituitary,F:\brain tumor detection\data\raw\secondary\normalized\pituitary\pituitary_tumor_p (10).jpg
pituitary,F:\brain tumor detection\data\raw\secondary\normalized\pituitary\pituitary_tumor_p (100).jpg
pituitary,F:\brain tumor detection\data\raw\secondary\normalized\pituitary\pituitary_tumor_p (101).jpg
pituitary,F:\brain tumor detection\data\raw\secondary\normalized\pituitary\pituitary_tumor_p (102).jpg
pituitary,F:\brain tumor detection\data\raw\secondary\normalized\pituitary\pituitary_tumor_p (103).jpg
pituitary,F:\brain tumor detection\data\raw\secondary\normalized\pituitary\pituitary_tumor_p (104).jpg
pituitary,F:\brain tumor detection\data\raw\secondary\normalized\pituitary\pituitary_tumor_p (105).jpg
pituitary,F:\brain tumor detection\data\raw\secondary\normalized\pituitary\pituitary_tumor_p (106).jpg
pituitary,F:\brain tumor detection\data\raw\secondary\normalized\pituitary\pituitary_tumor_p (107).jpg
pituitary,F:\brain tumor detection\data\raw\secondary\normalized\pituitary\pituitary_tumor_p (108).jpg
pituitary,F:\brain tumor detection\data\raw\secondary\normalized\pituitary\pituitary_tumor_p (109).jpg
pituitary,F:\brain tumor detection\data\raw\secondary\normalized\pituitary\pituitary_tumor_p (11).jpg
pituitary,F:\brain tumor detection\data\raw\secondary\normalized\pituitary\pituitary_tumor_p (110).jpg
pituitary,F:\brain tumor detection\data\raw\secondary\normalized\pituitary\pituitary_tumor_p (111).jpg
pituitary,F:\brain tumor detection\data\raw\secondary\normalized\pituitary\pituitary_tumor_p (112).jpg
pituitary,F:\brain tumor detection\data\raw\secondary\normalized\pituitary\pituitary_tumor_p (113).jpg
pituitary,F:\brain tumor detection\data\raw\secondary\normalized\pituitary\pituitary_tumor_p (114).jpg
pituitary,F:\brain tumor detection\data\raw\secondary\normalized\pituitary\pituitary_tumor_p (115).jpg
pituitary,F:\brain tumor detection\data\raw\secondary\normalized\pituitary\pituitary_tumor_p (116).jpg
pituitary,F:\brain tumor detection\data\raw\secondary\normalized\pituitary\pituitary_tumor_p (117).jpg
pituitary,F:\brain tumor detection\data\raw\secondary\normalized\pituitary\pituitary_tumor_p (118).jpg
pituitary,F:\brain tumor detection\data\raw\secondary\normalized\pituitary\pituitary_tumor_p (119).jpg
pituitary,F:\brain tumor detection\data\raw\secondary\normalized\pituitary\pituitary_tumor_p (12).jpg
pituitary,F:\brain tumor detection\data\raw\secondary\normalized\pituitary\pituitary_tumor_p (120).jpg
pituitary,F:\brain tumor detection\data\raw\secondary\normalized\pituitary\pituitary_tumor_p (121).jpg
pituitary,F:\brain tumor detection\data\raw\secondary\normalized\pituitary\pituitary_tumor_p (122).jpg
pituitary,F:\brain tumor detection\data\raw\secondary\normalized\pituitary\pituitary_tumor_p (123).jpg
pituitary,F:\brain tumor detection\data\raw\secondary\normalized\pituitary\pituitary_tumor_p (124).jpg
pituitary,F:\brain tumor detection\data\raw\secondary\normalized\pituitary\pituitary_tumor_p (125).jpg
pituitary,F:\brain tumor detection\data\raw\secondary\normalized\pituitary\pituitary_tumor_p (126).jpg
pituitary,F:\brain tumor detection\data\raw\secondary\normalized\pituitary\pituitary_tumor_p (127).jpg
pituitary,F:\brain tumor detection\data\raw\secondary\normalized\pituitary\pituitary_tumor_p (128).jpg
pituitary,F:\brain tumor detection\data\raw\secondary\normalized\pituitary\pituitary_tumor_p (129).jpg
pituitary,F:\brain tumor detection\data\raw\secondary\normalized\pituitary\pituitary_tumor_p (13).jpg
pituitary,F:\brain tumor detection\data\raw\secondary\normalized\pituitary\pituitary_tumor_p (130).jpg
pituitary,F:\brain tumor detection\data\raw\secondary\normalized\pituitary\pituitary_tumor_p (131).jpg
pituitary,F:\brain tumor detection\data\raw\secondary\normalized\pituitary\pituitary_tumor_p (132).jpg
pituitary,F:\brain tumor detection\data\raw\secondary\normalized\pituitary\pituitary_tumor_p (133).jpg
pituitary,F:\brain tumor detection\data\raw\secondary\normalized\pituitary\pituitary_tumor_p (134).jpg
pituitary,F:\brain tumor detection\data\raw\secondary\normalized\pituitary\pituitary_tumor_p (135).jpg
pituitary,F:\brain tumor detection\data\raw\secondary\normalized\pituitary\pituitary_tumor_p (136).jpg
pituitary,F:\brain tumor detection\data\raw\secondary\normalized\pituitary\pituitary_tumor_p (137).jpg
pituitary,F:\brain tumor detection\data\raw\secondary\normalized\pituitary\pituitary_tumor_p (138).jpg
pituitary,F:\brain tumor detection\data\raw\secondary\normalized\pituitary\pituitary_tumor_p (139).jpg
pituitary,F:\brain tumor detection\data\raw\secondary\normalized\pituitary\pituitary_tumor_p (14).jpg
pituitary,F:\brain tumor detection\data\raw\secondary\normalized\pituitary\pituitary_tumor_p (140).jpg
pituitary,F:\brain tumor detection\data\raw\secondary\normalized\pituitary\pituitary_tumor_p (141).jpg
pituitary,F:\brain tumor detection\data\raw\secondary\normalized\pituitary\pituitary_tumor_p (142).jpg
pituitary,F:\brain tumor detection\data\raw\secondary\normalized\pituitary\pituitary_tumor_p (143).jpg
pituitary,F:\brain tumor detection\data\raw\secondary\normalized\pituitary\pituitary_tumor_p (144).jpg
pituitary,F:\brain tumor detection\data\raw\secondary\normalized\pituitary\pituitary_tumor_p (145).jpg
pituitary,F:\brain tumor detection\data\raw\secondary\normalized\pituitary\pituitary_tumor_p (146).jpg
pituitary,F:\brain tumor detection\data\raw\secondary\normalized\pituitary\pituitary_tumor_p (147).jpg
pituitary,F:\brain tumor detection\data\raw\secondary\normalized\pituitary\pituitary_tumor_p (148).jpg
pituitary,F:\brain tumor detection\data\raw\secondary\normalized\pituitary\pituitary_tumor_p (149).jpg
pituitary,F:\brain tumor detection\data\raw\secondary\normalized\pituitary\pituitary_tumor_p (15).jpg
pituitary,F:\brain tumor detection\data\raw\secondary\normalized\pituitary\pituitary_tumor_p (150).jpg
pituitary,F:\brain tumor detection\data\raw\secondary\normalized\pituitary\pituitary_tumor_p (151).jpg
pituitary,F:\brain tumor detection\data\raw\secondary\normalized\pituitary\pituitary_tumor_p (152).jpg
pituitary,F:\brain tumor detection\data\raw\secondary\normalized\pituitary\pituitary_tumor_p (153).jpg
pituitary,F:\brain tumor detection\data\raw\secondary\normalized\pituitary\pituitary_tumor_p (154).jpg
pituitary,F:\brain tumor detection\data\raw\secondary\normalized\pituitary\pituitary_tumor_p (155).jpg
pituitary,F:\brain tumor detection\data\raw\secondary\normalized\pituitary\pituitary_tumor_p (156).jpg
pituitary,F:\brain tumor detection\data\raw\secondary\normalized\pituitary\pituitary_tumor_p (157).jpg
pituitary,F:\brain tumor detection\data\raw\secondary\normalized\pituitary\pituitary_tumor_p (158).jpg
pituitary,F:\brain tumor detection\data\raw\secondary\normalized\pituitary\pituitary_tumor_p (159).jpg
pituitary,F:\brain tumor detection\data\raw\secondary\normalized\pituitary\pituitary_tumor_p (16).jpg
pituitary,F:\brain tumor detection\data\raw\secondary\normalized\pituitary\pituitary_tumor_p (160).jpg
pituitary,F:\brain tumor detection\data\raw\secondary\normalized\pituitary\pituitary_tumor_p (161).jpg
pituitary,F:\brain tumor detection\data\raw\secondary\normalized\pituitary\pituitary_tumor_p (162).jpg
pituitary,F:\brain tumor detection\data\raw\secondary\normalized\pituitary\pituitary_tumor_p (163).jpg
pituitary,F:\brain tumor detection\data\raw\secondary\normalized\pituitary\pituitary_tumor_p (164).jpg
pituitary,F:\brain tumor detection\data\raw\secondary\normalized\pituitary\pituitary_tumor_p (165).jpg
pituitary,F:\brain tumor detection\data\raw\secondary\normalized\pituitary\pituitary_tumor_p (166).jpg
pituitary,F:\brain tumor detection\data\raw\secondary\normalized\pituitary\pituitary_tumor_p (167).jpg
pituitary,F:\brain tumor detection\data\raw\secondary\normalized\pituitary\pituitary_tumor_p (168).jpg
pituitary,F:\brain tumor detection\data\raw\secondary\normalized\pituitary\pituitary_tumor_p (169).jpg
pituitary,F:\brain tumor detection\data\raw\secondary\normalized\pituitary\pituitary_tumor_p (17).jpg
pituitary,F:\brain tumor detection\data\raw\secondary\normalized\pituitary\pituitary_tumor_p (170).jpg
pituitary,F:\brain tumor detection\data\raw\secondary\normalized\pituitary\pituitary_tumor_p (171).jpg
pituitary,F:\brain tumor detection\data\raw\secondary\normalized\pituitary\pituitary_tumor_p (172).jpg
pituitary,F:\brain tumor detection\data\raw\secondary\normalized\pituitary\pituitary_tumor_p (173).jpg
pituitary,F:\brain tumor detection\data\raw\secondary\normalized\pituitary\pituitary_tumor_p (174).jpg
pituitary,F:\brain tumor detection\data\raw\secondary\normalized\pituitary\pituitary_tumor_p (175).jpg
pituitary,F:\brain tumor detection\data\raw\secondary\normalized\pituitary\pituitary_tumor_p (176).jpg
pituitary,F:\brain tumor detection\data\raw\secondary\normalized\pituitary\pituitary_tumor_p (177).jpg
pituitary,F:\brain tumor detection\data\raw\secondary\normalized\pituitary\pituitary_tumor_p (178).jpg
pituitary,F:\brain tumor detection\data\raw\secondary\normalized\pituitary\pituitary_tumor_p (179).jpg
pituitary,F:\brain tumor detection\data\raw\secondary\normalized\pituitary\pituitary_tumor_p (18).jpg
pituitary,F:\brain tumor detection\data\raw\secondary\normalized\pituitary\pituitary_tumor_p (180).jpg
pituitary,F:\brain tumor detection\data\raw\secondary\normalized\pituitary\pituitary_tumor_p (181).jpg
pituitary,F:\brain tumor detection\data\raw\secondary\normalized\pituitary\pituitary_tumor_p (182).jpg
pituitary,F:\brain tumor detection\data\raw\secondary\normalized\pituitary\pituitary_tumor_p (183).jpg
pituitary,F:\brain tumor detection\data\raw\secondary\normalized\pituitary\pituitary_tumor_p (184).jpg
pituitary,F:\brain tumor detection\data\raw\secondary\normalized\pituitary\pituitary_tumor_p (185).jpg
pituitary,F:\brain tumor detection\data\raw\secondary\normalized\pituitary\pituitary_tumor_p (186).jpg
pituitary,F:\brain tumor detection\data\raw\secondary\normalized\pituitary\pituitary_tumor_p (187).jpg
pituitary,F:\brain tumor detection\data\raw\secondary\normalized\pituitary\pituitary_tumor_p (188).jpg
pituitary,F:\brain tumor detection\data\raw\secondary\normalized\pituitary\pituitary_tumor_p (189).jpg
pituitary,F:\brain tumor detection\data\raw\secondary\normalized\pituitary\pituitary_tumor_p (19).jpg
pituitary,F:\brain tumor detection\data\raw\secondary\normalized\pituitary\pituitary_tumor_p (190).jpg
pituitary,F:\brain tumor detection\data\raw\secondary\normalized\pituitary\pituitary_tumor_p (191).jpg
pituitary,F:\brain tumor detection\data\raw\secondary\normalized\pituitary\pituitary_tumor_p (192).jpg
pituitary,F:\brain tumor detection\data\raw\secondary\normalized\pituitary\pituitary_tumor_p (193).jpg
pituitary,F:\brain tumor detection\data\raw\secondary\normalized\pituitary\pituitary_tumor_p (194).jpg
pituitary,F:\brain tumor detection\data\raw\secondary\normalized\pituitary\pituitary_tumor_p (195).jpg
pituitary,F:\brain tumor detection\data\raw\secondary\normalized\pituitary\pituitary_tumor_p (196).jpg
pituitary,F:\brain tumor detection\data\raw\secondary\normalized\pituitary\pituitary_tumor_p (197).jpg
pituitary,F:\brain tumor detection\data\raw\secondary\normalized\pituitary\pituitary_tumor_p (198).jpg
pituitary,F:\brain tumor detection\data\raw\secondary\normalized\pituitary\pituitary_tumor_p (199).jpg
pituitary,F:\brain tumor detection\data\raw\secondary\normalized\pituitary\pituitary_tumor_p (2).jpg
pituitary,F:\brain tumor detection\data\raw\secondary\normalized\pituitary\pituitary_tumor_p (20).jpg
pituitary,F:\brain tumor detection\data\raw\secondary\normalized\pituitary\pituitary_tumor_p (200).jpg
pituitary,F:\brain tumor detection\data\raw\secondary\normalized\pituitary\pituitary_tumor_p (201).jpg
pituitary,F:\brain tumor detection\data\raw\secondary\normalized\pituitary\pituitary_tumor_p (202).jpg
pituitary,F:\brain tumor detection\data\raw\secondary\normalized\pituitary\pituitary_tumor_p (203).jpg
pituitary,F:\brain tumor detection\data\raw\secondary\normalized\pituitary\pituitary_tumor_p (204).jpg
pituitary,F:\brain tumor detection\data\raw\secondary\normalized\pituitary\pituitary_tumor_p (205).jpg
pituitary,F:\brain tumor detection\data\raw\secondary\normalized\pituitary\pituitary_tumor_p (206).jpg
pituitary,F:\brain tumor detection\data\raw\secondary\normalized\pituitary\pituitary_tumor_p (207).jpg
pituitary,F:\brain tumor detection\data\raw\secondary\normalized\pituitary\pituitary_tumor_p (208).jpg
pituitary,F:\brain tumor detection\data\raw\secondary\normalized\pituitary\pituitary_tumor_p (209).jpg
pituitary,F:\brain tumor detection\data\raw\secondary\normalized\pituitary\pituitary_tumor_p (21).jpg
pituitary,F:\brain tumor detection\data\raw\secondary\normalized\pituitary\pituitary_tumor_p (210).jpg
pituitary,F:\brain tumor detection\data\raw\secondary\normalized\pituitary\pituitary_tumor_p (211).jpg
pituitary,F:\brain tumor detection\data\raw\secondary\normalized\pituitary\pituitary_tumor_p (212).jpg
pituitary,F:\brain tumor detection\data\raw\secondary\normalized\pituitary\pituitary_tumor_p (213).jpg
pituitary,F:\brain tumor detection\data\raw\secondary\normalized\pituitary\pituitary_tumor_p (214).jpg
pituitary,F:\brain tumor detection\data\raw\secondary\normalized\pituitary\pituitary_tumor_p (215).jpg
pituitary,F:\brain tumor detection\data\raw\secondary\normalized\pituitary\pituitary_tumor_p (216).jpg
pituitary,F:\brain tumor detection\data\raw\secondary\normalized\pituitary\pituitary_tumor_p (217).jpg
pituitary,F:\brain tumor detection\data\raw\secondary\normalized\pituitary\pituitary_tumor_p (218).jpg
pituitary,F:\brain tumor detection\data\raw\secondary\normalized\pituitary\pituitary_tumor_p (219).jpg
pituitary,F:\brain tumor detection\data\raw\secondary\normalized\pituitary\pituitary_tumor_p (22).jpg
pituitary,F:\brain tumor detection\data\raw\secondary\normalized\pituitary\pituitary_tumor_p (220).jpg
pituitary,F:\brain tumor detection\data\raw\secondary\normalized\pituitary\pituitary_tumor_p (221).jpg
pituitary,F:\brain tumor detection\data\raw\secondary\normalized\pituitary\pituitary_tumor_p (222).jpg
pituitary,F:\brain tumor detection\data\raw\secondary\normalized\pituitary\pituitary_tumor_p (223).jpg
pituitary,F:\brain tumor detection\data\raw\secondary\normalized\pituitary\pituitary_tumor_p (224).jpg
pituitary,F:\brain tumor detection\data\raw\secondary\normalized\pituitary\pituitary_tumor_p (225).jpg
pituitary,F:\brain tumor detection\data\raw\secondary\normalized\pituitary\pituitary_tumor_p (226).jpg
pituitary,F:\brain tumor detection\data\raw\secondary\normalized\pituitary\pituitary_tumor_p (227).jpg
pituitary,F:\brain tumor detection\data\raw\secondary\normalized\pituitary\pituitary_tumor_p (228).jpg
pituitary,F:\brain tumor detection\data\raw\secondary\normalized\pituitary\pituitary_tumor_p (229).jpg
pituitary,F:\brain tumor detection\data\raw\secondary\normalized\pituitary\pituitary_tumor_p (23).jpg
pituitary,F:\brain tumor detection\data\raw\secondary\normalized\pituitary\pituitary_tumor_p (230).jpg
pituitary,F:\brain tumor detection\data\raw\secondary\normalized\pituitary\pituitary_tumor_p (231).jpg
pituitary,F:\brain tumor detection\data\raw\secondary\normalized\pituitary\pituitary_tumor_p (232).jpg
pituitary,F:\brain tumor detection\data\raw\secondary\normalized\pituitary\pituitary_tumor_p (233).jpg
pituitary,F:\brain tumor detection\data\raw\secondary\normalized\pituitary\pituitary_tumor_p (234).jpg
pituitary,F:\brain tumor detection\data\raw\secondary\normalized\pituitary\pituitary_tumor_p (235).jpg
pituitary,F:\brain tumor detection\data\raw\secondary\normalized\pituitary\pituitary_tumor_p (236).jpg
pituitary,F:\brain tumor detection\data\raw\secondary\normalized\pituitary\pituitary_tumor_p (237).jpg
pituitary,F:\brain tumor detection\data\raw\secondary\normalized\pituitary\pituitary_tumor_p (238).jpg
pituitary,F:\brain tumor detection\data\raw\secondary\normalized\pituitary\pituitary_tumor_p (239).jpg
pituitary,F:\brain tumor detection\data\raw\secondary\normalized\pituitary\pituitary_tumor_p (24).jpg
pituitary,F:\brain tumor detection\data\raw\secondary\normalized\pituitary\pituitary_tumor_p (240).jpg
pituitary,F:\brain tumor detection\data\raw\secondary\normalized\pituitary\pituitary_tumor_p (241).jpg
pituitary,F:\brain tumor detection\data\raw\secondary\normalized\pituitary\pituitary_tumor_p (242).jpg
pituitary,F:\brain tumor detection\data\raw\secondary\normalized\pituitary\pituitary_tumor_p (243).jpg
pituitary,F:\brain tumor detection\data\raw\secondary\normalized\pituitary\pituitary_tumor_p (244).jpg
pituitary,F:\brain tumor detection\data\raw\secondary\normalized\pituitary\pituitary_tumor_p (245).jpg
pituitary,F:\brain tumor detection\data\raw\secondary\normalized\pituitary\pituitary_tumor_p (246).jpg
pituitary,F:\brain tumor detection\data\raw\secondary\normalized\pituitary\pituitary_tumor_p (247).jpg
pituitary,F:\brain tumor detection\data\raw\secondary\normalized\pituitary\pituitary_tumor_p (248).jpg
pituitary,F:\brain tumor detection\data\raw\secondary\normalized\pituitary\pituitary_tumor_p (249).jpg
pituitary,F:\brain tumor detection\data\raw\secondary\normalized\pituitary\pituitary_tumor_p (25).jpg
pituitary,F:\brain tumor detection\data\raw\secondary\normalized\pituitary\pituitary_tumor_p (250).jpg
pituitary,F:\brain tumor detection\data\raw\secondary\normalized\pituitary\pituitary_tumor_p (251).jpg
pituitary,F:\brain tumor detection\data\raw\secondary\normalized\pituitary\pituitary_tumor_p (252).jpg
pituitary,F:\brain tumor detection\data\raw\secondary\normalized\pituitary\pituitary_tumor_p (253).jpg
pituitary,F:\brain tumor detection\data\raw\secondary\normalized\pituitary\pituitary_tumor_p (254).jpg
pituitary,F:\brain tumor detection\data\raw\secondary\normalized\pituitary\pituitary_tumor_p (255).jpg
pituitary,F:\brain tumor detection\data\raw\secondary\normalized\pituitary\pituitary_tumor_p (256).jpg
pituitary,F:\brain tumor detection\data\raw\secondary\normalized\pituitary\pituitary_tumor_p (257).jpg
pituitary,F:\brain tumor detection\data\raw\secondary\normalized\pituitary\pituitary_tumor_p (258).jpg
pituitary,F:\brain tumor detection\data\raw\secondary\normalized\pituitary\pituitary_tumor_p (259).jpg
pituitary,F:\brain tumor detection\data\raw\secondary\normalized\pituitary\pituitary_tumor_p (26).jpg
pituitary,F:\brain tumor detection\data\raw\secondary\normalized\pituitary\pituitary_tumor_p (260).jpg
pituitary,F:\brain tumor detection\data\raw\secondary\normalized\pituitary\pituitary_tumor_p (261).jpg
pituitary,F:\brain tumor detection\data\raw\secondary\normalized\pituitary\pituitary_tumor_p (262).jpg
pituitary,F:\brain tumor detection\data\raw\secondary\normalized\pituitary\pituitary_tumor_p (263).jpg
pituitary,F:\brain tumor detection\data\raw\secondary\normalized\pituitary\pituitary_tumor_p (264).jpg
pituitary,F:\brain tumor detection\data\raw\secondary\normalized\pituitary\pituitary_tumor_p (265).jpg
pituitary,F:\brain tumor detection\data\raw\secondary\normalized\pituitary\pituitary_tumor_p (266).jpg
pituitary,F:\brain tumor detection\data\raw\secondary\normalized\pituitary\pituitary_tumor_p (267).jpg
pituitary,F:\brain tumor detection\data\raw\secondary\normalized\pituitary\pituitary_tumor_p (268).jpg
pituitary,F:\brain tumor detection\data\raw\secondary\normalized\pituitary\pituitary_tumor_p (269).jpg
pituitary,F:\brain tumor detection\data\raw\secondary\normalized\pituitary\pituitary_tumor_p (27).jpg
pituitary,F:\brain tumor detection\data\raw\secondary\normalized\pituitary\pituitary_tumor_p (270).jpg
pituitary,F:\brain tumor detection\data\raw\secondary\normalized\pituitary\pituitary_tumor_p (271).jpg
pituitary,F:\brain tumor detection\data\raw\secondary\normalized\pituitary\pituitary_tumor_p (272).jpg
pituitary,F:\brain tumor detection\data\raw\secondary\normalized\pituitary\pituitary_tumor_p (273).jpg
pituitary,F:\brain tumor detection\data\raw\secondary\normalized\pituitary\pituitary_tumor_p (274).jpg
pituitary,F:\brain tumor detection\data\raw\secondary\normalized\pituitary\pituitary_tumor_p (275).jpg
pituitary,F:\brain tumor detection\data\raw\secondary\normalized\pituitary\pituitary_tumor_p (276).jpg
pituitary,F:\brain tumor detection\data\raw\secondary\normalized\pituitary\pituitary_tumor_p (277).jpg
pituitary,F:\brain tumor detection\data\raw\secondary\normalized\pituitary\pituitary_tumor_p (278).jpg
pituitary,F:\brain tumor detection\data\raw\secondary\normalized\pituitary\pituitary_tumor_p (279).jpg
pituitary,F:\brain tumor detection\data\raw\secondary\normalized\pituitary\pituitary_tumor_p (28).jpg
pituitary,F:\brain tumor detection\data\raw\secondary\normalized\pituitary\pituitary_tumor_p (280).jpg
pituitary,F:\brain tumor detection\data\raw\secondary\normalized\pituitary\pituitary_tumor_p (281).jpg
pituitary,F:\brain tumor detection\data\raw\secondary\normalized\pituitary\pituitary_tumor_p (282).jpg
pituitary,F:\brain tumor detection\data\raw\secondary\normalized\pituitary\pituitary_tumor_p (283).jpg
pituitary,F:\brain tumor detection\data\raw\secondary\normalized\pituitary\pituitary_tumor_p (284).jpg
pituitary,F:\brain tumor detection\data\raw\secondary\normalized\pituitary\pituitary_tumor_p (285).jpg
pituitary,F:\brain tumor detection\data\raw\secondary\normalized\pituitary\pituitary_tumor_p (286).jpg
pituitary,F:\brain tumor detection\data\raw\secondary\normalized\pituitary\pituitary_tumor_p (287).jpg
pituitary,F:\brain tumor detection\data\raw\secondary\normalized\pituitary\pituitary_tumor_p (288).jpg
pituitary,F:\brain tumor detection\data\raw\secondary\normalized\pituitary\pituitary_tumor_p (289).jpg
pituitary,F:\brain tumor detection\data\raw\secondary\normalized\pituitary\pituitary_tumor_p (29).jpg
pituitary,F:\brain tumor detection\data\raw\secondary\normalized\pituitary\pituitary_tumor_p (290).jpg
pituitary,F:\brain tumor detection\data\raw\secondary\normalized\pituitary\pituitary_tumor_p (291).jpg
pituitary,F:\brain tumor detection\data\raw\secondary\normalized\pituitary\pituitary_tumor_p (292).jpg
pituitary,F:\brain tumor detection\data\raw\secondary\normalized\pituitary\pituitary_tumor_p (293).jpg
pituitary,F:\brain tumor detection\data\raw\secondary\normalized\pituitary\pituitary_tumor_p (294).jpg
pituitary,F:\brain tumor detection\data\raw\secondary\normalized\pituitary\pituitary_tumor_p (295).jpg
pituitary,F:\brain tumor detection\data\raw\secondary\normalized\pituitary\pituitary_tumor_p (296).jpg
pituitary,F:\brain tumor detection\data\raw\secondary\normalized\pituitary\pituitary_tumor_p (297).jpg
pituitary,F:\brain tumor detection\data\raw\secondary\normalized\pituitary\pituitary_tumor_p (298).jpg
pituitary,F:\brain tumor detection\data\raw\secondary\normalized\pituitary\pituitary_tumor_p (299).jpg
pituitary,F:\brain tumor detection\data\raw\secondary\normalized\pituitary\pituitary_tumor_p (3).jpg
pituitary,F:\brain tumor detection\data\raw\secondary\normalized\pituitary\pituitary_tumor_p (30).jpg
pituitary,F:\brain tumor detection\data\raw\secondary\normalized\pituitary\pituitary_tumor_p (300).jpg
pituitary,F:\brain tumor detection\data\raw\secondary\normalized\pituitary\pituitary_tumor_p (301).jpg
pituitary,F:\brain tumor detection\data\raw\secondary\normalized\pituitary\pituitary_tumor_p (302).jpg
pituitary,F:\brain tumor detection\data\raw\secondary\normalized\pituitary\pituitary_tumor_p (303).jpg
pituitary,F:\brain tumor detection\data\raw\secondary\normalized\pituitary\pituitary_tumor_p (304).jpg
pituitary,F:\brain tumor detection\data\raw\secondary\normalized\pituitary\pituitary_tumor_p (305).jpg
pituitary,F:\brain tumor detection\data\raw\secondary\normalized\pituitary\pituitary_tumor_p (306).jpg
pituitary,F:\brain tumor detection\data\raw\secondary\normalized\pituitary\pituitary_tumor_p (307).jpg
pituitary,F:\brain tumor detection\data\raw\secondary\normalized\pituitary\pituitary_tumor_p (308).jpg
pituitary,F:\brain tumor detection\data\raw\secondary\normalized\pituitary\pituitary_tumor_p (309).jpg
pituitary,F:\brain tumor detection\data\raw\secondary\normalized\pituitary\pituitary_tumor_p (31).jpg
pituitary,F:\brain tumor detection\data\raw\secondary\normalized\pituitary\pituitary_tumor_p (310).jpg
pituitary,F:\brain tumor detection\data\raw\secondary\normalized\pituitary\pituitary_tumor_p (311).jpg
pituitary,F:\brain tumor detection\data\raw\secondary\normalized\pituitary\pituitary_tumor_p (312).jpg
pituitary,F:\brain tumor detection\data\raw\secondary\normalized\pituitary\pituitary_tumor_p (313).jpg
pituitary,F:\brain tumor detection\data\raw\secondary\normalized\pituitary\pituitary_tumor_p (314).jpg
pituitary,F:\brain tumor detection\data\raw\secondary\normalized\pituitary\pituitary_tumor_p (315).jpg
pituitary,F:\brain tumor detection\data\raw\secondary\normalized\pituitary\pituitary_tumor_p (316).jpg
pituitary,F:\brain tumor detection\data\raw\secondary\normalized\pituitary\pituitary_tumor_p (317).jpg
pituitary,F:\brain tumor detection\data\raw\secondary\normalized\pituitary\pituitary_tumor_p (318).jpg
pituitary,F:\brain tumor detection\data\raw\secondary\normalized\pituitary\pituitary_tumor_p (319).jpg
pituitary,F:\brain tumor detection\data\raw\secondary\normalized\pituitary\pituitary_tumor_p (32).jpg
pituitary,F:\brain tumor detection\data\raw\secondary\normalized\pituitary\pituitary_tumor_p (320).jpg
pituitary,F:\brain tumor detection\data\raw\secondary\normalized\pituitary\pituitary_tumor_p (321).jpg
pituitary,F:\brain tumor detection\data\raw\secondary\normalized\pituitary\pituitary_tumor_p (322).jpg
pituitary,F:\brain tumor detection\data\raw\secondary\normalized\pituitary\pituitary_tumor_p (323).jpg
pituitary,F:\brain tumor detection\data\raw\secondary\normalized\pituitary\pituitary_tumor_p (324).jpg
pituitary,F:\brain tumor detection\data\raw\secondary\normalized\pituitary\pituitary_tumor_p (325).jpg
pituitary,F:\brain tumor detection\data\raw\secondary\normalized\pituitary\pituitary_tumor_p (326).jpg
pituitary,F:\brain tumor detection\data\raw\secondary\normalized\pituitary\pituitary_tumor_p (327).jpg
pituitary,F:\brain tumor detection\data\raw\secondary\normalized\pituitary\pituitary_tumor_p (328).jpg
pituitary,F:\brain tumor detection\data\raw\secondary\normalized\pituitary\pituitary_tumor_p (329).jpg
pituitary,F:\brain tumor detection\data\raw\secondary\normalized\pituitary\pituitary_tumor_p (33).jpg
pituitary,F:\brain tumor detection\data\raw\secondary\normalized\pituitary\pituitary_tumor_p (330).jpg
pituitary,F:\brain tumor detection\data\raw\secondary\normalized\pituitary\pituitary_tumor_p (331).jpg
pituitary,F:\brain tumor detection\data\raw\secondary\normalized\pituitary\pituitary_tumor_p (332).jpg
pituitary,F:\brain tumor detection\data\raw\secondary\normalized\pituitary\pituitary_tumor_p (333).jpg
pituitary,F:\brain tumor detection\data\raw\secondary\normalized\pituitary\pituitary_tumor_p (334).jpg
pituitary,F:\brain tumor detection\data\raw\secondary\normalized\pituitary\pituitary_tumor_p (335).jpg
pituitary,F:\brain tumor detection\data\raw\secondary\normalized\pituitary\pituitary_tumor_p (336).jpg
pituitary,F:\brain tumor detection\data\raw\secondary\normalized\pituitary\pituitary_tumor_p (337).jpg
pituitary,F:\brain tumor detection\data\raw\secondary\normalized\pituitary\pituitary_tumor_p (338).jpg
pituitary,F:\brain tumor detection\data\raw\secondary\normalized\pituitary\pituitary_tumor_p (339).jpg
pituitary,F:\brain tumor detection\data\raw\secondary\normalized\pituitary\pituitary_tumor_p (34).jpg
pituitary,F:\brain tumor detection\data\raw\secondary\normalized\pituitary\pituitary_tumor_p (340).jpg
pituitary,F:\brain tumor detection\data\raw\secondary\normalized\pituitary\pituitary_tumor_p (341).jpg
pituitary,F:\brain tumor detection\data\raw\secondary\normalized\pituitary\pituitary_tumor_p (342).jpg
pituitary,F:\brain tumor detection\data\raw\secondary\normalized\pituitary\pituitary_tumor_p (343).jpg
pituitary,F:\brain tumor detection\data\raw\secondary\normalized\pituitary\pituitary_tumor_p (344).jpg
pituitary,F:\brain tumor detection\data\raw\secondary\normalized\pituitary\pituitary_tumor_p (345).jpg
pituitary,F:\brain tumor detection\data\raw\secondary\normalized\pituitary\pituitary_tumor_p (346).jpg
pituitary,F:\brain tumor detection\data\raw\secondary\normalized\pituitary\pituitary_tumor_p (347).jpg
pituitary,F:\brain tumor detection\data\raw\secondary\normalized\pituitary\pituitary_tumor_p (348).jpg
pituitary,F:\brain tumor detection\data\raw\secondary\normalized\pituitary\pituitary_tumor_p (349).jpg
pituitary,F:\brain tumor detection\data\raw\secondary\normalized\pituitary\pituitary_tumor_p (35).jpg
pituitary,F:\brain tumor detection\data\raw\secondary\normalized\pituitary\pituitary_tumor_p (350).jpg
pituitary,F:\brain tumor detection\data\raw\secondary\normalized\pituitary\pituitary_tumor_p (351).jpg
pituitary,F:\brain tumor detection\data\raw\secondary\normalized\pituitary\pituitary_tumor_p (352).jpg
pituitary,F:\brain tumor detection\data\raw\secondary\normalized\pituitary\pituitary_tumor_p (353).jpg
pituitary,F:\brain tumor detection\data\raw\secondary\normalized\pituitary\pituitary_tumor_p (354).jpg
pituitary,F:\brain tumor detection\data\raw\secondary\normalized\pituitary\pituitary_tumor_p (355).jpg
pituitary,F:\brain tumor detection\data\raw\secondary\normalized\pituitary\pituitary_tumor_p (356).jpg
pituitary,F:\brain tumor detection\data\raw\secondary\normalized\pituitary\pituitary_tumor_p (357).jpg
pituitary,F:\brain tumor detection\data\raw\secondary\normalized\pituitary\pituitary_tumor_p (358).jpg
pituitary,F:\brain tumor detection\data\raw\secondary\normalized\pituitary\pituitary_tumor_p (359).jpg
pituitary,F:\brain tumor detection\data\raw\secondary\normalized\pituitary\pituitary_tumor_p (36).jpg
pituitary,F:\brain tumor detection\data\raw\secondary\normalized\pituitary\pituitary_tumor_p (360).jpg
pituitary,F:\brain tumor detection\data\raw\secondary\normalized\pituitary\pituitary_tumor_p (361).jpg
pituitary,F:\brain tumor detection\data\raw\secondary\normalized\pituitary\pituitary_tumor_p (362).jpg
pituitary,F:\brain tumor detection\data\raw\secondary\normalized\pituitary\pituitary_tumor_p (363).jpg
pituitary,F:\brain tumor detection\data\raw\secondary\normalized\pituitary\pituitary_tumor_p (364).jpg
pituitary,F:\brain tumor detection\data\raw\secondary\normalized\pituitary\pituitary_tumor_p (365).jpg
pituitary,F:\brain tumor detection\data\raw\secondary\normalized\pituitary\pituitary_tumor_p (366).jpg
pituitary,F:\brain tumor detection\data\raw\secondary\normalized\pituitary\pituitary_tumor_p (367).jpg
pituitary,F:\brain tumor detection\data\raw\secondary\normalized\pituitary\pituitary_tumor_p (368).jpg
pituitary,F:\brain tumor detection\data\raw\secondary\normalized\pituitary\pituitary_tumor_p (369).jpg
pituitary,F:\brain tumor detection\data\raw\secondary\normalized\pituitary\pituitary_tumor_p (37).jpg
pituitary,F:\brain tumor detection\data\raw\secondary\normalized\pituitary\pituitary_tumor_p (370).jpg
pituitary,F:\brain tumor detection\data\raw\secondary\normalized\pituitary\pituitary_tumor_p (371).jpg
pituitary,F:\brain tumor detection\data\raw\secondary\normalized\pituitary\pituitary_tumor_p (372).jpg
pituitary,F:\brain tumor detection\data\raw\secondary\normalized\pituitary\pituitary_tumor_p (373).jpg
pituitary,F:\brain tumor detection\data\raw\secondary\normalized\pituitary\pituitary_tumor_p (374).jpg
pituitary,F:\brain tumor detection\data\raw\secondary\normalized\pituitary\pituitary_tumor_p (375).jpg
pituitary,F:\brain tumor detection\data\raw\secondary\normalized\pituitary\pituitary_tumor_p (376).jpg
pituitary,F:\brain tumor detection\data\raw\secondary\normalized\pituitary\pituitary_tumor_p (377).jpg
pituitary,F:\brain tumor detection\data\raw\secondary\normalized\pituitary\pituitary_tumor_p (378).jpg
pituitary,F:\brain tumor detection\data\raw\secondary\normalized\pituitary\pituitary_tumor_p (379).jpg
pituitary,F:\brain tumor detection\data\raw\secondary\normalized\pituitary\pituitary_tumor_p (38).jpg
pituitary,F:\brain tumor detection\data\raw\secondary\normalized\pituitary\pituitary_tumor_p (380).jpg
pituitary,F:\brain tumor detection\data\raw\secondary\normalized\pituitary\pituitary_tumor_p (381).jpg
pituitary,F:\brain tumor detection\data\raw\secondary\normalized\pituitary\pituitary_tumor_p (382).jpg
pituitary,F:\brain tumor detection\data\raw\secondary\normalized\pituitary\pituitary_tumor_p (383).jpg
pituitary,F:\brain tumor detection\data\raw\secondary\normalized\pituitary\pituitary_tumor_p (384).jpg
pituitary,F:\brain tumor detection\data\raw\secondary\normalized\pituitary\pituitary_tumor_p (385).jpg
pituitary,F:\brain tumor detection\data\raw\secondary\normalized\pituitary\pituitary_tumor_p (386).jpg
pituitary,F:\brain tumor detection\data\raw\secondary\normalized\pituitary\pituitary_tumor_p (387).jpg
pituitary,F:\brain tumor detection\data\raw\secondary\normalized\pituitary\pituitary_tumor_p (388).jpg
pituitary,F:\brain tumor detection\data\raw\secondary\normalized\pituitary\pituitary_tumor_p (389).jpg
pituitary,F:\brain tumor detection\data\raw\secondary\normalized\pituitary\pituitary_tumor_p (39).jpg
pituitary,F:\brain tumor detection\data\raw\secondary\normalized\pituitary\pituitary_tumor_p (390).jpg
pituitary,F:\brain tumor detection\data\raw\secondary\normalized\pituitary\pituitary_tumor_p (391).jpg
pituitary,F:\brain tumor detection\data\raw\secondary\normalized\pituitary\pituitary_tumor_p (392).jpg
pituitary,F:\brain tumor detection\data\raw\secondary\normalized\pituitary\pituitary_tumor_p (393).jpg
pituitary,F:\brain tumor detection\data\raw\secondary\normalized\pituitary\pituitary_tumor_p (394).jpg
pituitary,F:\brain tumor detection\data\raw\secondary\normalized\pituitary\pituitary_tumor_p (395).jpg
pituitary,F:\brain tumor detection\data\raw\secondary\normalized\pituitary\pituitary_tumor_p (396).jpg
pituitary,F:\brain tumor detection\data\raw\secondary\normalized\pituitary\pituitary_tumor_p (397).jpg
pituitary,F:\brain tumor detection\data\raw\secondary\normalized\pituitary\pituitary_tumor_p (398).jpg
pituitary,F:\brain tumor detection\data\raw\secondary\normalized\pituitary\pituitary_tumor_p (399).jpg
pituitary,F:\brain tumor detection\data\raw\secondary\normalized\pituitary\pituitary_tumor_p (4).jpg
pituitary,F:\brain tumor detection\data\raw\secondary\normalized\pituitary\pituitary_tumor_p (40).jpg
pituitary,F:\brain tumor detection\data\raw\secondary\normalized\pituitary\pituitary_tumor_p (400).jpg
pituitary,F:\brain tumor detection\data\raw\secondary\normalized\pituitary\pituitary_tumor_p (401).jpg
pituitary,F:\brain tumor detection\data\raw\secondary\normalized\pituitary\pituitary_tumor_p (402).jpg
pituitary,F:\brain tumor detection\data\raw\secondary\normalized\pituitary\pituitary_tumor_p (403).jpg
pituitary,F:\brain tumor detection\data\raw\secondary\normalized\pituitary\pituitary_tumor_p (404).jpg
pituitary,F:\brain tumor detection\data\raw\secondary\normalized\pituitary\pituitary_tumor_p (405).jpg
pituitary,F:\brain tumor detection\data\raw\secondary\normalized\pituitary\pituitary_tumor_p (406).jpg
pituitary,F:\brain tumor detection\data\raw\secondary\normalized\pituitary\pituitary_tumor_p (407).jpg
pituitary,F:\brain tumor detection\data\raw\secondary\normalized\pituitary\pituitary_tumor_p (408).jpg
pituitary,F:\brain tumor detection\data\raw\secondary\normalized\pituitary\pituitary_tumor_p (409).jpg
pituitary,F:\brain tumor detection\data\raw\secondary\normalized\pituitary\pituitary_tumor_p (41).jpg
pituitary,F:\brain tumor detection\data\raw\secondary\normalized\pituitary\pituitary_tumor_p (410).jpg
pituitary,F:\brain tumor detection\data\raw\secondary\normalized\pituitary\pituitary_tumor_p (411).jpg
pituitary,F:\brain tumor detection\data\raw\secondary\normalized\pituitary\pituitary_tumor_p (412).jpg
pituitary,F:\brain tumor detection\data\raw\secondary\normalized\pituitary\pituitary_tumor_p (413).jpg
pituitary,F:\brain tumor detection\data\raw\secondary\normalized\pituitary\pituitary_tumor_p (414).jpg
pituitary,F:\brain tumor detection\data\raw\secondary\normalized\pituitary\pituitary_tumor_p (415).jpg
pituitary,F:\brain tumor detection\data\raw\secondary\normalized\pituitary\pituitary_tumor_p (416).jpg
pituitary,F:\brain tumor detection\data\raw\secondary\normalized\pituitary\pituitary_tumor_p (417).jpg
pituitary,F:\brain tumor detection\data\raw\secondary\normalized\pituitary\pituitary_tumor_p (418).jpg
pituitary,F:\brain tumor detection\data\raw\secondary\normalized\pituitary\pituitary_tumor_p (419).jpg
pituitary,F:\brain tumor detection\data\raw\secondary\normalized\pituitary\pituitary_tumor_p (42).jpg
pituitary,F:\brain tumor detection\data\raw\secondary\normalized\pituitary\pituitary_tumor_p (420).jpg
pituitary,F:\brain tumor detection\data\raw\secondary\normalized\pituitary\pituitary_tumor_p (421).jpg
pituitary,F:\brain tumor detection\data\raw\secondary\normalized\pituitary\pituitary_tumor_p (422).jpg
pituitary,F:\brain tumor detection\data\raw\secondary\normalized\pituitary\pituitary_tumor_p (423).jpg
pituitary,F:\brain tumor detection\data\raw\secondary\normalized\pituitary\pituitary_tumor_p (424).jpg
pituitary,F:\brain tumor detection\data\raw\secondary\normalized\pituitary\pituitary_tumor_p (425).jpg
pituitary,F:\brain tumor detection\data\raw\secondary\normalized\pituitary\pituitary_tumor_p (426).jpg
pituitary,F:\brain tumor detection\data\raw\secondary\normalized\pituitary\pituitary_tumor_p (427).jpg
pituitary,F:\brain tumor detection\data\raw\secondary\normalized\pituitary\pituitary_tumor_p (428).jpg
pituitary,F:\brain tumor detection\data\raw\secondary\normalized\pituitary\pituitary_tumor_p (429).jpg
pituitary,F:\brain tumor detection\data\raw\secondary\normalized\pituitary\pituitary_tumor_p (43).jpg
pituitary,F:\brain tumor detection\data\raw\secondary\normalized\pituitary\pituitary_tumor_p (430).jpg
pituitary,F:\brain tumor detection\data\raw\secondary\normalized\pituitary\pituitary_tumor_p (431).jpg
pituitary,F:\brain tumor detection\data\raw\secondary\normalized\pituitary\pituitary_tumor_p (432).jpg
pituitary,F:\brain tumor detection\data\raw\secondary\normalized\pituitary\pituitary_tumor_p (433).jpg
pituitary,F:\brain tumor detection\data\raw\secondary\normalized\pituitary\pituitary_tumor_p (434).jpg
pituitary,F:\brain tumor detection\data\raw\secondary\normalized\pituitary\pituitary_tumor_p (435).jpg
pituitary,F:\brain tumor detection\data\raw\secondary\normalized\pituitary\pituitary_tumor_p (436).jpg
pituitary,F:\brain tumor detection\data\raw\secondary\normalized\pituitary\pituitary_tumor_p (437).jpg
pituitary,F:\brain tumor detection\data\raw\secondary\normalized\pituitary\pituitary_tumor_p (438).jpg
pituitary,F:\brain tumor detection\data\raw\secondary\normalized\pituitary\pituitary_tumor_p (439).jpg
pituitary,F:\brain tumor detection\data\raw\secondary\normalized\pituitary\pituitary_tumor_p (44).jpg
pituitary,F:\brain tumor detection\data\raw\secondary\normalized\pituitary\pituitary_tumor_p (440).jpg
pituitary,F:\brain tumor detection\data\raw\secondary\normalized\pituitary\pituitary_tumor_p (441).jpg
pituitary,F:\brain tumor detection\data\raw\secondary\normalized\pituitary\pituitary_tumor_p (442).jpg
pituitary,F:\brain tumor detection\data\raw\secondary\normalized\pituitary\pituitary_tumor_p (443).jpg
pituitary,F:\brain tumor detection\data\raw\secondary\normalized\pituitary\pituitary_tumor_p (444).jpg
pituitary,F:\brain tumor detection\data\raw\secondary\normalized\pituitary\pituitary_tumor_p (445).jpg
pituitary,F:\brain tumor detection\data\raw\secondary\normalized\pituitary\pituitary_tumor_p (446).jpg
pituitary,F:\brain tumor detection\data\raw\secondary\normalized\pituitary\pituitary_tumor_p (447).jpg
pituitary,F:\brain tumor detection\data\raw\secondary\normalized\pituitary\pituitary_tumor_p (448).jpg
pituitary,F:\brain tumor detection\data\raw\secondary\normalized\pituitary\pituitary_tumor_p (449).jpg
pituitary,F:\brain tumor detection\data\raw\secondary\normalized\pituitary\pituitary_tumor_p (45).jpg
pituitary,F:\brain tumor detection\data\raw\secondary\normalized\pituitary\pituitary_tumor_p (450).jpg
pituitary,F:\brain tumor detection\data\raw\secondary\normalized\pituitary\pituitary_tumor_p (451).jpg
pituitary,F:\brain tumor detection\data\raw\secondary\normalized\pituitary\pituitary_tumor_p (452).jpg
pituitary,F:\brain tumor detection\data\raw\secondary\normalized\pituitary\pituitary_tumor_p (453).jpg
pituitary,F:\brain tumor detection\data\raw\secondary\normalized\pituitary\pituitary_tumor_p (454).jpg
pituitary,F:\brain tumor detection\data\raw\secondary\normalized\pituitary\pituitary_tumor_p (455).jpg
pituitary,F:\brain tumor detection\data\raw\secondary\normalized\pituitary\pituitary_tumor_p (456).jpg
pituitary,F:\brain tumor detection\data\raw\secondary\normalized\pituitary\pituitary_tumor_p (457).jpg
pituitary,F:\brain tumor detection\data\raw\secondary\normalized\pituitary\pituitary_tumor_p (458).jpg
pituitary,F:\brain tumor detection\data\raw\secondary\normalized\pituitary\pituitary_tumor_p (459).jpg
pituitary,F:\brain tumor detection\data\raw\secondary\normalized\pituitary\pituitary_tumor_p (46).jpg
pituitary,F:\brain tumor detection\data\raw\secondary\normalized\pituitary\pituitary_tumor_p (460).jpg
pituitary,F:\brain tumor detection\data\raw\secondary\normalized\pituitary\pituitary_tumor_p (461).jpg
pituitary,F:\brain tumor detection\data\raw\secondary\normalized\pituitary\pituitary_tumor_p (462).jpg
pituitary,F:\brain tumor detection\data\raw\secondary\normalized\pituitary\pituitary_tumor_p (463).jpg
pituitary,F:\brain tumor detection\data\raw\secondary\normalized\pituitary\pituitary_tumor_p (464).jpg
pituitary,F:\brain tumor detection\data\raw\secondary\normalized\pituitary\pituitary_tumor_p (465).jpg
pituitary,F:\brain tumor detection\data\raw\secondary\normalized\pituitary\pituitary_tumor_p (466).jpg
pituitary,F:\brain tumor detection\data\raw\secondary\normalized\pituitary\pituitary_tumor_p (467).jpg
pituitary,F:\brain tumor detection\data\raw\secondary\normalized\pituitary\pituitary_tumor_p (468).jpg
pituitary,F:\brain tumor detection\data\raw\secondary\normalized\pituitary\pituitary_tumor_p (469).jpg
pituitary,F:\brain tumor detection\data\raw\secondary\normalized\pituitary\pituitary_tumor_p (47).jpg
pituitary,F:\brain tumor detection\data\raw\secondary\normalized\pituitary\pituitary_tumor_p (470).jpg
pituitary,F:\brain tumor detection\data\raw\secondary\normalized\pituitary\pituitary_tumor_p (471).jpg
pituitary,F:\brain tumor detection\data\raw\secondary\normalized\pituitary\pituitary_tumor_p (472).jpg
pituitary,F:\brain tumor detection\data\raw\secondary\normalized\pituitary\pituitary_tumor_p (473).jpg
pituitary,F:\brain tumor detection\data\raw\secondary\normalized\pituitary\pituitary_tumor_p (474).jpg
pituitary,F:\brain tumor detection\data\raw\secondary\normalized\pituitary\pituitary_tumor_p (475).jpg
pituitary,F:\brain tumor detection\data\raw\secondary\normalized\pituitary\pituitary_tumor_p (476).jpg
pituitary,F:\brain tumor detection\data\raw\secondary\normalized\pituitary\pituitary_tumor_p (477).jpg
pituitary,F:\brain tumor detection\data\raw\secondary\normalized\pituitary\pituitary_tumor_p (478).jpg
pituitary,F:\brain tumor detection\data\raw\secondary\normalized\pituitary\pituitary_tumor_p (479).jpg
pituitary,F:\brain tumor detection\data\raw\secondary\normalized\pituitary\pituitary_tumor_p (48).jpg
pituitary,F:\brain tumor detection\data\raw\secondary\normalized\pituitary\pituitary_tumor_p (480).jpg
pituitary,F:\brain tumor detection\data\raw\secondary\normalized\pituitary\pituitary_tumor_p (481).jpg
pituitary,F:\brain tumor detection\data\raw\secondary\normalized\pituitary\pituitary_tumor_p (482).jpg
pituitary,F:\brain tumor detection\data\raw\secondary\normalized\pituitary\pituitary_tumor_p (483).jpg
pituitary,F:\brain tumor detection\data\raw\secondary\normalized\pituitary\pituitary_tumor_p (484).jpg
pituitary,F:\brain tumor detection\data\raw\secondary\normalized\pituitary\pituitary_tumor_p (485).jpg
pituitary,F:\brain tumor detection\data\raw\secondary\normalized\pituitary\pituitary_tumor_p (486).jpg
pituitary,F:\brain tumor detection\data\raw\secondary\normalized\pituitary\pituitary_tumor_p (487).jpg
pituitary,F:\brain tumor detection\data\raw\secondary\normalized\pituitary\pituitary_tumor_p (488).jpg
pituitary,F:\brain tumor detection\data\raw\secondary\normalized\pituitary\pituitary_tumor_p (489).jpg
pituitary,F:\brain tumor detection\data\raw\secondary\normalized\pituitary\pituitary_tumor_p (49).jpg
pituitary,F:\brain tumor detection\data\raw\secondary\normalized\pituitary\pituitary_tumor_p (490).jpg
pituitary,F:\brain tumor detection\data\raw\secondary\normalized\pituitary\pituitary_tumor_p (491).jpg
pituitary,F:\brain tumor detection\data\raw\secondary\normalized\pituitary\pituitary_tumor_p (492).jpg
pituitary,F:\brain tumor detection\data\raw\secondary\normalized\pituitary\pituitary_tumor_p (493).jpg
pituitary,F:\brain tumor detection\data\raw\secondary\normalized\pituitary\pituitary_tumor_p (494).jpg
pituitary,F:\brain tumor detection\data\raw\secondary\normalized\pituitary\pituitary_tumor_p (495).jpg
pituitary,F:\brain tumor detection\data\raw\secondary\normalized\pituitary\pituitary_tumor_p (496).jpg
pituitary,F:\brain tumor detection\data\raw\secondary\normalized\pituitary\pituitary_tumor_p (497).jpg
pituitary,F:\brain tumor detection\data\raw\secondary\normalized\pituitary\pituitary_tumor_p (498).jpg
pituitary,F:\brain tumor detection\data\raw\secondary\normalized\pituitary\pituitary_tumor_p (499).jpg
pituitary,F:\brain tumor detection\data\raw\secondary\normalized\pituitary\pituitary_tumor_p (5).jpg
pituitary,F:\brain tumor detection\data\raw\secondary\normalized\pituitary\pituitary_tumor_p (50).jpg
pituitary,F:\brain tumor detection\data\raw\secondary\normalized\pituitary\pituitary_tumor_p (500).jpg
pituitary,F:\brain tumor detection\data\raw\secondary\normalized\pituitary\pituitary_tumor_p (501).jpg
pituitary,F:\brain tumor detection\data\raw\secondary\normalized\pituitary\pituitary_tumor_p (502).jpg
pituitary,F:\brain tumor detection\data\raw\secondary\normalized\pituitary\pituitary_tumor_p (503).jpg
pituitary,F:\brain tumor detection\data\raw\secondary\normalized\pituitary\pituitary_tumor_p (504).jpg
pituitary,F:\brain tumor detection\data\raw\secondary\normalized\pituitary\pituitary_tumor_p (505).jpg
pituitary,F:\brain tumor detection\data\raw\secondary\normalized\pituitary\pituitary_tumor_p (506).jpg
pituitary,F:\brain tumor detection\data\raw\secondary\normalized\pituitary\pituitary_tumor_p (507).jpg
pituitary,F:\brain tumor detection\data\raw\secondary\normalized\pituitary\pituitary_tumor_p (508).jpg
pituitary,F:\brain tumor detection\data\raw\secondary\normalized\pituitary\pituitary_tumor_p (509).jpg
pituitary,F:\brain tumor detection\data\raw\secondary\normalized\pituitary\pituitary_tumor_p (51).jpg
pituitary,F:\brain tumor detection\data\raw\secondary\normalized\pituitary\pituitary_tumor_p (510).jpg
pituitary,F:\brain tumor detection\data\raw\secondary\normalized\pituitary\pituitary_tumor_p (511).jpg
pituitary,F:\brain tumor detection\data\raw\secondary\normalized\pituitary\pituitary_tumor_p (512).jpg
pituitary,F:\brain tumor detection\data\raw\secondary\normalized\pituitary\pituitary_tumor_p (513).jpg
pituitary,F:\brain tumor detection\data\raw\secondary\normalized\pituitary\pituitary_tumor_p (514).jpg
pituitary,F:\brain tumor detection\data\raw\secondary\normalized\pituitary\pituitary_tumor_p (515).jpg
pituitary,F:\brain tumor detection\data\raw\secondary\normalized\pituitary\pituitary_tumor_p (516).jpg
pituitary,F:\brain tumor detection\data\raw\secondary\normalized\pituitary\pituitary_tumor_p (517).jpg
pituitary,F:\brain tumor detection\data\raw\secondary\normalized\pituitary\pituitary_tumor_p (518).jpg
pituitary,F:\brain tumor detection\data\raw\secondary\normalized\pituitary\pituitary_tumor_p (519).jpg
pituitary,F:\brain tumor detection\data\raw\secondary\normalized\pituitary\pituitary_tumor_p (52).jpg
pituitary,F:\brain tumor detection\data\raw\secondary\normalized\pituitary\pituitary_tumor_p (520).jpg
pituitary,F:\brain tumor detection\data\raw\secondary\normalized\pituitary\pituitary_tumor_p (521).jpg
pituitary,F:\brain tumor detection\data\raw\secondary\normalized\pituitary\pituitary_tumor_p (522).jpg
pituitary,F:\brain tumor detection\data\raw\secondary\normalized\pituitary\pituitary_tumor_p (523).jpg
pituitary,F:\brain tumor detection\data\raw\secondary\normalized\pituitary\pituitary_tumor_p (524).jpg
pituitary,F:\brain tumor detection\data\raw\secondary\normalized\pituitary\pituitary_tumor_p (525).jpg
pituitary,F:\brain tumor detection\data\raw\secondary\normalized\pituitary\pituitary_tumor_p (526).jpg
pituitary,F:\brain tumor detection\data\raw\secondary\normalized\pituitary\pituitary_tumor_p (527).jpg
pituitary,F:\brain tumor detection\data\raw\secondary\normalized\pituitary\pituitary_tumor_p (528).jpg
pituitary,F:\brain tumor detection\data\raw\secondary\normalized\pituitary\pituitary_tumor_p (529).jpg
pituitary,F:\brain tumor detection\data\raw\secondary\normalized\pituitary\pituitary_tumor_p (53).jpg
pituitary,F:\brain tumor detection\data\raw\secondary\normalized\pituitary\pituitary_tumor_p (530).jpg
pituitary,F:\brain tumor detection\data\raw\secondary\normalized\pituitary\pituitary_tumor_p (531).jpg
pituitary,F:\brain tumor detection\data\raw\secondary\normalized\pituitary\pituitary_tumor_p (532).jpg
pituitary,F:\brain tumor detection\data\raw\secondary\normalized\pituitary\pituitary_tumor_p (533).jpg
pituitary,F:\brain tumor detection\data\raw\secondary\normalized\pituitary\pituitary_tumor_p (534).jpg
pituitary,F:\brain tumor detection\data\raw\secondary\normalized\pituitary\pituitary_tumor_p (535).jpg
pituitary,F:\brain tumor detection\data\raw\secondary\normalized\pituitary\pituitary_tumor_p (536).jpg
pituitary,F:\brain tumor detection\data\raw\secondary\normalized\pituitary\pituitary_tumor_p (537).jpg
pituitary,F:\brain tumor detection\data\raw\secondary\normalized\pituitary\pituitary_tumor_p (538).jpg
pituitary,F:\brain tumor detection\data\raw\secondary\normalized\pituitary\pituitary_tumor_p (539).jpg
pituitary,F:\brain tumor detection\data\raw\secondary\normalized\pituitary\pituitary_tumor_p (54).jpg
pituitary,F:\brain tumor detection\data\raw\secondary\normalized\pituitary\pituitary_tumor_p (540).jpg
pituitary,F:\brain tumor detection\data\raw\secondary\normalized\pituitary\pituitary_tumor_p (541).jpg
pituitary,F:\brain tumor detection\data\raw\secondary\normalized\pituitary\pituitary_tumor_p (542).jpg
pituitary,F:\brain tumor detection\data\raw\secondary\normalized\pituitary\pituitary_tumor_p (543).jpg
pituitary,F:\brain tumor detection\data\raw\secondary\normalized\pituitary\pituitary_tumor_p (544).jpg
pituitary,F:\brain tumor detection\data\raw\secondary\normalized\pituitary\pituitary_tumor_p (545).jpg
pituitary,F:\brain tumor detection\data\raw\secondary\normalized\pituitary\pituitary_tumor_p (546).jpg
pituitary,F:\brain tumor detection\data\raw\secondary\normalized\pituitary\pituitary_tumor_p (547).jpg
pituitary,F:\brain tumor detection\data\raw\secondary\normalized\pituitary\pituitary_tumor_p (548).jpg
pituitary,F:\brain tumor detection\data\raw\secondary\normalized\pituitary\pituitary_tumor_p (549).jpg
pituitary,F:\brain tumor detection\data\raw\secondary\normalized\pituitary\pituitary_tumor_p (55).jpg
pituitary,F:\brain tumor detection\data\raw\secondary\normalized\pituitary\pituitary_tumor_p (550).jpg
pituitary,F:\brain tumor detection\data\raw\secondary\normalized\pituitary\pituitary_tumor_p (551).jpg
pituitary,F:\brain tumor detection\data\raw\secondary\normalized\pituitary\pituitary_tumor_p (552).jpg
pituitary,F:\brain tumor detection\data\raw\secondary\normalized\pituitary\pituitary_tumor_p (553).jpg
pituitary,F:\brain tumor detection\data\raw\secondary\normalized\pituitary\pituitary_tumor_p (554).jpg
pituitary,F:\brain tumor detection\data\raw\secondary\normalized\pituitary\pituitary_tumor_p (555).jpg
pituitary,F:\brain tumor detection\data\raw\secondary\normalized\pituitary\pituitary_tumor_p (556).jpg
pituitary,F:\brain tumor detection\data\raw\secondary\normalized\pituitary\pituitary_tumor_p (557).jpg
pituitary,F:\brain tumor detection\data\raw\secondary\normalized\pituitary\pituitary_tumor_p (558).jpg
pituitary,F:\brain tumor detection\data\raw\secondary\normalized\pituitary\pituitary_tumor_p (559).jpg
pituitary,F:\brain tumor detection\data\raw\secondary\normalized\pituitary\pituitary_tumor_p (56).jpg
pituitary,F:\brain tumor detection\data\raw\secondary\normalized\pituitary\pituitary_tumor_p (560).jpg
pituitary,F:\brain tumor detection\data\raw\secondary\normalized\pituitary\pituitary_tumor_p (561).jpg
pituitary,F:\brain tumor detection\data\raw\secondary\normalized\pituitary\pituitary_tumor_p (562).jpg
pituitary,F:\brain tumor detection\data\raw\secondary\normalized\pituitary\pituitary_tumor_p (563).jpg
pituitary,F:\brain tumor detection\data\raw\secondary\normalized\pituitary\pituitary_tumor_p (564).jpg
pituitary,F:\brain tumor detection\data\raw\secondary\normalized\pituitary\pituitary_tumor_p (565).jpg
pituitary,F:\brain tumor detection\data\raw\secondary\normalized\pituitary\pituitary_tumor_p (566).jpg
pituitary,F:\brain tumor detection\data\raw\secondary\normalized\pituitary\pituitary_tumor_p (567).jpg
pituitary,F:\brain tumor detection\data\raw\secondary\normalized\pituitary\pituitary_tumor_p (568).jpg
pituitary,F:\brain tumor detection\data\raw\secondary\normalized\pituitary\pituitary_tumor_p (569).jpg
pituitary,F:\brain tumor detection\data\raw\secondary\normalized\pituitary\pituitary_tumor_p (57).jpg
pituitary,F:\brain tumor detection\data\raw\secondary\normalized\pituitary\pituitary_tumor_p (570).jpg
pituitary,F:\brain tumor detection\data\raw\secondary\normalized\pituitary\pituitary_tumor_p (571).jpg
pituitary,F:\brain tumor detection\data\raw\secondary\normalized\pituitary\pituitary_tumor_p (572).jpg
pituitary,F:\brain tumor detection\data\raw\secondary\normalized\pituitary\pituitary_tumor_p (573).jpg
pituitary,F:\brain tumor detection\data\raw\secondary\normalized\pituitary\pituitary_tumor_p (574).jpg
pituitary,F:\brain tumor detection\data\raw\secondary\normalized\pituitary\pituitary_tumor_p (575).jpg
pituitary,F:\brain tumor detection\data\raw\secondary\normalized\pituitary\pituitary_tumor_p (576).jpg
pituitary,F:\brain tumor detection\data\raw\secondary\normalized\pituitary\pituitary_tumor_p (577).jpg
pituitary,F:\brain tumor detection\data\raw\secondary\normalized\pituitary\pituitary_tumor_p (578).jpg
pituitary,F:\brain tumor detection\data\raw\secondary\normalized\pituitary\pituitary_tumor_p (579).jpg
pituitary,F:\brain tumor detection\data\raw\secondary\normalized\pituitary\pituitary_tumor_p (58).jpg
pituitary,F:\brain tumor detection\data\raw\secondary\normalized\pituitary\pituitary_tumor_p (580).jpg
pituitary,F:\brain tumor detection\data\raw\secondary\normalized\pituitary\pituitary_tumor_p (581).jpg
pituitary,F:\brain tumor detection\data\raw\secondary\normalized\pituitary\pituitary_tumor_p (582).jpg
pituitary,F:\brain tumor detection\data\raw\secondary\normalized\pituitary\pituitary_tumor_p (583).jpg
pituitary,F:\brain tumor detection\data\raw\secondary\normalized\pituitary\pituitary_tumor_p (584).jpg
pituitary,F:\brain tumor detection\data\raw\secondary\normalized\pituitary\pituitary_tumor_p (585).jpg
pituitary,F:\brain tumor detection\data\raw\secondary\normalized\pituitary\pituitary_tumor_p (586).jpg
pituitary,F:\brain tumor detection\data\raw\secondary\normalized\pituitary\pituitary_tumor_p (587).jpg
pituitary,F:\brain tumor detection\data\raw\secondary\normalized\pituitary\pituitary_tumor_p (588).jpg
pituitary,F:\brain tumor detection\data\raw\secondary\normalized\pituitary\pituitary_tumor_p (589).jpg
pituitary,F:\brain tumor detection\data\raw\secondary\normalized\pituitary\pituitary_tumor_p (59).jpg
pituitary,F:\brain tumor detection\data\raw\secondary\normalized\pituitary\pituitary_tumor_p (590).jpg
pituitary,F:\brain tumor detection\data\raw\secondary\normalized\pituitary\pituitary_tumor_p (591).jpg
pituitary,F:\brain tumor detection\data\raw\secondary\normalized\pituitary\pituitary_tumor_p (592).jpg
pituitary,F:\brain tumor detection\data\raw\secondary\normalized\pituitary\pituitary_tumor_p (593).jpg
pituitary,F:\brain tumor detection\data\raw\secondary\normalized\pituitary\pituitary_tumor_p (594).jpg
pituitary,F:\brain tumor detection\data\raw\secondary\normalized\pituitary\pituitary_tumor_p (595).jpg
pituitary,F:\brain tumor detection\data\raw\secondary\normalized\pituitary\pituitary_tumor_p (596).jpg
pituitary,F:\brain tumor detection\data\raw\secondary\normalized\pituitary\pituitary_tumor_p (597).jpg
pituitary,F:\brain tumor detection\data\raw\secondary\normalized\pituitary\pituitary_tumor_p (598).jpg
pituitary,F:\brain tumor detection\data\raw\secondary\normalized\pituitary\pituitary_tumor_p (599).jpg
pituitary,F:\brain tumor detection\data\raw\secondary\normalized\pituitary\pituitary_tumor_p (6).jpg
pituitary,F:\brain tumor detection\data\raw\secondary\normalized\pituitary\pituitary_tumor_p (60).jpg
pituitary,F:\brain tumor detection\data\raw\secondary\normalized\pituitary\pituitary_tumor_p (600).jpg
pituitary,F:\brain tumor detection\data\raw\secondary\normalized\pituitary\pituitary_tumor_p (601).jpg
pituitary,F:\brain tumor detection\data\raw\secondary\normalized\pituitary\pituitary_tumor_p (602).jpg
pituitary,F:\brain tumor detection\data\raw\secondary\normalized\pituitary\pituitary_tumor_p (603).jpg
pituitary,F:\brain tumor detection\data\raw\secondary\normalized\pituitary\pituitary_tumor_p (604).jpg
pituitary,F:\brain tumor detection\data\raw\secondary\normalized\pituitary\pituitary_tumor_p (605).jpg
pituitary,F:\brain tumor detection\data\raw\secondary\normalized\pituitary\pituitary_tumor_p (606).jpg
pituitary,F:\brain tumor detection\data\raw\secondary\normalized\pituitary\pituitary_tumor_p (607).jpg
pituitary,F:\brain tumor detection\data\raw\secondary\normalized\pituitary\pituitary_tumor_p (608).jpg
pituitary,F:\brain tumor detection\data\raw\secondary\normalized\pituitary\pituitary_tumor_p (609).jpg
pituitary,F:\brain tumor detection\data\raw\secondary\normalized\pituitary\pituitary_tumor_p (61).jpg
pituitary,F:\brain tumor detection\data\raw\secondary\normalized\pituitary\pituitary_tumor_p (610).jpg
pituitary,F:\brain tumor detection\data\raw\secondary\normalized\pituitary\pituitary_tumor_p (611).jpg
pituitary,F:\brain tumor detection\data\raw\secondary\normalized\pituitary\pituitary_tumor_p (612).jpg
pituitary,F:\brain tumor detection\data\raw\secondary\normalized\pituitary\pituitary_tumor_p (613).jpg
pituitary,F:\brain tumor detection\data\raw\secondary\normalized\pituitary\pituitary_tumor_p (614).jpg
pituitary,F:\brain tumor detection\data\raw\secondary\normalized\pituitary\pituitary_tumor_p (615).jpg
pituitary,F:\brain tumor detection\data\raw\secondary\normalized\pituitary\pituitary_tumor_p (616).jpg
pituitary,F:\brain tumor detection\data\raw\secondary\normalized\pituitary\pituitary_tumor_p (617).jpg
pituitary,F:\brain tumor detection\data\raw\secondary\normalized\pituitary\pituitary_tumor_p (618).jpg
pituitary,F:\brain tumor detection\data\raw\secondary\normalized\pituitary\pituitary_tumor_p (619).jpg
pituitary,F:\brain tumor detection\data\raw\secondary\normalized\pituitary\pituitary_tumor_p (62).jpg
pituitary,F:\brain tumor detection\data\raw\secondary\normalized\pituitary\pituitary_tumor_p (620).jpg
pituitary,F:\brain tumor detection\data\raw\secondary\normalized\pituitary\pituitary_tumor_p (621).jpg
pituitary,F:\brain tumor detection\data\raw\secondary\normalized\pituitary\pituitary_tumor_p (622).jpg
pituitary,F:\brain tumor detection\data\raw\secondary\normalized\pituitary\pituitary_tumor_p (623).jpg
pituitary,F:\brain tumor detection\data\raw\secondary\normalized\pituitary\pituitary_tumor_p (624).jpg
pituitary,F:\brain tumor detection\data\raw\secondary\normalized\pituitary\pituitary_tumor_p (625).jpg
pituitary,F:\brain tumor detection\data\raw\secondary\normalized\pituitary\pituitary_tumor_p (626).jpg
pituitary,F:\brain tumor detection\data\raw\secondary\normalized\pituitary\pituitary_tumor_p (627).jpg
pituitary,F:\brain tumor detection\data\raw\secondary\normalized\pituitary\pituitary_tumor_p (628).jpg
pituitary,F:\brain tumor detection\data\raw\secondary\normalized\pituitary\pituitary_tumor_p (629).jpg
pituitary,F:\brain tumor detection\data\raw\secondary\normalized\pituitary\pituitary_tumor_p (63).jpg
pituitary,F:\brain tumor detection\data\raw\secondary\normalized\pituitary\pituitary_tumor_p (630).jpg
pituitary,F:\brain tumor detection\data\raw\secondary\normalized\pituitary\pituitary_tumor_p (631).jpg
pituitary,F:\brain tumor detection\data\raw\secondary\normalized\pituitary\pituitary_tumor_p (632).jpg
pituitary,F:\brain tumor detection\data\raw\secondary\normalized\pituitary\pituitary_tumor_p (633).jpg
pituitary,F:\brain tumor detection\data\raw\secondary\normalized\pituitary\pituitary_tumor_p (634).jpg
pituitary,F:\brain tumor detection\data\raw\secondary\normalized\pituitary\pituitary_tumor_p (635).jpg
pituitary,F:\brain tumor detection\data\raw\secondary\normalized\pituitary\pituitary_tumor_p (636).jpg
pituitary,F:\brain tumor detection\data\raw\secondary\normalized\pituitary\pituitary_tumor_p (637).jpg
pituitary,F:\brain tumor detection\data\raw\secondary\normalized\pituitary\pituitary_tumor_p (638).jpg
pituitary,F:\brain tumor detection\data\raw\secondary\normalized\pituitary\pituitary_tumor_p (639).jpg
pituitary,F:\brain tumor detection\data\raw\secondary\normalized\pituitary\pituitary_tumor_p (64).jpg
pituitary,F:\brain tumor detection\data\raw\secondary\normalized\pituitary\pituitary_tumor_p (640).jpg
pituitary,F:\brain tumor detection\data\raw\secondary\normalized\pituitary\pituitary_tumor_p (641).jpg
pituitary,F:\brain tumor detection\data\raw\secondary\normalized\pituitary\pituitary_tumor_p (642).jpg
pituitary,F:\brain tumor detection\data\raw\secondary\normalized\pituitary\pituitary_tumor_p (643).jpg
pituitary,F:\brain tumor detection\data\raw\secondary\normalized\pituitary\pituitary_tumor_p (644).jpg
pituitary,F:\brain tumor detection\data\raw\secondary\normalized\pituitary\pituitary_tumor_p (645).jpg
pituitary,F:\brain tumor detection\data\raw\secondary\normalized\pituitary\pituitary_tumor_p (646).jpg
pituitary,F:\brain tumor detection\data\raw\secondary\normalized\pituitary\pituitary_tumor_p (647).jpg
pituitary,F:\brain tumor detection\data\raw\secondary\normalized\pituitary\pituitary_tumor_p (648).jpg
pituitary,F:\brain tumor detection\data\raw\secondary\normalized\pituitary\pituitary_tumor_p (649).jpg
pituitary,F:\brain tumor detection\data\raw\secondary\normalized\pituitary\pituitary_tumor_p (65).jpg
pituitary,F:\brain tumor detection\data\raw\secondary\normalized\pituitary\pituitary_tumor_p (650).jpg
pituitary,F:\brain tumor detection\data\raw\secondary\normalized\pituitary\pituitary_tumor_p (651).jpg
pituitary,F:\brain tumor detection\data\raw\secondary\normalized\pituitary\pituitary_tumor_p (652).jpg
pituitary,F:\brain tumor detection\data\raw\secondary\normalized\pituitary\pituitary_tumor_p (653).jpg
pituitary,F:\brain tumor detection\data\raw\secondary\normalized\pituitary\pituitary_tumor_p (654).jpg
pituitary,F:\brain tumor detection\data\raw\secondary\normalized\pituitary\pituitary_tumor_p (655).jpg
pituitary,F:\brain tumor detection\data\raw\secondary\normalized\pituitary\pituitary_tumor_p (656).jpg
pituitary,F:\brain tumor detection\data\raw\secondary\normalized\pituitary\pituitary_tumor_p (657).jpg
pituitary,F:\brain tumor detection\data\raw\secondary\normalized\pituitary\pituitary_tumor_p (658).jpg
pituitary,F:\brain tumor detection\data\raw\secondary\normalized\pituitary\pituitary_tumor_p (659).jpg
pituitary,F:\brain tumor detection\data\raw\secondary\normalized\pituitary\pituitary_tumor_p (66).jpg
pituitary,F:\brain tumor detection\data\raw\secondary\normalized\pituitary\pituitary_tumor_p (660).jpg
pituitary,F:\brain tumor detection\data\raw\secondary\normalized\pituitary\pituitary_tumor_p (661).jpg
pituitary,F:\brain tumor detection\data\raw\secondary\normalized\pituitary\pituitary_tumor_p (662).jpg
pituitary,F:\brain tumor detection\data\raw\secondary\normalized\pituitary\pituitary_tumor_p (663).jpg
pituitary,F:\brain tumor detection\data\raw\secondary\normalized\pituitary\pituitary_tumor_p (664).jpg
pituitary,F:\brain tumor detection\data\raw\secondary\normalized\pituitary\pituitary_tumor_p (665).jpg
pituitary,F:\brain tumor detection\data\raw\secondary\normalized\pituitary\pituitary_tumor_p (666).jpg
pituitary,F:\brain tumor detection\data\raw\secondary\normalized\pituitary\pituitary_tumor_p (667).jpg
pituitary,F:\brain tumor detection\data\raw\secondary\normalized\pituitary\pituitary_tumor_p (668).jpg
pituitary,F:\brain tumor detection\data\raw\secondary\normalized\pituitary\pituitary_tumor_p (669).jpg
pituitary,F:\brain tumor detection\data\raw\secondary\normalized\pituitary\pituitary_tumor_p (67).jpg
pituitary,F:\brain tumor detection\data\raw\secondary\normalized\pituitary\pituitary_tumor_p (670).jpg
pituitary,F:\brain tumor detection\data\raw\secondary\normalized\pituitary\pituitary_tumor_p (671).jpg
pituitary,F:\brain tumor detection\data\raw\secondary\normalized\pituitary\pituitary_tumor_p (672).jpg
pituitary,F:\brain tumor detection\data\raw\secondary\normalized\pituitary\pituitary_tumor_p (673).jpg
pituitary,F:\brain tumor detection\data\raw\secondary\normalized\pituitary\pituitary_tumor_p (674).jpg
pituitary,F:\brain tumor detection\data\raw\secondary\normalized\pituitary\pituitary_tumor_p (675).jpg
pituitary,F:\brain tumor detection\data\raw\secondary\normalized\pituitary\pituitary_tumor_p (676).jpg
pituitary,F:\brain tumor detection\data\raw\secondary\normalized\pituitary\pituitary_tumor_p (677).jpg
pituitary,F:\brain tumor detection\data\raw\secondary\normalized\pituitary\pituitary_tumor_p (678).jpg
pituitary,F:\brain tumor detection\data\raw\secondary\normalized\pituitary\pituitary_tumor_p (679).jpg
pituitary,F:\brain tumor detection\data\raw\secondary\normalized\pituitary\pituitary_tumor_p (68).jpg
pituitary,F:\brain tumor detection\data\raw\secondary\normalized\pituitary\pituitary_tumor_p (680).jpg
pituitary,F:\brain tumor detection\data\raw\secondary\normalized\pituitary\pituitary_tumor_p (681).jpg
pituitary,F:\brain tumor detection\data\raw\secondary\normalized\pituitary\pituitary_tumor_p (682).jpg
pituitary,F:\brain tumor detection\data\raw\secondary\normalized\pituitary\pituitary_tumor_p (683).jpg
pituitary,F:\brain tumor detection\data\raw\secondary\normalized\pituitary\pituitary_tumor_p (684).jpg
pituitary,F:\brain tumor detection\data\raw\secondary\normalized\pituitary\pituitary_tumor_p (685).jpg
pituitary,F:\brain tumor detection\data\raw\secondary\normalized\pituitary\pituitary_tumor_p (686).jpg
pituitary,F:\brain tumor detection\data\raw\secondary\normalized\pituitary\pituitary_tumor_p (687).jpg
pituitary,F:\brain tumor detection\data\raw\secondary\normalized\pituitary\pituitary_tumor_p (688).jpg
pituitary,F:\brain tumor detection\data\raw\secondary\normalized\pituitary\pituitary_tumor_p (689).jpg
pituitary,F:\brain tumor detection\data\raw\secondary\normalized\pituitary\pituitary_tumor_p (69).jpg
pituitary,F:\brain tumor detection\data\raw\secondary\normalized\pituitary\pituitary_tumor_p (690).jpg
pituitary,F:\brain tumor detection\data\raw\secondary\normalized\pituitary\pituitary_tumor_p (691).jpg
pituitary,F:\brain tumor detection\data\raw\secondary\normalized\pituitary\pituitary_tumor_p (692).jpg
pituitary,F:\brain tumor detection\data\raw\secondary\normalized\pituitary\pituitary_tumor_p (693).jpg
pituitary,F:\brain tumor detection\data\raw\secondary\normalized\pituitary\pituitary_tumor_p (694).jpg
pituitary,F:\brain tumor detection\data\raw\secondary\normalized\pituitary\pituitary_tumor_p (695).jpg
pituitary,F:\brain tumor detection\data\raw\secondary\normalized\pituitary\pituitary_tumor_p (696).jpg
pituitary,F:\brain tumor detection\data\raw\secondary\normalized\pituitary\pituitary_tumor_p (697).jpg
pituitary,F:\brain tumor detection\data\raw\secondary\normalized\pituitary\pituitary_tumor_p (698).jpg
pituitary,F:\brain tumor detection\data\raw\secondary\normalized\pituitary\pituitary_tumor_p (699).jpg
pituitary,F:\brain tumor detection\data\raw\secondary\normalized\pituitary\pituitary_tumor_p (7).jpg
pituitary,F:\brain tumor detection\data\raw\secondary\normalized\pituitary\pituitary_tumor_p (70).jpg
pituitary,F:\brain tumor detection\data\raw\secondary\normalized\pituitary\pituitary_tumor_p (700).jpg
pituitary,F:\brain tumor detection\data\raw\secondary\normalized\pituitary\pituitary_tumor_p (701).jpg
pituitary,F:\brain tumor detection\data\raw\secondary\normalized\pituitary\pituitary_tumor_p (702).jpg
pituitary,F:\brain tumor detection\data\raw\secondary\normalized\pituitary\pituitary_tumor_p (703).jpg
pituitary,F:\brain tumor detection\data\raw\secondary\normalized\pituitary\pituitary_tumor_p (704).jpg
pituitary,F:\brain tumor detection\data\raw\secondary\normalized\pituitary\pituitary_tumor_p (705).jpg
pituitary,F:\brain tumor detection\data\raw\secondary\normalized\pituitary\pituitary_tumor_p (706).jpg
pituitary,F:\brain tumor detection\data\raw\secondary\normalized\pituitary\pituitary_tumor_p (707).jpg
pituitary,F:\brain tumor detection\data\raw\secondary\normalized\pituitary\pituitary_tumor_p (708).jpg
pituitary,F:\brain tumor detection\data\raw\secondary\normalized\pituitary\pituitary_tumor_p (709).jpg
pituitary,F:\brain tumor detection\data\raw\secondary\normalized\pituitary\pituitary_tumor_p (71).jpg
pituitary,F:\brain tumor detection\data\raw\secondary\normalized\pituitary\pituitary_tumor_p (710).jpg
pituitary,F:\brain tumor detection\data\raw\secondary\normalized\pituitary\pituitary_tumor_p (711).jpg
pituitary,F:\brain tumor detection\data\raw\secondary\normalized\pituitary\pituitary_tumor_p (712).jpg
pituitary,F:\brain tumor detection\data\raw\secondary\normalized\pituitary\pituitary_tumor_p (713).jpg
pituitary,F:\brain tumor detection\data\raw\secondary\normalized\pituitary\pituitary_tumor_p (714).jpg
pituitary,F:\brain tumor detection\data\raw\secondary\normalized\pituitary\pituitary_tumor_p (715).jpg
pituitary,F:\brain tumor detection\data\raw\secondary\normalized\pituitary\pituitary_tumor_p (716).jpg
pituitary,F:\brain tumor detection\data\raw\secondary\normalized\pituitary\pituitary_tumor_p (717).jpg
pituitary,F:\brain tumor detection\data\raw\secondary\normalized\pituitary\pituitary_tumor_p (718).jpg
pituitary,F:\brain tumor detection\data\raw\secondary\normalized\pituitary\pituitary_tumor_p (719).jpg
pituitary,F:\brain tumor detection\data\raw\secondary\normalized\pituitary\pituitary_tumor_p (72).jpg
pituitary,F:\brain tumor detection\data\raw\secondary\normalized\pituitary\pituitary_tumor_p (720).jpg
pituitary,F:\brain tumor detection\data\raw\secondary\normalized\pituitary\pituitary_tumor_p (721).jpg
pituitary,F:\brain tumor detection\data\raw\secondary\normalized\pituitary\pituitary_tumor_p (722).jpg
pituitary,F:\brain tumor detection\data\raw\secondary\normalized\pituitary\pituitary_tumor_p (723).jpg
pituitary,F:\brain tumor detection\data\raw\secondary\normalized\pituitary\pituitary_tumor_p (724).jpg
pituitary,F:\brain tumor detection\data\raw\secondary\normalized\pituitary\pituitary_tumor_p (725).jpg
pituitary,F:\brain tumor detection\data\raw\secondary\normalized\pituitary\pituitary_tumor_p (726).jpg
pituitary,F:\brain tumor detection\data\raw\secondary\normalized\pituitary\pituitary_tumor_p (727).jpg
pituitary,F:\brain tumor detection\data\raw\secondary\normalized\pituitary\pituitary_tumor_p (728).jpg
pituitary,F:\brain tumor detection\data\raw\secondary\normalized\pituitary\pituitary_tumor_p (729).jpg
pituitary,F:\brain tumor detection\data\raw\secondary\normalized\pituitary\pituitary_tumor_p (73).jpg
pituitary,F:\brain tumor detection\data\raw\secondary\normalized\pituitary\pituitary_tumor_p (730).jpg
pituitary,F:\brain tumor detection\data\raw\secondary\normalized\pituitary\pituitary_tumor_p (731).jpg
pituitary,F:\brain tumor detection\data\raw\secondary\normalized\pituitary\pituitary_tumor_p (732).jpg
pituitary,F:\brain tumor detection\data\raw\secondary\normalized\pituitary\pituitary_tumor_p (733).jpg
pituitary,F:\brain tumor detection\data\raw\secondary\normalized\pituitary\pituitary_tumor_p (734).jpg
pituitary,F:\brain tumor detection\data\raw\secondary\normalized\pituitary\pituitary_tumor_p (735).jpg
pituitary,F:\brain tumor detection\data\raw\secondary\normalized\pituitary\pituitary_tumor_p (736).jpg
pituitary,F:\brain tumor detection\data\raw\secondary\normalized\pituitary\pituitary_tumor_p (737).jpg
pituitary,F:\brain tumor detection\data\raw\secondary\normalized\pituitary\pituitary_tumor_p (738).jpg
pituitary,F:\brain tumor detection\data\raw\secondary\normalized\pituitary\pituitary_tumor_p (739).jpg
pituitary,F:\brain tumor detection\data\raw\secondary\normalized\pituitary\pituitary_tumor_p (74).jpg
pituitary,F:\brain tumor detection\data\raw\secondary\normalized\pituitary\pituitary_tumor_p (740).jpg
pituitary,F:\brain tumor detection\data\raw\secondary\normalized\pituitary\pituitary_tumor_p (741).jpg
pituitary,F:\brain tumor detection\data\raw\secondary\normalized\pituitary\pituitary_tumor_p (742).jpg
pituitary,F:\brain tumor detection\data\raw\secondary\normalized\pituitary\pituitary_tumor_p (743).jpg
pituitary,F:\brain tumor detection\data\raw\secondary\normalized\pituitary\pituitary_tumor_p (744).jpg
pituitary,F:\brain tumor detection\data\raw\secondary\normalized\pituitary\pituitary_tumor_p (745).jpg
pituitary,F:\brain tumor detection\data\raw\secondary\normalized\pituitary\pituitary_tumor_p (746).jpg
pituitary,F:\brain tumor detection\data\raw\secondary\normalized\pituitary\pituitary_tumor_p (747).jpg
pituitary,F:\brain tumor detection\data\raw\secondary\normalized\pituitary\pituitary_tumor_p (748).jpg
pituitary,F:\brain tumor detection\data\raw\secondary\normalized\pituitary\pituitary_tumor_p (749).jpg
pituitary,F:\brain tumor detection\data\raw\secondary\normalized\pituitary\pituitary_tumor_p (75).jpg
pituitary,F:\brain tumor detection\data\raw\secondary\normalized\pituitary\pituitary_tumor_p (750).jpg
pituitary,F:\brain tumor detection\data\raw\secondary\normalized\pituitary\pituitary_tumor_p (751).jpg
pituitary,F:\brain tumor detection\data\raw\secondary\normalized\pituitary\pituitary_tumor_p (752).jpg
pituitary,F:\brain tumor detection\data\raw\secondary\normalized\pituitary\pituitary_tumor_p (753).jpg
pituitary,F:\brain tumor detection\data\raw\secondary\normalized\pituitary\pituitary_tumor_p (754).jpg
pituitary,F:\brain tumor detection\data\raw\secondary\normalized\pituitary\pituitary_tumor_p (755).jpg
pituitary,F:\brain tumor detection\data\raw\secondary\normalized\pituitary\pituitary_tumor_p (756).jpg
pituitary,F:\brain tumor detection\data\raw\secondary\normalized\pituitary\pituitary_tumor_p (757).jpg
pituitary,F:\brain tumor detection\data\raw\secondary\normalized\pituitary\pituitary_tumor_p (758).jpg
pituitary,F:\brain tumor detection\data\raw\secondary\normalized\pituitary\pituitary_tumor_p (759).jpg
pituitary,F:\brain tumor detection\data\raw\secondary\normalized\pituitary\pituitary_tumor_p (76).jpg
pituitary,F:\brain tumor detection\data\raw\secondary\normalized\pituitary\pituitary_tumor_p (760).jpg
pituitary,F:\brain tumor detection\data\raw\secondary\normalized\pituitary\pituitary_tumor_p (761).jpg
pituitary,F:\brain tumor detection\data\raw\secondary\normalized\pituitary\pituitary_tumor_p (762).jpg
pituitary,F:\brain tumor detection\data\raw\secondary\normalized\pituitary\pituitary_tumor_p (763).jpg
pituitary,F:\brain tumor detection\data\raw\secondary\normalized\pituitary\pituitary_tumor_p (764).jpg
pituitary,F:\brain tumor detection\data\raw\secondary\normalized\pituitary\pituitary_tumor_p (765).jpg
pituitary,F:\brain tumor detection\data\raw\secondary\normalized\pituitary\pituitary_tumor_p (766).jpg
pituitary,F:\brain tumor detection\data\raw\secondary\normalized\pituitary\pituitary_tumor_p (767).jpg
pituitary,F:\brain tumor detection\data\raw\secondary\normalized\pituitary\pituitary_tumor_p (768).jpg
pituitary,F:\brain tumor detection\data\raw\secondary\normalized\pituitary\pituitary_tumor_p (769).jpg
pituitary,F:\brain tumor detection\data\raw\secondary\normalized\pituitary\pituitary_tumor_p (77).jpg
pituitary,F:\brain tumor detection\data\raw\secondary\normalized\pituitary\pituitary_tumor_p (770).jpg
pituitary,F:\brain tumor detection\data\raw\secondary\normalized\pituitary\pituitary_tumor_p (771).jpg
pituitary,F:\brain tumor detection\data\raw\secondary\normalized\pituitary\pituitary_tumor_p (772).jpg
pituitary,F:\brain tumor detection\data\raw\secondary\normalized\pituitary\pituitary_tumor_p (773).jpg
pituitary,F:\brain tumor detection\data\raw\secondary\normalized\pituitary\pituitary_tumor_p (774).jpg
pituitary,F:\brain tumor detection\data\raw\secondary\normalized\pituitary\pituitary_tumor_p (775).jpg
pituitary,F:\brain tumor detection\data\raw\secondary\normalized\pituitary\pituitary_tumor_p (776).jpg
pituitary,F:\brain tumor detection\data\raw\secondary\normalized\pituitary\pituitary_tumor_p (777).jpg
pituitary,F:\brain tumor detection\data\raw\secondary\normalized\pituitary\pituitary_tumor_p (778).jpg
pituitary,F:\brain tumor detection\data\raw\secondary\normalized\pituitary\pituitary_tumor_p (779).jpg
pituitary,F:\brain tumor detection\data\raw\secondary\normalized\pituitary\pituitary_tumor_p (78).jpg
pituitary,F:\brain tumor detection\data\raw\secondary\normalized\pituitary\pituitary_tumor_p (780).jpg
pituitary,F:\brain tumor detection\data\raw\secondary\normalized\pituitary\pituitary_tumor_p (781).jpg
pituitary,F:\brain tumor detection\data\raw\secondary\normalized\pituitary\pituitary_tumor_p (782).jpg
pituitary,F:\brain tumor detection\data\raw\secondary\normalized\pituitary\pituitary_tumor_p (783).jpg
pituitary,F:\brain tumor detection\data\raw\secondary\normalized\pituitary\pituitary_tumor_p (784).jpg
pituitary,F:\brain tumor detection\data\raw\secondary\normalized\pituitary\pituitary_tumor_p (785).jpg
pituitary,F:\brain tumor detection\data\raw\secondary\normalized\pituitary\pituitary_tumor_p (786).jpg
pituitary,F:\brain tumor detection\data\raw\secondary\normalized\pituitary\pituitary_tumor_p (787).jpg
pituitary,F:\brain tumor detection\data\raw\secondary\normalized\pituitary\pituitary_tumor_p (788).jpg
pituitary,F:\brain tumor detection\data\raw\secondary\normalized\pituitary\pituitary_tumor_p (789).jpg
pituitary,F:\brain tumor detection\data\raw\secondary\normalized\pituitary\pituitary_tumor_p (79).jpg
pituitary,F:\brain tumor detection\data\raw\secondary\normalized\pituitary\pituitary_tumor_p (790).jpg
pituitary,F:\brain tumor detection\data\raw\secondary\normalized\pituitary\pituitary_tumor_p (791).jpg
pituitary,F:\brain tumor detection\data\raw\secondary\normalized\pituitary\pituitary_tumor_p (792).jpg
pituitary,F:\brain tumor detection\data\raw\secondary\normalized\pituitary\pituitary_tumor_p (793).jpg
pituitary,F:\brain tumor detection\data\raw\secondary\normalized\pituitary\pituitary_tumor_p (794).jpg
pituitary,F:\brain tumor detection\data\raw\secondary\normalized\pituitary\pituitary_tumor_p (795).jpg
pituitary,F:\brain tumor detection\data\raw\secondary\normalized\pituitary\pituitary_tumor_p (796).jpg
pituitary,F:\brain tumor detection\data\raw\secondary\normalized\pituitary\pituitary_tumor_p (797).jpg
pituitary,F:\brain tumor detection\data\raw\secondary\normalized\pituitary\pituitary_tumor_p (798).jpg
pituitary,F:\brain tumor detection\data\raw\secondary\normalized\pituitary\pituitary_tumor_p (799).jpg
pituitary,F:\brain tumor detection\data\raw\secondary\normalized\pituitary\pituitary_tumor_p (8).jpg
pituitary,F:\brain tumor detection\data\raw\secondary\normalized\pituitary\pituitary_tumor_p (80).jpg
pituitary,F:\brain tumor detection\data\raw\secondary\normalized\pituitary\pituitary_tumor_p (800).jpg
pituitary,F:\brain tumor detection\data\raw\secondary\normalized\pituitary\pituitary_tumor_p (801).jpg
pituitary,F:\brain tumor detection\data\raw\secondary\normalized\pituitary\pituitary_tumor_p (802).jpg
pituitary,F:\brain tumor detection\data\raw\secondary\normalized\pituitary\pituitary_tumor_p (803).jpg
pituitary,F:\brain tumor detection\data\raw\secondary\normalized\pituitary\pituitary_tumor_p (804).jpg
pituitary,F:\brain tumor detection\data\raw\secondary\normalized\pituitary\pituitary_tumor_p (805).jpg
pituitary,F:\brain tumor detection\data\raw\secondary\normalized\pituitary\pituitary_tumor_p (806).jpg
pituitary,F:\brain tumor detection\data\raw\secondary\normalized\pituitary\pituitary_tumor_p (807).jpg
pituitary,F:\brain tumor detection\data\raw\secondary\normalized\pituitary\pituitary_tumor_p (808).jpg
pituitary,F:\brain tumor detection\data\raw\secondary\normalized\pituitary\pituitary_tumor_p (809).jpg
pituitary,F:\brain tumor detection\data\raw\secondary\normalized\pituitary\pituitary_tumor_p (81).jpg
pituitary,F:\brain tumor detection\data\raw\secondary\normalized\pituitary\pituitary_tumor_p (810).jpg
pituitary,F:\brain tumor detection\data\raw\secondary\normalized\pituitary\pituitary_tumor_p (811).jpg
pituitary,F:\brain tumor detection\data\raw\secondary\normalized\pituitary\pituitary_tumor_p (812).jpg
pituitary,F:\brain tumor detection\data\raw\secondary\normalized\pituitary\pituitary_tumor_p (813).jpg
pituitary,F:\brain tumor detection\data\raw\secondary\normalized\pituitary\pituitary_tumor_p (814).jpg
pituitary,F:\brain tumor detection\data\raw\secondary\normalized\pituitary\pituitary_tumor_p (815).jpg
pituitary,F:\brain tumor detection\data\raw\secondary\normalized\pituitary\pituitary_tumor_p (816).jpg
pituitary,F:\brain tumor detection\data\raw\secondary\normalized\pituitary\pituitary_tumor_p (817).jpg
pituitary,F:\brain tumor detection\data\raw\secondary\normalized\pituitary\pituitary_tumor_p (818).jpg
pituitary,F:\brain tumor detection\data\raw\secondary\normalized\pituitary\pituitary_tumor_p (819).jpg
pituitary,F:\brain tumor detection\data\raw\secondary\normalized\pituitary\pituitary_tumor_p (82).jpg
pituitary,F:\brain tumor detection\data\raw\secondary\normalized\pituitary\pituitary_tumor_p (820).jpg
pituitary,F:\brain tumor detection\data\raw\secondary\normalized\pituitary\pituitary_tumor_p (821).jpg
pituitary,F:\brain tumor detection\data\raw\secondary\normalized\pituitary\pituitary_tumor_p (822).jpg
pituitary,F:\brain tumor detection\data\raw\secondary\normalized\pituitary\pituitary_tumor_p (823).jpg
pituitary,F:\brain tumor detection\data\raw\secondary\normalized\pituitary\pituitary_tumor_p (824).jpg
pituitary,F:\brain tumor detection\data\raw\secondary\normalized\pituitary\pituitary_tumor_p (825).jpg
pituitary,F:\brain tumor detection\data\raw\secondary\normalized\pituitary\pituitary_tumor_p (826).jpg
pituitary,F:\brain tumor detection\data\raw\secondary\normalized\pituitary\pituitary_tumor_p (827).jpg
pituitary,F:\brain tumor detection\data\raw\secondary\normalized\pituitary\pituitary_tumor_p (83).jpg
pituitary,F:\brain tumor detection\data\raw\secondary\normalized\pituitary\pituitary_tumor_p (84).jpg
pituitary,F:\brain tumor detection\data\raw\secondary\normalized\pituitary\pituitary_tumor_p (85).jpg
pituitary,F:\brain tumor detection\data\raw\secondary\normalized\pituitary\pituitary_tumor_p (86).jpg
pituitary,F:\brain tumor detection\data\raw\secondary\normalized\pituitary\pituitary_tumor_p (87).jpg
pituitary,F:\brain tumor detection\data\raw\secondary\normalized\pituitary\pituitary_tumor_p (88).jpg
pituitary,F:\brain tumor detection\data\raw\secondary\normalized\pituitary\pituitary_tumor_p (89).jpg
pituitary,F:\brain tumor detection\data\raw\secondary\normalized\pituitary\pituitary_tumor_p (9).jpg
pituitary,F:\brain tumor detection\data\raw\secondary\normalized\pituitary\pituitary_tumor_p (90).jpg
pituitary,F:\brain tumor detection\data\raw\secondary\normalized\pituitary\pituitary_tumor_p (91).jpg
pituitary,F:\brain tumor detection\data\raw\secondary\normalized\pituitary\pituitary_tumor_p (92).jpg
pituitary,F:\brain tumor detection\data\raw\secondary\normalized\pituitary\pituitary_tumor_p (93).jpg
pituitary,F:\brain tumor detection\data\raw\secondary\normalized\pituitary\pituitary_tumor_p (94).jpg
pituitary,F:\brain tumor detection\data\raw\secondary\normalized\pituitary\pituitary_tumor_p (95).jpg
pituitary,F:\brain tumor detection\data\raw\secondary\normalized\pituitary\pituitary_tumor_p (96).jpg
pituitary,F:\brain tumor detection\data\raw\secondary\normalized\pituitary\pituitary_tumor_p (97).jpg
pituitary,F:\brain tumor detection\data\raw\secondary\normalized\pituitary\pituitary_tumor_p (98).jpg
pituitary,F:\brain tumor detection\data\raw\secondary\normalized\pituitary\pituitary_tumor_p (99).jpg
